[[  0.   0.   0.   0.   0.]
 [  1.   1.   4.   1.  -1.]
 [  2.   1.   4.   1.  -1.]
 ...
 [320.   1.   4.   1.  -1.]
 [321.   1.   4.   1.  -1.]
 [322.   1.   4.   1.  -1.]]
[[0. 0. 0. 0. 0. 0. 0. 0. 1. 0.]
 [0. 0. 0. 0. 0. 1. 0. 0. 0. 0.]
 [0. 0. 0. 0. 0. 1. 0. 0. 0. 0.]
 [0. 0. 0. 0. 0. 0. 1. 0. 0. 0.]
 [0. 0. 0. 0. 0. 0. 1. 0. 0. 0.]
 [0. 0. 0. 0. 0. 0. 0. 1. 0. 0.]
 [0. 0. 0. 0. 0. 0. 0. 1. 0. 0.]
 [0. 0. 0. 0. 0. 0. 0. 0. 1. 0.]
 [0. 0. 0. 0. 0. 0. 0. 0. 0. 1.]
 [0. 0. 0. 0. 0. 0. 0. 0. 0. 0.]]
313
[[0. 0. 0. ... 0. 0. 0.]
 [0. 0. 0. ... 0. 0. 0.]
 [0. 0. 0. ... 0. 0. 0.]
 ...
 [0. 0. 0. ... 0. 0. 0.]
 [0. 0. 0. ... 0. 0. 0.]
 [0. 0. 0. ... 0. 0. 0.]]
313
313
initliazing nodes and edges...
Mask initialization completed successfully
313
initliazing nodes and edges...
Mask initialization completed successfully
313
Mask initialization completed successfully
backpropagate value is [331.17264]
backpropagate value is [96.98722]
backpropagate value is [183.85522]
backpropagate value is [242.60078]
backpropagate value is [167.7313]
backpropagate value is [219.29622]
backpropagate value is [171.98627]
backpropagate value is [187.71881]
backpropagate value is [135.24692]
backpropagate value is [138.56645]
cur move is 645
get route actions 0
mapping state True
route mask 0
WARNING: the state has no route legal actions
backpropagate value is -50
backpropagate value is -50
backpropagate value is -50
backpropagate value is -50
backpropagate value is -50
backpropagate value is -50
backpropagate value is -50
backpropagate value is -50
backpropagate value is -50
backpropagate value is -50
cur move is 1294
get route actions 0
mapping state True
route mask 0
WARNING: the state has no route legal actions
backpropagate value is -50
backpropagate value is -50
backpropagate value is -50
backpropagate value is -50
backpropagate value is -50
backpropagate value is -50
backpropagate value is -50
backpropagate value is -50
backpropagate value is -50
backpropagate value is -50
cur move is 84
get route actions 0
mapping state True
route mask 0
WARNING: the state has no route legal actions
backpropagate value is -50
backpropagate value is -50
backpropagate value is -50
backpropagate value is -50
backpropagate value is -50
backpropagate value is -50
backpropagate value is -50
backpropagate value is -50
backpropagate value is -50
backpropagate value is -50
cur move is 953
get route actions 0
mapping state True
route mask 0
WARNING: the state has no route legal actions
backpropagate value is -50
backpropagate value is -50
training...        ━━━━                                      10% -:--:--
collecting data... ━━━━                                      10% -:--:--

quit
[[  0.   0.   0.   0.   0.]
 [  1.   1.   4.   1.  -1.]
 [  2.   1.   4.   1.  -1.]
 ...
 [320.   1.   4.   1.  -1.]
 [321.   1.   4.   1.  -1.]
 [322.   1.   4.   1.  -1.]]
[[0. 0. 0. 0. 0. 0. 0. 0. 1. 0.]
 [0. 0. 0. 0. 0. 1. 0. 0. 0. 0.]
 [0. 0. 0. 0. 0. 1. 0. 0. 0. 0.]
 [0. 0. 0. 0. 0. 0. 1. 0. 0. 0.]
 [0. 0. 0. 0. 0. 0. 1. 0. 0. 0.]
 [0. 0. 0. 0. 0. 0. 0. 1. 0. 0.]
 [0. 0. 0. 0. 0. 0. 0. 1. 0. 0.]
 [0. 0. 0. 0. 0. 0. 0. 0. 1. 0.]
 [0. 0. 0. 0. 0. 0. 0. 0. 0. 1.]
 [0. 0. 0. 0. 0. 0. 0. 0. 0. 0.]]
313
[[0. 0. 0. ... 0. 0. 0.]
 [0. 0. 0. ... 0. 0. 0.]
 [0. 0. 0. ... 0. 0. 0.]
 ...
 [0. 0. 0. ... 0. 0. 0.]
 [0. 0. 0. ... 0. 0. 0.]
 [0. 0. 0. ... 0. 0. 0.]]
313
313
initliazing nodes and edges...
Mask initialization completed successfully
313
initliazing nodes and edges...
Mask initialization completed successfully
313
Mask initialization completed successfully
WARNING: the state has no route legal actions
WARNING: the state has no route legal actions
WARNING: the state has no route legal actions
WARNING: the state has no route legal actions
WARNING: the state has no route legal actions
the mapping is success
collect data... | current latency: -134
313
Mask initialization completed successfully
WARNING: the state has no route legal actions
WARNING: the state has no route legal actions
WARNING: the state has no route legal actions
training...        ━━━━                                      10% -:--:--
collecting data... ━━━━━━━━                                  20% -:--:--

quit
[[  0.   0.   0.   0.   0.]
 [  1.   1.   4.   1.  -1.]
 [  2.   1.   4.   1.  -1.]
 ...
 [320.   1.   4.   1.  -1.]
 [321.   1.   4.   1.  -1.]
 [322.   1.   4.   1.  -1.]]
[[0. 0. 0. 0. 0. 0. 0. 0. 1. 0.]
 [0. 0. 0. 0. 0. 1. 0. 0. 0. 0.]
 [0. 0. 0. 0. 0. 1. 0. 0. 0. 0.]
 [0. 0. 0. 0. 0. 0. 1. 0. 0. 0.]
 [0. 0. 0. 0. 0. 0. 1. 0. 0. 0.]
 [0. 0. 0. 0. 0. 0. 0. 1. 0. 0.]
 [0. 0. 0. 0. 0. 0. 0. 1. 0. 0.]
 [0. 0. 0. 0. 0. 0. 0. 0. 1. 0.]
 [0. 0. 0. 0. 0. 0. 0. 0. 0. 1.]
 [0. 0. 0. 0. 0. 0. 0. 0. 0. 0.]]
313
[[0. 0. 0. ... 0. 0. 0.]
 [0. 0. 0. ... 0. 0. 0.]
 [0. 0. 0. ... 0. 0. 0.]
 ...
 [0. 0. 0. ... 0. 0. 0.]
 [0. 0. 0. ... 0. 0. 0.]
 [0. 0. 0. ... 0. 0. 0.]]
313
313
initliazing nodes and edges...
Mask initialization completed successfully
313
initliazing nodes and edges...
Mask initialization completed successfully
313
Mask initialization completed successfully
WARNING: the state has no route legal actions
WARNING: the state has no route legal actions
WARNING: the state has no route legal actions
WARNING: the state has no route legal actions
WARNING: the state has no route legal actions
the mapping is success
collect data... | current latency: -234
313
Mask initialization completed successfully
WARNING: the state has no route legal actions
WARNING: the state has no route legal actions
WARNING: the state has no route legal actions
collect data... | current latency: -87
313
Mask initialization completed successfully
WARNING: the state has no route legal actions
WARNING: the state has no route legal actions
WARNING: the state has no route legal actions
cur move is -1
collect data... | current latency: -541
313
Mask initialization completed successfully
WARNING: the state has no route legal actions
WARNING: the state has no route legal actions
WARNING: the state has no route legal actions
WARNING: the state has no route legal actions
WARNING: the state has no route legal actions
collect data... | current latency: -97
313
Mask initialization completed successfully
WARNING: the state has no route legal actions
WARNING: the state has no route legal actions
WARNING: the state has no route legal actions
WARNING: the state has no route legal actions
cur move is -1
collect data... | current latency: -2000
313
Mask initialization completed successfully
WARNING: the state has no route legal actions
WARNING: the state has no route legal actions
WARNING: the state has no route legal actions
WARNING: the state has no route legal actions
WARNING: the state has no route legal actions
the mapping is success
collect data... | current latency: -157
313
Mask initialization completed successfully
WARNING: the state has no route legal actions
WARNING: the state has no route legal actions
WARNING: the state has no route legal actions
WARNING: the state has no route legal actions
WARNING: the state has no route legal actions
the mapping is success
collect data... | current latency: -198
313
Mask initialization completed successfully
WARNING: the state has no route legal actions
WARNING: the state has no route legal actions
WARNING: the state has no route legal actions
WARNING: the state has no route legal actions
WARNING: the state has no route legal actions
the mapping is success
collect data... | current latency: -113
313
Mask initialization completed successfully
WARNING: the state has no route legal actions
WARNING: the state has no route legal actions
WARNING: the state has no route legal actions
collect data... | current latency: -85
313
Mask initialization completed successfully
WARNING: the state has no route legal actions
WARNING: the state has no route legal actions
WARNING: the state has no route legal actions
WARNING: the state has no route legal actions
WARNING: the state has no route legal actions
cur move is -1
collect data... | current latency: -1528
value loss is 20279.3671875, policy loss is 0.2887427508831024
value loss is 9988.791015625, policy loss is 0.2854154407978058
value loss is 4742.95361328125, policy loss is 0.28572019934654236
value loss is 2795.61474609375, policy loss is 0.2852596342563629
value loss is 3236.17626953125, policy loss is 0.2840050160884857
value loss is 3337.95068359375, policy loss is 0.2818150818347931
value loss is 4613.48876953125, policy loss is 0.2811042368412018
value loss is 5170.541015625, policy loss is 0.2806914448738098
value loss is 3831.829345703125, policy loss is 0.28013041615486145
value loss is 3481.682373046875, policy loss is 0.2796396315097809
value loss is 3994.69921875, policy loss is 0.2791009843349457
value loss is 3805.368408203125, policy loss is 0.2794928252696991
value loss is 4860.853515625, policy loss is 0.2787414789199829
value loss is 3442.953369140625, policy loss is 0.27843809127807617
value loss is 3703.07373046875, policy loss is 0.27788105607032776
value loss is 3265.412353515625, policy loss is 0.27763640880584717
value loss is 3206.21533203125, policy loss is 0.27700382471084595
value loss is 3364.17529296875, policy loss is 0.2768823206424713
value loss is 3264.112060546875, policy loss is 0.2763453722000122
value loss is 3444.25146484375, policy loss is 0.27618780732154846
kl:0.00003,lr_multiplier:1.500,loss:3444.527587890625,entropy:1.7707589864730835,explained_var_old:-0.227,explained_var_new:-0.489
current batch: 1
313
Mask initialization completed successfully
WARNING: the state has no route legal actions
WARNING: the state has no route legal actions
WARNING: the state has no route legal actions
WARNING: the state has no route legal actions
WARNING: the state has no route legal actions
the mapping is success
current latency: 128.0
313
Mask initialization completed successfully
WARNING: the state has no route legal actions
WARNING: the state has no route legal actions
WARNING: the state has no route legal actions
WARNING: the state has no route legal actions
WARNING: the state has no route legal actions
the mapping is success
collect data... | current latency: -128
313
Mask initialization completed successfully
WARNING: the state has no route legal actions
WARNING: the state has no route legal actions
WARNING: the state has no route legal actions
WARNING: the state has no route legal actions
WARNING: the state has no route legal actions
the mapping is success
collect data... | current latency: -184
313
Mask initialization completed successfully
WARNING: the state has no route legal actions
WARNING: the state has no route legal actions
WARNING: the state has no route legal actions
WARNING: the state has no route legal actions
WARNING: the state has no route legal actions
the mapping is success
collect data... | current latency: -153
313
Mask initialization completed successfully
WARNING: the state has no route legal actions
WARNING: the state has no route legal actions
WARNING: the state has no route legal actions
WARNING: the state has no route legal actions
WARNING: the state has no route legal actions
the mapping is success
collect data... | current latency: -136
313
Mask initialization completed successfully
WARNING: the state has no route legal actions
WARNING: the state has no route legal actions
WARNING: the state has no route legal actions
WARNING: the state has no route legal actions
WARNING: the state has no route legal actions
the mapping is success
collect data... | current latency: -171
313
Mask initialization completed successfully
WARNING: the state has no route legal actions
WARNING: the state has no route legal actions
WARNING: the state has no route legal actions
WARNING: the state has no route legal actions
WARNING: the state has no route legal actions
collect data... | current latency: -96
313
Mask initialization completed successfully
WARNING: the state has no route legal actions
WARNING: the state has no route legal actions
cur move is -1
collect data... | current latency: -1000
313
Mask initialization completed successfully
WARNING: the state has no route legal actions
WARNING: the state has no route legal actions
WARNING: the state has no route legal actions
WARNING: the state has no route legal actions
WARNING: the state has no route legal actions
the mapping is success
collect data... | current latency: -140
313
Mask initialization completed successfully
WARNING: the state has no route legal actions
WARNING: the state has no route legal actions
WARNING: the state has no route legal actions
WARNING: the state has no route legal actions
WARNING: the state has no route legal actions
the mapping is success
collect data... | current latency: -127
313
Mask initialization completed successfully
WARNING: the state has no route legal actions
WARNING: the state has no route legal actions
WARNING: the state has no route legal actions
WARNING: the state has no route legal actions
collect data... | current latency: -50
value loss is 4311.1025390625, policy loss is 0.28524839878082275
value loss is 3543.72216796875, policy loss is 0.28418681025505066
value loss is 3340.181640625, policy loss is 0.2839054763317108
value loss is 4217.56201171875, policy loss is 0.28266972303390503
value loss is 4535.1328125, policy loss is 0.28139927983283997
value loss is 4087.802734375, policy loss is 0.2792283892631531
value loss is 3904.3984375, policy loss is 0.2779413163661957
value loss is 3481.16015625, policy loss is 0.2749222218990326
value loss is 3778.929931640625, policy loss is 0.27051636576652527
value loss is 3561.839599609375, policy loss is 0.26702284812927246
value loss is 3650.873291015625, policy loss is 0.2622266709804535
value loss is 3390.71728515625, policy loss is 0.2586800754070282
value loss is 3668.614501953125, policy loss is 0.2495834082365036
value loss is 4151.8408203125, policy loss is 0.24699607491493225
value loss is 3731.615234375, policy loss is 0.2352675497531891
value loss is 4086.316650390625, policy loss is 0.22564157843589783
value loss is 3657.330322265625, policy loss is 0.21627923846244812
value loss is 3566.61474609375, policy loss is 0.2019910365343094
value loss is 4140.4111328125, policy loss is 0.18791218101978302
value loss is 3531.165771484375, policy loss is 0.17553655803203583
kl:0.00000,lr_multiplier:2.250,loss:3531.34130859375,entropy:2.231978416442871,explained_var_old:-0.135,explained_var_new:0.013
current batch: 2
313
Mask initialization completed successfully
WARNING: the state has no route legal actions
WARNING: the state has no route legal actions
WARNING: the state has no route legal actions
WARNING: the state has no route legal actions
WARNING: the state has no route legal actions
current latency: 186.0
313
Mask initialization completed successfully
WARNING: the state has no route legal actions
WARNING: the state has no route legal actions
WARNING: the state has no route legal actions
WARNING: the state has no route legal actions
WARNING: the state has no route legal actions
cur move is -1
collect data... | current latency: -2004
313
Mask initialization completed successfully
WARNING: the state has no route legal actions
WARNING: the state has no route legal actions
WARNING: the state has no route legal actions
WARNING: the state has no route legal actions
WARNING: the state has no route legal actions
the mapping is success
collect data... | current latency: -171
313
Mask initialization completed successfully
WARNING: the state has no route legal actions
WARNING: the state has no route legal actions
WARNING: the state has no route legal actions
WARNING: the state has no route legal actions
WARNING: the state has no route legal actions
collect data... | current latency: -154
313
Mask initialization completed successfully
WARNING: the state has no route legal actions
WARNING: the state has no route legal actions
WARNING: the state has no route legal actions
WARNING: the state has no route legal actions
WARNING: the state has no route legal actions
collect data... | current latency: -52
313
Mask initialization completed successfully
WARNING: the state has no route legal actions
WARNING: the state has no route legal actions
cur move is -1
collect data... | current latency: -1000
313
Mask initialization completed successfully
WARNING: the state has no route legal actions
WARNING: the state has no route legal actions
WARNING: the state has no route legal actions
WARNING: the state has no route legal actions
WARNING: the state has no route legal actions
collect data... | current latency: -205
313
Mask initialization completed successfully
WARNING: the state has no route legal actions
cur move is -1
collect data... | current latency: -500
313
Mask initialization completed successfully
WARNING: the state has no route legal actions
WARNING: the state has no route legal actions
WARNING: the state has no route legal actions
WARNING: the state has no route legal actions
WARNING: the state has no route legal actions
the mapping is success
collect data... | current latency: -112
313
Mask initialization completed successfully
WARNING: the state has no route legal actions
WARNING: the state has no route legal actions
WARNING: the state has no route legal actions
WARNING: the state has no route legal actions
WARNING: the state has no route legal actions
the mapping is success
collect data... | current latency: -180
313
Mask initialization completed successfully
WARNING: the state has no route legal actions
WARNING: the state has no route legal actions
WARNING: the state has no route legal actions
WARNING: the state has no route legal actions
WARNING: the state has no route legal actions
collect data... | current latency: -163
value loss is 2008.03076171875, policy loss is 0.14800094068050385
value loss is 2437.816650390625, policy loss is 0.11692453920841217
value loss is 1915.486328125, policy loss is 0.07297015190124512
value loss is 2283.032470703125, policy loss is 0.04829443618655205
value loss is 2375.4482421875, policy loss is 0.03949141502380371
value loss is 2891.974853515625, policy loss is 0.04584655538201332
value loss is 2493.00146484375, policy loss is 0.03961070999503136
value loss is 2925.04345703125, policy loss is 0.025862373411655426
value loss is 2757.650634765625, policy loss is 0.038141507655382156
value loss is 2387.480224609375, policy loss is 0.03719775751233101
value loss is 2358.352294921875, policy loss is 0.03917604312300682
value loss is 1946.4693603515625, policy loss is 0.03760077431797981
value loss is 1701.483642578125, policy loss is 0.0517151914536953
value loss is 2208.128173828125, policy loss is 0.04514339566230774
value loss is 2777.112548828125, policy loss is 0.044121284037828445
value loss is 2660.11474609375, policy loss is 0.03717639297246933
value loss is 1900.2437744140625, policy loss is 0.037898000329732895
value loss is 2584.026611328125, policy loss is 0.03412116691470146
value loss is 2285.4619140625, policy loss is 0.0321502648293972
value loss is 2183.3994140625, policy loss is 0.027117567136883736
kl:0.00001,lr_multiplier:3.375,loss:2183.426513671875,entropy:0.18033748865127563,explained_var_old:0.049,explained_var_new:-0.121
current batch: 3
313
Mask initialization completed successfully
WARNING: the state has no route legal actions
WARNING: the state has no route legal actions
WARNING: the state has no route legal actions
WARNING: the state has no route legal actions
WARNING: the state has no route legal actions
current latency: 53.0
313
Mask initialization completed successfully
WARNING: the state has no route legal actions
WARNING: the state has no route legal actions
WARNING: the state has no route legal actions
WARNING: the state has no route legal actions
WARNING: the state has no route legal actions
the mapping is success
collect data... | current latency: -222
313
Mask initialization completed successfully
WARNING: the state has no route legal actions
WARNING: the state has no route legal actions
WARNING: the state has no route legal actions
WARNING: the state has no route legal actions
WARNING: the state has no route legal actions
collect data... | current latency: -162
313
Mask initialization completed successfully
WARNING: the state has no route legal actions
cur move is -1
collect data... | current latency: -500
313
Mask initialization completed successfully
WARNING: the state has no route legal actions
WARNING: the state has no route legal actions
WARNING: the state has no route legal actions
WARNING: the state has no route legal actions
WARNING: the state has no route legal actions
collect data... | current latency: -188
313
Mask initialization completed successfully
WARNING: the state has no route legal actions
cur move is -1
collect data... | current latency: -500
313
Mask initialization completed successfully
WARNING: the state has no route legal actions
WARNING: the state has no route legal actions
WARNING: the state has no route legal actions
WARNING: the state has no route legal actions
WARNING: the state has no route legal actions
collect data... | current latency: -170
313
Mask initialization completed successfully
WARNING: the state has no route legal actions
WARNING: the state has no route legal actions
cur move is -1
collect data... | current latency: -1000
313
Mask initialization completed successfully
WARNING: the state has no route legal actions
WARNING: the state has no route legal actions
WARNING: the state has no route legal actions
WARNING: the state has no route legal actions
WARNING: the state has no route legal actions
collect data... | current latency: -205
313
Mask initialization completed successfully
WARNING: the state has no route legal actions
cur move is -1
collect data... | current latency: -500
313
Mask initialization completed successfully
WARNING: the state has no route legal actions
WARNING: the state has no route legal actions
WARNING: the state has no route legal actions
WARNING: the state has no route legal actions
WARNING: the state has no route legal actions
collect data... | current latency: -120
value loss is 1622.09326171875, policy loss is 0.016171615570783615
value loss is 1704.10205078125, policy loss is 0.011490984819829464
value loss is 1248.96435546875, policy loss is 0.01712740957736969
value loss is 1132.6298828125, policy loss is 0.014357894659042358
value loss is 2134.509521484375, policy loss is 0.01413025613874197
value loss is 2177.4365234375, policy loss is 0.01024019904434681
value loss is 1470.183837890625, policy loss is 0.009188627824187279
value loss is 1195.4354248046875, policy loss is 0.009771272540092468
value loss is 1363.818603515625, policy loss is 0.01139689888805151
value loss is 1490.0108642578125, policy loss is 0.011758778244256973
value loss is 1434.616455078125, policy loss is 0.009631249122321606
value loss is 1276.903564453125, policy loss is 0.011290165595710278
value loss is 1173.008544921875, policy loss is 0.007858253084123135
value loss is 1078.25830078125, policy loss is 0.007805682253092527
value loss is 1036.7633056640625, policy loss is 0.004673640709370375
value loss is 1053.1121826171875, policy loss is 0.006991317495703697
value loss is 1288.6126708984375, policy loss is 0.005196898244321346
value loss is 1474.20361328125, policy loss is 0.005452312529087067
value loss is 750.7984008789062, policy loss is 0.005541461519896984
value loss is 1490.479248046875, policy loss is 0.0033266074024140835
kl:0.00003,lr_multiplier:5.062,loss:1490.4825439453125,entropy:0.035629354417324066,explained_var_old:0.062,explained_var_new:0.026
current batch: 4
313
Mask initialization completed successfully
WARNING: the state has no route legal actions
WARNING: the state has no route legal actions
WARNING: the state has no route legal actions
current latency: 89.0
313
Mask initialization completed successfully
WARNING: the state has no route legal actions
cur move is -1
collect data... | current latency: -500
313
Mask initialization completed successfully
WARNING: the state has no route legal actions
WARNING: the state has no route legal actions
WARNING: the state has no route legal actions
WARNING: the state has no route legal actions
WARNING: the state has no route legal actions
the mapping is success
collect data... | current latency: -119
313
Mask initialization completed successfully
WARNING: the state has no route legal actions
WARNING: the state has no route legal actions
WARNING: the state has no route legal actions
WARNING: the state has no route legal actions
WARNING: the state has no route legal actions
collect data... | current latency: -143
313
Mask initialization completed successfully
WARNING: the state has no route legal actions
WARNING: the state has no route legal actions
WARNING: the state has no route legal actions
WARNING: the state has no route legal actions
WARNING: the state has no route legal actions
the mapping is success
collect data... | current latency: -147
313
Mask initialization completed successfully
WARNING: the state has no route legal actions
WARNING: the state has no route legal actions
WARNING: the state has no route legal actions
WARNING: the state has no route legal actions
WARNING: the state has no route legal actions
the mapping is success
collect data... | current latency: -170
313
Mask initialization completed successfully
WARNING: the state has no route legal actions
WARNING: the state has no route legal actions
WARNING: the state has no route legal actions
WARNING: the state has no route legal actions
WARNING: the state has no route legal actions
collect data... | current latency: -142
313
Mask initialization completed successfully
WARNING: the state has no route legal actions
WARNING: the state has no route legal actions
WARNING: the state has no route legal actions
WARNING: the state has no route legal actions
WARNING: the state has no route legal actions
collect data... | current latency: -129
313
Mask initialization completed successfully
WARNING: the state has no route legal actions
WARNING: the state has no route legal actions
WARNING: the state has no route legal actions
cur move is -1
collect data... | current latency: -1500
313
Mask initialization completed successfully
WARNING: the state has no route legal actions
WARNING: the state has no route legal actions
WARNING: the state has no route legal actions
WARNING: the state has no route legal actions
WARNING: the state has no route legal actions
collect data... | current latency: -192
313
Mask initialization completed successfully
WARNING: the state has no route legal actions
cur move is -1
collect data... | current latency: -500
value loss is 1732.19384765625, policy loss is 0.03687608614563942
value loss is 902.6630249023438, policy loss is 0.0320119708776474
value loss is 1205.4677734375, policy loss is 0.03529840335249901
value loss is 1893.8209228515625, policy loss is 0.030913781374692917
value loss is 2166.96630859375, policy loss is 0.030521336942911148
value loss is 1181.7227783203125, policy loss is 0.029294919222593307
value loss is 920.3760375976562, policy loss is 0.02926625683903694
value loss is 1084.4029541015625, policy loss is 0.024246564134955406
value loss is 1337.4898681640625, policy loss is 0.017755234614014626
value loss is 1081.242431640625, policy loss is 0.021449822932481766
value loss is 1099.1474609375, policy loss is 0.017401278018951416
value loss is 1191.9967041015625, policy loss is 0.017136340960860252
value loss is 1159.6483154296875, policy loss is 0.023093611001968384
value loss is 1079.41162109375, policy loss is 0.02228495478630066
value loss is 1054.3756103515625, policy loss is 0.021022893488407135
value loss is 701.8876953125, policy loss is 0.021789496764540672
value loss is 950.3487548828125, policy loss is 0.02287645824253559
value loss is 1092.3807373046875, policy loss is 0.017096340656280518
value loss is 1370.3349609375, policy loss is 0.016530320048332214
value loss is 1219.2313232421875, policy loss is 0.015850083902478218
kl:0.00002,lr_multiplier:7.594,loss:1219.2471923828125,entropy:0.009529759176075459,explained_var_old:0.064,explained_var_new:0.236
current batch: 5
313
Mask initialization completed successfully
WARNING: the state has no route legal actions
WARNING: the state has no route legal actions
WARNING: the state has no route legal actions
WARNING: the state has no route legal actions
WARNING: the state has no route legal actions
the mapping is success
current latency: 177.0
313
Mask initialization completed successfully
WARNING: the state has no route legal actions
WARNING: the state has no route legal actions
WARNING: the state has no route legal actions
WARNING: the state has no route legal actions
WARNING: the state has no route legal actions
collect data... | current latency: -156
313
Mask initialization completed successfully
WARNING: the state has no route legal actions
cur move is -1
collect data... | current latency: -500
313
Mask initialization completed successfully
WARNING: the state has no route legal actions
WARNING: the state has no route legal actions
WARNING: the state has no route legal actions
WARNING: the state has no route legal actions
WARNING: the state has no route legal actions
the mapping is success
collect data... | current latency: -182
313
Mask initialization completed successfully
WARNING: the state has no route legal actions
WARNING: the state has no route legal actions
WARNING: the state has no route legal actions
WARNING: the state has no route legal actions
WARNING: the state has no route legal actions
collect data... | current latency: -148
313
Mask initialization completed successfully
WARNING: the state has no route legal actions
WARNING: the state has no route legal actions
WARNING: the state has no route legal actions
cur move is -1
collect data... | current latency: -1500
313
Mask initialization completed successfully
WARNING: the state has no route legal actions
WARNING: the state has no route legal actions
WARNING: the state has no route legal actions
collect data... | current latency: -140
313
Mask initialization completed successfully
WARNING: the state has no route legal actions
WARNING: the state has no route legal actions
WARNING: the state has no route legal actions
cur move is -1
collect data... | current latency: -560
313
Mask initialization completed successfully
WARNING: the state has no route legal actions
WARNING: the state has no route legal actions
WARNING: the state has no route legal actions
WARNING: the state has no route legal actions
WARNING: the state has no route legal actions
collect data... | current latency: -195
313
Mask initialization completed successfully
WARNING: the state has no route legal actions
cur move is -1
collect data... | current latency: -500
313
Mask initialization completed successfully
WARNING: the state has no route legal actions
WARNING: the state has no route legal actions
WARNING: the state has no route legal actions
collect data... | current latency: -117
value loss is 4461.837890625, policy loss is 0.016109872609376907
value loss is 2507.4052734375, policy loss is 0.02659454196691513
value loss is 2438.289306640625, policy loss is 0.0325208455324173
value loss is 2448.400634765625, policy loss is 0.017957868054509163
value loss is 2436.419921875, policy loss is 0.01568516716361046
value loss is 3278.884033203125, policy loss is 0.015205757692456245
value loss is 2068.119873046875, policy loss is 0.015380188822746277
value loss is 2165.993408203125, policy loss is 0.011472523212432861
value loss is 3223.1865234375, policy loss is 0.03345111384987831
value loss is 2183.833251953125, policy loss is 0.009078002534806728
value loss is 2093.37353515625, policy loss is 0.02451070211827755
value loss is 2972.50390625, policy loss is 0.017036082223057747
value loss is 2372.334716796875, policy loss is 0.024011308327317238
value loss is 1572.2708740234375, policy loss is 0.022113945335149765
value loss is 2583.115234375, policy loss is 0.024986257776618004
value loss is 3209.0078125, policy loss is 0.01834396831691265
value loss is 1855.404541015625, policy loss is 0.0218978114426136
value loss is 1803.9881591796875, policy loss is 0.01850481890141964
value loss is 2102.03857421875, policy loss is 0.02553064189851284
value loss is 1709.561279296875, policy loss is 0.034913722425699234
kl:0.00003,lr_multiplier:11.391,loss:1709.59619140625,entropy:6.316192298072565e-07,explained_var_old:-0.264,explained_var_new:-0.300
current batch: 6
313
Mask initialization completed successfully
WARNING: the state has no route legal actions
WARNING: the state has no route legal actions
WARNING: the state has no route legal actions
WARNING: the state has no route legal actions
current latency: 70.0
313
Mask initialization completed successfully
WARNING: the state has no route legal actions
WARNING: the state has no route legal actions
WARNING: the state has no route legal actions
cur move is -1
collect data... | current latency: -543
313
Mask initialization completed successfully
WARNING: the state has no route legal actions
WARNING: the state has no route legal actions
WARNING: the state has no route legal actions
WARNING: the state has no route legal actions
collect data... | current latency: -97
313
Mask initialization completed successfully
WARNING: the state has no route legal actions
WARNING: the state has no route legal actions
WARNING: the state has no route legal actions
WARNING: the state has no route legal actions
WARNING: the state has no route legal actions
cur move is -1
collect data... | current latency: -2004
313
Mask initialization completed successfully
WARNING: the state has no route legal actions
WARNING: the state has no route legal actions
WARNING: the state has no route legal actions
WARNING: the state has no route legal actions
WARNING: the state has no route legal actions
collect data... | current latency: -176
313
Mask initialization completed successfully
WARNING: the state has no route legal actions
WARNING: the state has no route legal actions
cur move is -1
collect data... | current latency: -1000
313
Mask initialization completed successfully
WARNING: the state has no route legal actions
WARNING: the state has no route legal actions
WARNING: the state has no route legal actions
WARNING: the state has no route legal actions
WARNING: the state has no route legal actions
collect data... | current latency: -201
313
Mask initialization completed successfully
WARNING: the state has no route legal actions
WARNING: the state has no route legal actions
cur move is -1
collect data... | current latency: -1000
313
Mask initialization completed successfully
WARNING: the state has no route legal actions
WARNING: the state has no route legal actions
WARNING: the state has no route legal actions
WARNING: the state has no route legal actions
WARNING: the state has no route legal actions
collect data... | current latency: -122
313
Mask initialization completed successfully
WARNING: the state has no route legal actions
WARNING: the state has no route legal actions
WARNING: the state has no route legal actions
cur move is -1
collect data... | current latency: -1500
313
Mask initialization completed successfully
WARNING: the state has no route legal actions
WARNING: the state has no route legal actions
WARNING: the state has no route legal actions
WARNING: the state has no route legal actions
WARNING: the state has no route legal actions
collect data... | current latency: -131
value loss is 4220.6484375, policy loss is 0.041775789111852646
value loss is 1441.2391357421875, policy loss is 0.027832137420773506
value loss is 2386.64013671875, policy loss is 0.03782054781913757
value loss is 1974.8006591796875, policy loss is 0.03924548253417015
value loss is 1620.630126953125, policy loss is 0.03887469321489334
value loss is 2349.091796875, policy loss is 0.0319347158074379
value loss is 1423.9954833984375, policy loss is 0.03027399629354477
value loss is 1750.357177734375, policy loss is 0.027788538485765457
value loss is 1231.7447509765625, policy loss is 0.03101160377264023
value loss is 1379.3070068359375, policy loss is 0.028431160375475883
value loss is 2173.258544921875, policy loss is 0.03125375509262085
value loss is 1447.0399169921875, policy loss is 0.03437452390789986
value loss is 1451.738037109375, policy loss is 0.03202330693602562
value loss is 1244.5545654296875, policy loss is 0.017862288281321526
value loss is 1651.0916748046875, policy loss is 0.014812088571488857
value loss is 1664.2310791015625, policy loss is 0.019911665469408035
value loss is 1188.8857421875, policy loss is 0.013392799533903599
value loss is 1524.6534423828125, policy loss is 0.013198879547417164
value loss is 1582.8646240234375, policy loss is 0.017524726688861847
value loss is 1565.20947265625, policy loss is 0.016433941200375557
kl:0.00003,lr_multiplier:11.391,loss:1565.2259521484375,entropy:0.26462849974632263,explained_var_old:-0.151,explained_var_new:0.334
current batch: 7
313
Mask initialization completed successfully
WARNING: the state has no route legal actions
WARNING: the state has no route legal actions
WARNING: the state has no route legal actions
current latency: 108.0
313
Mask initialization completed successfully
WARNING: the state has no route legal actions
cur move is -1
collect data... | current latency: -500
313
Mask initialization completed successfully
WARNING: the state has no route legal actions
WARNING: the state has no route legal actions
WARNING: the state has no route legal actions
collect data... | current latency: -80
313
Mask initialization completed successfully
WARNING: the state has no route legal actions
WARNING: the state has no route legal actions
WARNING: the state has no route legal actions
WARNING: the state has no route legal actions
WARNING: the state has no route legal actions
cur move is -1
collect data... | current latency: -1624
313
Mask initialization completed successfully
WARNING: the state has no route legal actions
WARNING: the state has no route legal actions
WARNING: the state has no route legal actions
collect data... | current latency: -168
313
Mask initialization completed successfully
WARNING: the state has no route legal actions
WARNING: the state has no route legal actions
WARNING: the state has no route legal actions
WARNING: the state has no route legal actions
WARNING: the state has no route legal actions
cur move is -1
collect data... | current latency: -1541
313
Mask initialization completed successfully
WARNING: the state has no route legal actions
WARNING: the state has no route legal actions
WARNING: the state has no route legal actions
collect data... | current latency: -165
313
Mask initialization completed successfully
WARNING: the state has no route legal actions
WARNING: the state has no route legal actions
WARNING: the state has no route legal actions
cur move is -1
collect data... | current latency: -588
313
Mask initialization completed successfully
WARNING: the state has no route legal actions
WARNING: the state has no route legal actions
WARNING: the state has no route legal actions
WARNING: the state has no route legal actions
WARNING: the state has no route legal actions
collect data... | current latency: -251
313
Mask initialization completed successfully
WARNING: the state has no route legal actions
cur move is -1
collect data... | current latency: -500
313
Mask initialization completed successfully
WARNING: the state has no route legal actions
WARNING: the state has no route legal actions
WARNING: the state has no route legal actions
collect data... | current latency: -49
value loss is 2287.838623046875, policy loss is 0.016586944460868835
value loss is 2332.171875, policy loss is 0.005873345769941807
value loss is 2717.390625, policy loss is 0.021663285791873932
value loss is 3134.876220703125, policy loss is 0.029475238174200058
value loss is 3095.0673828125, policy loss is 0.020327720791101456
value loss is 1916.1788330078125, policy loss is 0.03603217750787735
value loss is 1984.8701171875, policy loss is 0.03355051949620247
value loss is 2866.39306640625, policy loss is 0.0646013617515564
value loss is 1677.6121826171875, policy loss is 0.0490834005177021
value loss is 3494.3681640625, policy loss is 0.023157229647040367
value loss is 2413.330810546875, policy loss is 0.03308351710438728
value loss is 1697.469482421875, policy loss is 0.047154221683740616
value loss is 3651.914306640625, policy loss is 0.051167167723178864
value loss is 1638.3193359375, policy loss is 0.03332383558154106
value loss is 1753.6932373046875, policy loss is 0.02508660778403282
value loss is 2310.94970703125, policy loss is 0.03660840913653374
value loss is 1931.7791748046875, policy loss is 0.016048794612288475
value loss is 1763.982666015625, policy loss is 0.016108931973576546
value loss is 1806.6524658203125, policy loss is 0.02272331900894642
value loss is 1500.2811279296875, policy loss is 0.027977120131254196
kl:0.00003,lr_multiplier:11.391,loss:1500.30908203125,entropy:2.1684818484856826e-15,explained_var_old:-0.514,explained_var_new:-0.404
current batch: 8
313
Mask initialization completed successfully
WARNING: the state has no route legal actions
WARNING: the state has no route legal actions
WARNING: the state has no route legal actions
WARNING: the state has no route legal actions
WARNING: the state has no route legal actions
current latency: 169.0
313
Mask initialization completed successfully
WARNING: the state has no route legal actions
WARNING: the state has no route legal actions
WARNING: the state has no route legal actions
WARNING: the state has no route legal actions
WARNING: the state has no route legal actions
cur move is -1
collect data... | current latency: -1540
313
Mask initialization completed successfully
WARNING: the state has no route legal actions
WARNING: the state has no route legal actions
WARNING: the state has no route legal actions
WARNING: the state has no route legal actions
collect data... | current latency: -87
313
Mask initialization completed successfully
WARNING: the state has no route legal actions
WARNING: the state has no route legal actions
WARNING: the state has no route legal actions
WARNING: the state has no route legal actions
WARNING: the state has no route legal actions
cur move is -1
collect data... | current latency: -2004
313
Mask initialization completed successfully
WARNING: the state has no route legal actions
WARNING: the state has no route legal actions
WARNING: the state has no route legal actions
WARNING: the state has no route legal actions
WARNING: the state has no route legal actions
collect data... | current latency: -132
313
Mask initialization completed successfully
WARNING: the state has no route legal actions
WARNING: the state has no route legal actions
WARNING: the state has no route legal actions
WARNING: the state has no route legal actions
cur move is -1
collect data... | current latency: -2000
313
Mask initialization completed successfully
WARNING: the state has no route legal actions
WARNING: the state has no route legal actions
WARNING: the state has no route legal actions
WARNING: the state has no route legal actions
collect data... | current latency: -126
313
Mask initialization completed successfully
WARNING: the state has no route legal actions
WARNING: the state has no route legal actions
WARNING: the state has no route legal actions
WARNING: the state has no route legal actions
WARNING: the state has no route legal actions
cur move is -1
collect data... | current latency: -2004
313
Mask initialization completed successfully
WARNING: the state has no route legal actions
WARNING: the state has no route legal actions
WARNING: the state has no route legal actions
WARNING: the state has no route legal actions
WARNING: the state has no route legal actions
collect data... | current latency: -196
313
Mask initialization completed successfully
WARNING: the state has no route legal actions
WARNING: the state has no route legal actions
cur move is -1
collect data... | current latency: -1000
313
Mask initialization completed successfully
WARNING: the state has no route legal actions
WARNING: the state has no route legal actions
WARNING: the state has no route legal actions
WARNING: the state has no route legal actions
collect data... | current latency: -82
value loss is 1584.3333740234375, policy loss is 0.042418770492076874
value loss is 1265.5225830078125, policy loss is 0.03889606148004532
value loss is 1820.79296875, policy loss is 0.030317170545458794
value loss is 2179.74658203125, policy loss is 0.01650707609951496
value loss is 1726.0186767578125, policy loss is 0.013737537898123264
value loss is 1705.883544921875, policy loss is 0.06487519294023514
value loss is 1074.83984375, policy loss is 0.03190590441226959
value loss is 1523.828857421875, policy loss is 0.020248182117938995
value loss is 2077.167236328125, policy loss is 0.02260657399892807
value loss is 1830.7479248046875, policy loss is 0.025135448202490807
value loss is 1975.4923095703125, policy loss is 0.02743537724018097
value loss is 1956.4459228515625, policy loss is 0.040124036371707916
value loss is 2063.12109375, policy loss is 0.03655356168746948
value loss is 1805.774169921875, policy loss is 0.03144773095846176
value loss is 1421.100830078125, policy loss is 0.028520552441477776
value loss is 2155.7001953125, policy loss is 0.03674738481640816
value loss is 1331.7508544921875, policy loss is 0.04304550960659981
value loss is 1516.8603515625, policy loss is 0.052328962832689285
value loss is 1566.96533203125, policy loss is 0.0495055615901947
value loss is 1334.384765625, policy loss is 0.040924496948719025
kl:0.00003,lr_multiplier:11.391,loss:1334.4256591796875,entropy:0.02337036095559597,explained_var_old:-0.203,explained_var_new:-0.378
current batch: 9
313
Mask initialization completed successfully
WARNING: the state has no route legal actions
WARNING: the state has no route legal actions
WARNING: the state has no route legal actions
WARNING: the state has no route legal actions
WARNING: the state has no route legal actions
current latency: 180.0
313
Mask initialization completed successfully
WARNING: the state has no route legal actions
WARNING: the state has no route legal actions
WARNING: the state has no route legal actions
WARNING: the state has no route legal actions
WARNING: the state has no route legal actions
cur move is -1
collect data... | current latency: -2004
313
Mask initialization completed successfully
WARNING: the state has no route legal actions
WARNING: the state has no route legal actions
WARNING: the state has no route legal actions
WARNING: the state has no route legal actions
WARNING: the state has no route legal actions
collect data... | current latency: -154
313
Mask initialization completed successfully
WARNING: the state has no route legal actions
cur move is -1
collect data... | current latency: -500
313
Mask initialization completed successfully
WARNING: the state has no route legal actions
WARNING: the state has no route legal actions
WARNING: the state has no route legal actions
WARNING: the state has no route legal actions
collect data... | current latency: -106
313
Mask initialization completed successfully
WARNING: the state has no route legal actions
WARNING: the state has no route legal actions
WARNING: the state has no route legal actions
WARNING: the state has no route legal actions
WARNING: the state has no route legal actions
cur move is -1
collect data... | current latency: -2004
313
Mask initialization completed successfully
WARNING: the state has no route legal actions
WARNING: the state has no route legal actions
WARNING: the state has no route legal actions
WARNING: the state has no route legal actions
WARNING: the state has no route legal actions
the mapping is success
collect data... | current latency: -162
313
Mask initialization completed successfully
WARNING: the state has no route legal actions
WARNING: the state has no route legal actions
WARNING: the state has no route legal actions
WARNING: the state has no route legal actions
collect data... | current latency: -107
313
Mask initialization completed successfully
WARNING: the state has no route legal actions
WARNING: the state has no route legal actions
WARNING: the state has no route legal actions
WARNING: the state has no route legal actions
WARNING: the state has no route legal actions
collect data... | current latency: -142
313
Mask initialization completed successfully
WARNING: the state has no route legal actions
WARNING: the state has no route legal actions
WARNING: the state has no route legal actions
WARNING: the state has no route legal actions
cur move is -1
collect data... | current latency: -2000
313
Mask initialization completed successfully
WARNING: the state has no route legal actions
WARNING: the state has no route legal actions
WARNING: the state has no route legal actions
WARNING: the state has no route legal actions
WARNING: the state has no route legal actions
collect data... | current latency: -227
value loss is 2392.34033203125, policy loss is 0.033823054283857346
value loss is 1365.7064208984375, policy loss is 0.03460848331451416
value loss is 2790.68798828125, policy loss is 0.03512871265411377
value loss is 2984.052490234375, policy loss is 0.03601032868027687
value loss is 2021.5341796875, policy loss is 0.031439460813999176
value loss is 2766.60546875, policy loss is 0.0502847284078598
value loss is 1795.788818359375, policy loss is 0.030177529901266098
value loss is 1506.02783203125, policy loss is 0.024886757135391235
value loss is 1995.6881103515625, policy loss is 0.01935689151287079
value loss is 2455.309326171875, policy loss is 0.02078905887901783
value loss is 1857.84375, policy loss is 0.02566150203347206
value loss is 2382.690673828125, policy loss is 0.02221979759633541
value loss is 2392.583251953125, policy loss is 0.02317565493285656
value loss is 1981.57763671875, policy loss is 0.023970557376742363
value loss is 1582.9080810546875, policy loss is 0.027752816677093506
value loss is 3480.861083984375, policy loss is 0.029189836233854294
value loss is 1440.4481201171875, policy loss is 0.02690010331571102
value loss is 1381.9652099609375, policy loss is 0.030859963968396187
value loss is 1456.64013671875, policy loss is 0.02973010390996933
value loss is 1908.990478515625, policy loss is 0.02341054007411003
kl:0.00003,lr_multiplier:11.391,loss:1909.013916015625,entropy:0.18560487031936646,explained_var_old:-0.066,explained_var_new:-0.012
current batch: 10
313
Mask initialization completed successfully
WARNING: the state has no route legal actions
WARNING: the state has no route legal actions
WARNING: the state has no route legal actions
WARNING: the state has no route legal actions
WARNING: the state has no route legal actions
current latency: 178.0
training...        ━━━━━━━━━━━━━━━━━━━━━━━━━━━━━━━━━━━━━━━━ 100% 0:00:00
collecting data... ━━━━━━━━━━━━━━━━━━━━━━━━━━━━━━━━━━━━━━━━ 100% 0:00:00
/root/wafer-compiler/mapper/net.py:287: UserWarning: Creating a tensor from a list of numpy.ndarrays is extremely slow. Please consider converting the list to a single numpy.ndarray with numpy.array() before converting to a tensor. (Triggered internally at /opt/conda/conda-bld/pytorch_1724789259345/work/torch/csrc/utils/tensor_new.cpp:278.)
  batch_state, torch.FloatTensor(batch_mask).unsqueeze(1).to(self.device)
[[  0.   0.   0.   0.   0.]
 [  1.   1.   4.   1.  -1.]
 [  2.   1.   4.   1.  -1.]
 ...
 [320.   1.   4.   1.  -1.]
 [321.   1.   4.   1.  -1.]
 [322.   1.   4.   1.  -1.]]
[[0. 0. 0. 0. 0. 0. 0. 0. 1. 0.]
 [0. 0. 0. 0. 0. 1. 0. 0. 0. 0.]
 [0. 0. 0. 0. 0. 1. 0. 0. 0. 0.]
 [0. 0. 0. 0. 0. 0. 1. 0. 0. 0.]
 [0. 0. 0. 0. 0. 0. 1. 0. 0. 0.]
 [0. 0. 0. 0. 0. 0. 0. 1. 0. 0.]
 [0. 0. 0. 0. 0. 0. 0. 1. 0. 0.]
 [0. 0. 0. 0. 0. 0. 0. 0. 1. 0.]
 [0. 0. 0. 0. 0. 0. 0. 0. 0. 1.]
 [0. 0. 0. 0. 0. 0. 0. 0. 0. 0.]]
313
[[0. 0. 0. ... 0. 0. 0.]
 [0. 0. 0. ... 0. 0. 0.]
 [0. 0. 0. ... 0. 0. 0.]
 ...
 [0. 0. 0. ... 0. 0. 0.]
 [0. 0. 0. ... 0. 0. 0.]
 [0. 0. 0. ... 0. 0. 0.]]
313
313
Mask initialization completed successfully
313
Mask initialization completed successfully
313
Mask initialization completed successfully
WARNING: the state has no route legal actions
WARNING: the state has no route legal actions
WARNING: the state has no route legal actions
WARNING: the state has no route legal actions
WARNING: the state has no route legal actions
WARNING: the state has no legal actions
cur move is -1
the mapping is success
collect data... | current latency: -182
313
Mask initialization completed successfully
WARNING: the state has no route legal actions
WARNING: the state has no route legal actions
WARNING: the state has no route legal actions
WARNING: the state has no route legal actions
WARNING: the state has no route legal actions
WARNING: the state has no legal actions
cur move is -1
the mapping is success
collect data... | current latency: -199
313
Mask initialization completed successfully
WARNING: the state has no route legal actions
WARNING: the state has no route legal actions
WARNING: the state has no route legal actions
WARNING: the state has no route legal actions
WARNING: the state has no route legal actions
WARNING: the state don't need to route actions
WARNING: the state has no legal actions
cur move is -1
the mapping is success
collect data... | current latency: -291
313
Mask initialization completed successfully
WARNING: the state has no route legal actions
WARNING: the state has no route legal actions
WARNING: the state has no route legal actions
WARNING: the state has no route legal actions
WARNING: the state has no route legal actions
WARNING: the state has no legal actions
cur move is -1
the mapping is success
collect data... | current latency: -197
313
Mask initialization completed successfully
WARNING: the state has no route legal actions
WARNING: the state has no route legal actions
WARNING: the state has no route legal actions
WARNING: the state has no route legal actions
WARNING: the state has no route legal actions
WARNING: the state has no legal actions
cur move is -1
the mapping is success
collect data... | current latency: -210
313
Mask initialization completed successfully
WARNING: the state has no route legal actions
WARNING: the state has no route legal actions
WARNING: the state has no route legal actions
WARNING: the state has no route legal actions
WARNING: the state has no route legal actions
WARNING: the state don't need to route actions
WARNING: the state has no legal actions
cur move is -1
the mapping is success
collect data... | current latency: -209
313
Mask initialization completed successfully
WARNING: the state has no route legal actions
WARNING: the state has no route legal actions
WARNING: the state has no route legal actions
WARNING: the state has no route legal actions
WARNING: the state has no route legal actions
WARNING: the state has no legal actions
cur move is -1
the mapping is success
collect data... | current latency: -191
313
Mask initialization completed successfully
WARNING: the state has no route legal actions
WARNING: the state has no route legal actions
WARNING: the state has no route legal actions
WARNING: the state has no route legal actions
WARNING: the state has no route legal actions
WARNING: the state has no legal actions
cur move is -1
the mapping is success
collect data... | current latency: -235
313
Mask initialization completed successfully
WARNING: the state has no route legal actions
WARNING: the state has no route legal actions
WARNING: the state has no route legal actions
WARNING: the state has no route legal actions
WARNING: the state has no route legal actions
WARNING: the state don't need to route actions
WARNING: the state has no legal actions
cur move is -1
the mapping is success
collect data... | current latency: -300
313
Mask initialization completed successfully
WARNING: the state has no route legal actions
WARNING: the state has no route legal actions
WARNING: the state has no route legal actions
WARNING: the state has no route legal actions
WARNING: the state has no route legal actions
WARNING: the state don't need to route actions
WARNING: the state has no legal actions
cur move is -1
the mapping is success
collect data... | current latency: -264
value loss is 44859.578125, policy loss is 0.2944405972957611
value loss is 36255.1171875, policy loss is 0.2926686704158783
value loss is 32215.62890625, policy loss is 0.2922315299510956
value loss is 29385.568359375, policy loss is 0.291611909866333
value loss is 27484.185546875, policy loss is 0.29178282618522644
value loss is 26619.22265625, policy loss is 0.29175910353660583
value loss is 24719.90625, policy loss is 0.2920369803905487
value loss is 22828.244140625, policy loss is 0.2919088304042816
value loss is 19759.2734375, policy loss is 0.29163360595703125
value loss is 17243.556640625, policy loss is 0.29110777378082275
value loss is 13873.8623046875, policy loss is 0.2902933955192566
value loss is 11149.080078125, policy loss is 0.2891375422477722
value loss is 7438.93896484375, policy loss is 0.2879776060581207
value loss is 6072.87109375, policy loss is 0.28668510913848877
value loss is 4506.59765625, policy loss is 0.28434932231903076
value loss is 3933.7119140625, policy loss is 0.28268203139305115
value loss is 7266.3525390625, policy loss is 0.27967941761016846
value loss is 8341.349609375, policy loss is 0.2764788269996643
value loss is 9110.94140625, policy loss is 0.27432698011398315
value loss is 5747.53271484375, policy loss is 0.2725379168987274
kl:0.00001,lr_multiplier:1.500,loss:5747.80517578125,entropy:1.3722631931304932,explained_var_old:0.075,explained_var_new:-0.311
current batch: 1
313
Mask initialization completed successfully
WARNING: the state has no route legal actions
WARNING: the state has no route legal actions
WARNING: the state has no route legal actions
WARNING: the state has no route legal actions
WARNING: the state has no route legal actions
WARNING: the state has no legal actions
cur move is -1
the mapping is success
current latency: 210.0
313
Mask initialization completed successfully
WARNING: the state has no route legal actions
WARNING: the state has no route legal actions
WARNING: the state has no route legal actions
WARNING: the state has no route legal actions
WARNING: the state has no route legal actions
WARNING: the state has no legal actions
cur move is -1
the mapping is success
collect data... | current latency: -182
313
Mask initialization completed successfully
WARNING: the state has no route legal actions
WARNING: the state has no route legal actions
WARNING: the state has no route legal actions
WARNING: the state has no route legal actions
WARNING: the state has no route legal actions
WARNING: the state has no legal actions
cur move is -1
the mapping is success
collect data... | current latency: -229
313
Mask initialization completed successfully
WARNING: the state has no route legal actions
WARNING: the state has no route legal actions
WARNING: the state has no route legal actions
WARNING: the state has no route legal actions
WARNING: the state has no route legal actions
WARNING: the state has no legal actions
cur move is -1
the mapping is success
collect data... | current latency: -176
313
Mask initialization completed successfully
WARNING: the state has no route legal actions
WARNING: the state has no route legal actions
WARNING: the state has no route legal actions
WARNING: the state has no route legal actions
WARNING: the state has no route legal actions
WARNING: the state has no legal actions
cur move is -1
the mapping is success
collect data... | current latency: -237
313
Mask initialization completed successfully
WARNING: the state has no route legal actions
WARNING: the state has no route legal actions
WARNING: the state has no route legal actions
WARNING: the state has no route legal actions
WARNING: the state don't need to route actions
WARNING: the state has no route legal actions
WARNING: the state don't need to route actions
WARNING: the state has no legal actions
cur move is -1
the mapping is success
collect data... | current latency: -231
313
Mask initialization completed successfully
WARNING: the state has no route legal actions
WARNING: the state has no route legal actions
WARNING: the state has no route legal actions
WARNING: the state has no route legal actions
WARNING: the state has no route legal actions
WARNING: the state has no legal actions
cur move is -1
the mapping is success
collect data... | current latency: -277
313
Mask initialization completed successfully
WARNING: the state has no route legal actions
WARNING: the state has no route legal actions
WARNING: the state has no route legal actions
WARNING: the state has no route legal actions
WARNING: the state has no route legal actions
WARNING: the state has no legal actions
cur move is -1
the mapping is success
collect data... | current latency: -216
313
Mask initialization completed successfully
WARNING: the state has no route legal actions
WARNING: the state has no route legal actions
WARNING: the state has no route legal actions
WARNING: the state has no route legal actions
WARNING: the state has no route legal actions
WARNING: the state don't need to route actions
WARNING: the state has no legal actions
cur move is -1
the mapping is success
collect data... | current latency: -201
313
Mask initialization completed successfully
WARNING: the state has no route legal actions
WARNING: the state has no route legal actions
WARNING: the state has no route legal actions
WARNING: the state has no route legal actions
WARNING: the state has no route legal actions
WARNING: the state has no legal actions
cur move is -1
the mapping is success
collect data... | current latency: -235
313
Mask initialization completed successfully
WARNING: the state has no route legal actions
WARNING: the state has no route legal actions
WARNING: the state has no route legal actions
WARNING: the state has no route legal actions
WARNING: the state has no route legal actions
WARNING: the state don't need to route actions
WARNING: the state has no legal actions
cur move is -1
the mapping is success
collect data... | current latency: -213
value loss is 9226.15625, policy loss is 0.27095741033554077
value loss is 7203.98388671875, policy loss is 0.26817721128463745
value loss is 6268.6845703125, policy loss is 0.26376721262931824
value loss is 5462.59619140625, policy loss is 0.2597179412841797
value loss is 6610.80517578125, policy loss is 0.2551954984664917
value loss is 7157.38427734375, policy loss is 0.2521233856678009
value loss is 7939.087890625, policy loss is 0.2449832707643509
value loss is 7872.072265625, policy loss is 0.23443983495235443
value loss is 7821.80859375, policy loss is 0.22515949606895447
value loss is 7427.7568359375, policy loss is 0.21547676622867584
value loss is 7582.99853515625, policy loss is 0.1961018443107605
value loss is 5590.03564453125, policy loss is 0.16889509558677673
value loss is 6307.8232421875, policy loss is 0.15029726922512054
value loss is 5293.45654296875, policy loss is 0.1279173642396927
value loss is 6750.154296875, policy loss is 0.09252278506755829
value loss is 5513.37939453125, policy loss is 0.04983019828796387
value loss is 6215.25146484375, policy loss is 0.03852172568440437
value loss is 5905.6630859375, policy loss is 0.03806762397289276
value loss is 5064.17236328125, policy loss is 0.036891136318445206
value loss is 6717.5712890625, policy loss is 0.03287624940276146
kl:0.00002,lr_multiplier:2.250,loss:6717.60400390625,entropy:0.00042190670501440763,explained_var_old:0.334,explained_var_new:-0.019
current batch: 2
313
Mask initialization completed successfully
WARNING: the state has no route legal actions
WARNING: the state has no route legal actions
WARNING: the state has no route legal actions
WARNING: the state has no route legal actions
WARNING: the state has no route legal actions
WARNING: the state has no legal actions
cur move is -1
the mapping is success
current latency: 188.0
313
Mask initialization completed successfully
WARNING: the state has no route legal actions
WARNING: the state has no route legal actions
WARNING: the state has no route legal actions
WARNING: the state has no route legal actions
WARNING: the state has no route legal actions
WARNING: the state don't need to route actions
WARNING: the state has no legal actions
cur move is -1
the mapping is success
collect data... | current latency: -321
313
Mask initialization completed successfully
WARNING: the state has no route legal actions
WARNING: the state has no route legal actions
WARNING: the state has no route legal actions
WARNING: the state has no route legal actions
WARNING: the state has no route legal actions
WARNING: the state don't need to route actions
WARNING: the state has no legal actions
cur move is -1
the mapping is success
collect data... | current latency: -275
313
Mask initialization completed successfully
WARNING: the state has no route legal actions
WARNING: the state has no route legal actions
WARNING: the state has no route legal actions
WARNING: the state has no route legal actions
WARNING: the state has no route legal actions
WARNING: the state has no legal actions
cur move is -1
the mapping is success
collect data... | current latency: -186
313
Mask initialization completed successfully
WARNING: the state has no route legal actions
WARNING: the state has no route legal actions
WARNING: the state has no route legal actions
WARNING: the state has no route legal actions
WARNING: the state has no route legal actions
WARNING: the state has no legal actions
cur move is -1
the mapping is success
collect data... | current latency: -258
313
Mask initialization completed successfully
WARNING: the state has no route legal actions
WARNING: the state has no route legal actions
WARNING: the state has no route legal actions
WARNING: the state has no route legal actions
WARNING: the state has no route legal actions
WARNING: the state don't need to route actions
WARNING: the state don't need to route actions
WARNING: the state has no legal actions
cur move is -1
the mapping is success
collect data... | current latency: -291
313
Mask initialization completed successfully
WARNING: the state has no route legal actions
WARNING: the state has no route legal actions
WARNING: the state has no route legal actions
WARNING: the state has no route legal actions
WARNING: the state has no route legal actions
WARNING: the state don't need to route actions
WARNING: the state don't need to route actions
WARNING: the state has no legal actions
cur move is -1
the mapping is success
collect data... | current latency: -307
313
Mask initialization completed successfully
WARNING: the state has no route legal actions
WARNING: the state has no route legal actions
WARNING: the state has no route legal actions
WARNING: the state has no route legal actions
WARNING: the state has no route legal actions
WARNING: the state has no legal actions
cur move is -1
the mapping is success
collect data... | current latency: -181
313
Mask initialization completed successfully
WARNING: the state has no route legal actions
WARNING: the state has no route legal actions
WARNING: the state has no route legal actions
WARNING: the state has no route legal actions
WARNING: the state has no route legal actions
WARNING: the state has no legal actions
cur move is -1
the mapping is success
collect data... | current latency: -181
313
Mask initialization completed successfully
WARNING: the state has no route legal actions
WARNING: the state has no route legal actions
WARNING: the state has no route legal actions
WARNING: the state has no route legal actions
WARNING: the state has no route legal actions
WARNING: the state don't need to route actions
WARNING: the state has no legal actions
cur move is -1
the mapping is success
collect data... | current latency: -299
313
Mask initialization completed successfully
WARNING: the state has no route legal actions
WARNING: the state has no route legal actions
WARNING: the state has no route legal actions
WARNING: the state has no route legal actions
WARNING: the state has no route legal actions
WARNING: the state don't need to route actions
WARNING: the state has no legal actions
cur move is -1
the mapping is success
collect data... | current latency: -222
value loss is 3809.84033203125, policy loss is 0.02851603738963604
value loss is 4363.2802734375, policy loss is 0.028189729899168015
value loss is 4279.2255859375, policy loss is 0.021044282242655754
value loss is 4682.17041015625, policy loss is 0.022126413881778717
value loss is 5758.794921875, policy loss is 0.023331115022301674
value loss is 5174.19384765625, policy loss is 0.0156672652810812
value loss is 5346.06494140625, policy loss is 0.01691875047981739
value loss is 4961.29296875, policy loss is 0.014100074768066406
value loss is 4630.20263671875, policy loss is 0.019621795043349266
value loss is 5473.49267578125, policy loss is 0.017267080023884773
value loss is 5160.15234375, policy loss is 0.016657477244734764
value loss is 3931.51318359375, policy loss is 0.010925616137683392
value loss is 4247.0478515625, policy loss is 0.020831698551774025
value loss is 4900.91650390625, policy loss is 0.015585723333060741
value loss is 5915.0234375, policy loss is 0.012042008340358734
value loss is 4992.07080078125, policy loss is 0.010698232799768448
value loss is 4596.53369140625, policy loss is 0.01708398014307022
value loss is 4878.33251953125, policy loss is 0.015998991206288338
value loss is 4537.48046875, policy loss is 0.012357682920992374
value loss is 5036.48828125, policy loss is 0.011862868443131447
kl:0.00003,lr_multiplier:3.375,loss:5036.5,entropy:0.00033721758518368006,explained_var_old:-0.238,explained_var_new:-0.222
current batch: 3
313
Mask initialization completed successfully
WARNING: the state has no route legal actions
WARNING: the state has no route legal actions
WARNING: the state has no route legal actions
WARNING: the state has no route legal actions
WARNING: the state has no route legal actions
WARNING: the state don't need to route actions
WARNING: the state has no legal actions
cur move is -1
the mapping is success
current latency: 218.0
313
Mask initialization completed successfully
WARNING: the state has no route legal actions
WARNING: the state has no route legal actions
WARNING: the state has no route legal actions
WARNING: the state has no route legal actions
WARNING: the state has no route legal actions
WARNING: the state has no legal actions
cur move is -1
the mapping is success
collect data... | current latency: -190
313
Mask initialization completed successfully
WARNING: the state has no route legal actions
WARNING: the state has no route legal actions
WARNING: the state has no route legal actions
WARNING: the state has no route legal actions
WARNING: the state has no route legal actions
WARNING: the state has no legal actions
cur move is -1
the mapping is success
collect data... | current latency: -215
313
Mask initialization completed successfully
WARNING: the state has no route legal actions
WARNING: the state has no route legal actions
WARNING: the state has no route legal actions
WARNING: the state has no route legal actions
WARNING: the state has no route legal actions
WARNING: the state don't need to route actions
WARNING: the state has no legal actions
cur move is -1
the mapping is success
collect data... | current latency: -188
313
Mask initialization completed successfully
WARNING: the state has no route legal actions
WARNING: the state has no route legal actions
WARNING: the state has no route legal actions
WARNING: the state has no route legal actions
WARNING: the state has no route legal actions
WARNING: the state don't need to route actions
WARNING: the state has no legal actions
cur move is -1
the mapping is success
collect data... | current latency: -257
313
Mask initialization completed successfully
WARNING: the state has no route legal actions
WARNING: the state has no route legal actions
WARNING: the state has no route legal actions
WARNING: the state has no route legal actions
WARNING: the state has no route legal actions
WARNING: the state has no legal actions
cur move is -1
the mapping is success
collect data... | current latency: -197
313
Mask initialization completed successfully
WARNING: the state has no route legal actions
WARNING: the state has no route legal actions
WARNING: the state has no route legal actions
WARNING: the state has no route legal actions
WARNING: the state has no route legal actions
WARNING: the state don't need to route actions
WARNING: the state has no legal actions
cur move is -1
the mapping is success
collect data... | current latency: -217
313
Mask initialization completed successfully
WARNING: the state has no route legal actions
WARNING: the state has no route legal actions
WARNING: the state has no route legal actions
WARNING: the state has no route legal actions
WARNING: the state has no route legal actions
WARNING: the state has no legal actions
cur move is -1
the mapping is success
collect data... | current latency: -201
313
Mask initialization completed successfully
WARNING: the state has no route legal actions
WARNING: the state has no route legal actions
WARNING: the state has no route legal actions
WARNING: the state has no route legal actions
WARNING: the state has no route legal actions
WARNING: the state don't need to route actions
WARNING: the state has no legal actions
cur move is -1
the mapping is success
collect data... | current latency: -221
313
Mask initialization completed successfully
WARNING: the state has no route legal actions
WARNING: the state has no route legal actions
WARNING: the state has no route legal actions
WARNING: the state has no route legal actions
WARNING: the state has no route legal actions
WARNING: the state has no legal actions
cur move is -1
the mapping is success
collect data... | current latency: -218
313
Mask initialization completed successfully
WARNING: the state has no route legal actions
WARNING: the state has no route legal actions
WARNING: the state has no route legal actions
WARNING: the state has no route legal actions
WARNING: the state has no route legal actions
WARNING: the state has no legal actions
cur move is -1
the mapping is success
collect data... | current latency: -174
value loss is 4118.4462890625, policy loss is 0.040946219116449356
value loss is 3409.41748046875, policy loss is 0.04525090381503105
value loss is 4159.931640625, policy loss is 0.04141094163060188
value loss is 3138.545654296875, policy loss is 0.04243937134742737
value loss is 4095.826416015625, policy loss is 0.0357431024312973
value loss is 5512.78125, policy loss is 0.04076140746474266
value loss is 4392.6357421875, policy loss is 0.03336478769779205
value loss is 2865.9189453125, policy loss is 0.026283277198672295
value loss is 3483.029296875, policy loss is 0.028523031622171402
value loss is 3817.83740234375, policy loss is 0.023900562897324562
value loss is 3921.11181640625, policy loss is 0.021587947383522987
value loss is 4625.61083984375, policy loss is 0.017198903486132622
value loss is 3816.614013671875, policy loss is 0.021089674904942513
value loss is 3640.597412109375, policy loss is 0.01780899241566658
value loss is 3537.740966796875, policy loss is 0.016964221373200417
value loss is 3871.500732421875, policy loss is 0.017307357862591743
value loss is 3914.28759765625, policy loss is 0.012377235107123852
value loss is 4355.64697265625, policy loss is 0.014198293909430504
value loss is 3619.963134765625, policy loss is 0.012846235185861588
value loss is 3884.540771484375, policy loss is 0.008891145698726177
kl:0.00003,lr_multiplier:5.062,loss:3884.549560546875,entropy:0.5494986772537231,explained_var_old:-0.088,explained_var_new:-0.090
current batch: 4
313
Mask initialization completed successfully
WARNING: the state has no route legal actions
WARNING: the state has no route legal actions
WARNING: the state has no route legal actions
WARNING: the state has no route legal actions
WARNING: the state has no route legal actions
WARNING: the state don't need to route actions
WARNING: the state has no legal actions
cur move is -1
the mapping is success
current latency: 230.0
313
Mask initialization completed successfully
WARNING: the state has no route legal actions
WARNING: the state has no route legal actions
WARNING: the state has no route legal actions
WARNING: the state has no route legal actions
WARNING: the state has no route legal actions
WARNING: the state has no legal actions
cur move is -1
the mapping is success
collect data... | current latency: -267
313
Mask initialization completed successfully
WARNING: the state has no route legal actions
WARNING: the state has no route legal actions
WARNING: the state has no route legal actions
WARNING: the state has no route legal actions
WARNING: the state has no route legal actions
WARNING: the state has no legal actions
cur move is -1
the mapping is success
collect data... | current latency: -232
313
Mask initialization completed successfully
WARNING: the state has no route legal actions
WARNING: the state has no route legal actions
WARNING: the state has no route legal actions
WARNING: the state has no route legal actions
WARNING: the state has no route legal actions
WARNING: the state don't need to route actions
WARNING: the state has no legal actions
cur move is -1
the mapping is success
collect data... | current latency: -234
313
Mask initialization completed successfully
WARNING: the state has no route legal actions
WARNING: the state has no route legal actions
WARNING: the state has no route legal actions
WARNING: the state has no route legal actions
WARNING: the state has no route legal actions
WARNING: the state don't need to route actions
WARNING: the state has no legal actions
cur move is -1
the mapping is success
collect data... | current latency: -212
313
Mask initialization completed successfully
WARNING: the state has no route legal actions
WARNING: the state has no route legal actions
WARNING: the state has no route legal actions
WARNING: the state has no route legal actions
WARNING: the state has no route legal actions
WARNING: the state has no legal actions
cur move is -1
the mapping is success
collect data... | current latency: -186
313
Mask initialization completed successfully
WARNING: the state has no route legal actions
WARNING: the state has no route legal actions
WARNING: the state has no route legal actions
WARNING: the state has no route legal actions
WARNING: the state has no route legal actions
WARNING: the state has no legal actions
cur move is -1
the mapping is success
collect data... | current latency: -226
313
Mask initialization completed successfully
WARNING: the state has no route legal actions
WARNING: the state has no route legal actions
WARNING: the state has no route legal actions
WARNING: the state has no route legal actions
WARNING: the state has no route legal actions
WARNING: the state has no legal actions
cur move is -1
the mapping is success
collect data... | current latency: -295
313
Mask initialization completed successfully
WARNING: the state has no route legal actions
WARNING: the state has no route legal actions
WARNING: the state has no route legal actions
WARNING: the state has no route legal actions
WARNING: the state has no route legal actions
WARNING: the state don't need to route actions
WARNING: the state has no legal actions
cur move is -1
the mapping is success
collect data... | current latency: -267
313
Mask initialization completed successfully
WARNING: the state has no route legal actions
WARNING: the state has no route legal actions
WARNING: the state has no route legal actions
WARNING: the state has no route legal actions
WARNING: the state has no route legal actions
WARNING: the state don't need to route actions
WARNING: the state has no legal actions
cur move is -1
the mapping is success
collect data... | current latency: -212
313
Mask initialization completed successfully
WARNING: the state has no route legal actions
WARNING: the state has no route legal actions
WARNING: the state has no route legal actions
WARNING: the state has no route legal actions
WARNING: the state has no route legal actions
WARNING: the state has no legal actions
cur move is -1
the mapping is success
collect data... | current latency: -200
value loss is 2496.93798828125, policy loss is 0.012897476553916931
value loss is 3360.579345703125, policy loss is 0.006121342536062002
value loss is 4043.7724609375, policy loss is 0.008817995898425579
value loss is 3403.1005859375, policy loss is 0.0064296112395823
value loss is 2978.998779296875, policy loss is 0.004161487799137831
value loss is 2612.593994140625, policy loss is 0.005668036174029112
value loss is 2387.829345703125, policy loss is 0.004402710124850273
value loss is 3002.4052734375, policy loss is 0.008674233220517635
value loss is 2695.56982421875, policy loss is 0.008039072155952454
value loss is 2986.5537109375, policy loss is 0.008711064234375954
value loss is 3202.828369140625, policy loss is 0.007406136021018028
value loss is 2183.67626953125, policy loss is 0.006936796009540558
value loss is 3452.373779296875, policy loss is 0.002961124060675502
value loss is 3314.863525390625, policy loss is 0.00611574063077569
value loss is 3284.822265625, policy loss is 0.0072288354858756065
value loss is 3102.87353515625, policy loss is 0.005544440820813179
value loss is 2551.376220703125, policy loss is 0.006873174570500851
value loss is 2648.999267578125, policy loss is 0.00784396193921566
value loss is 2494.7470703125, policy loss is 0.004394967574626207
value loss is 3392.629150390625, policy loss is 0.004785367753356695
kl:0.00003,lr_multiplier:7.594,loss:3392.634033203125,entropy:0.010230867192149162,explained_var_old:-0.426,explained_var_new:0.038
current batch: 5
313
Mask initialization completed successfully
WARNING: the state has no route legal actions
WARNING: the state has no route legal actions
WARNING: the state has no route legal actions
WARNING: the state has no route legal actions
WARNING: the state has no route legal actions
WARNING: the state has no legal actions
cur move is -1
the mapping is success
current latency: 218.0
313
Mask initialization completed successfully
WARNING: the state has no route legal actions
WARNING: the state has no route legal actions
WARNING: the state has no route legal actions
WARNING: the state has no route legal actions
WARNING: the state has no route legal actions
WARNING: the state has no legal actions
cur move is -1
the mapping is success
collect data... | current latency: -143
313
Mask initialization completed successfully
WARNING: the state has no route legal actions
WARNING: the state has no route legal actions
WARNING: the state has no route legal actions
WARNING: the state has no route legal actions
WARNING: the state has no route legal actions
WARNING: the state don't need to route actions
WARNING: the state has no legal actions
cur move is -1
the mapping is success
collect data... | current latency: -267
313
Mask initialization completed successfully
WARNING: the state has no route legal actions
WARNING: the state has no route legal actions
WARNING: the state has no route legal actions
WARNING: the state has no route legal actions
WARNING: the state has no route legal actions
WARNING: the state don't need to route actions
WARNING: the state has no legal actions
cur move is -1
the mapping is success
collect data... | current latency: -188
313
Mask initialization completed successfully
WARNING: the state has no route legal actions
WARNING: the state has no route legal actions
WARNING: the state has no route legal actions
WARNING: the state has no route legal actions
WARNING: the state has no route legal actions
WARNING: the state don't need to route actions
WARNING: the state has no legal actions
cur move is -1
the mapping is success
collect data... | current latency: -233
313
Mask initialization completed successfully
WARNING: the state has no route legal actions
WARNING: the state has no route legal actions
WARNING: the state has no route legal actions
WARNING: the state has no route legal actions
WARNING: the state has no route legal actions
WARNING: the state has no legal actions
cur move is -1
the mapping is success
collect data... | current latency: -201
313
Mask initialization completed successfully
WARNING: the state has no route legal actions
WARNING: the state has no route legal actions
WARNING: the state has no route legal actions
WARNING: the state has no route legal actions
WARNING: the state has no route legal actions
WARNING: the state has no legal actions
cur move is -1
the mapping is success
collect data... | current latency: -256
313
Mask initialization completed successfully
WARNING: the state has no route legal actions
WARNING: the state has no route legal actions
WARNING: the state has no route legal actions
WARNING: the state has no route legal actions
WARNING: the state has no route legal actions
WARNING: the state has no legal actions
cur move is -1
the mapping is success
collect data... | current latency: -173
313
Mask initialization completed successfully
WARNING: the state has no route legal actions
WARNING: the state has no route legal actions
WARNING: the state has no route legal actions
WARNING: the state has no route legal actions
WARNING: the state has no route legal actions
WARNING: the state has no legal actions
cur move is -1
the mapping is success
collect data... | current latency: -288
313
Mask initialization completed successfully
WARNING: the state has no route legal actions
WARNING: the state has no route legal actions
WARNING: the state has no route legal actions
WARNING: the state has no route legal actions
WARNING: the state has no route legal actions
WARNING: the state don't need to route actions
WARNING: the state has no legal actions
cur move is -1
the mapping is success
collect data... | current latency: -261
313
Mask initialization completed successfully
WARNING: the state has no route legal actions
WARNING: the state has no route legal actions
WARNING: the state has no route legal actions
WARNING: the state has no route legal actions
WARNING: the state has no route legal actions
WARNING: the state don't need to route actions
WARNING: the state don't need to route actions
WARNING: the state has no legal actions
cur move is -1
the mapping is success
collect data... | current latency: -212
value loss is 6336.08642578125, policy loss is 0.02161402814090252
value loss is 5703.36767578125, policy loss is 0.019185511395335197
value loss is 6492.80029296875, policy loss is 0.025655681267380714
value loss is 5454.57421875, policy loss is 0.029568754136562347
value loss is 5045.42626953125, policy loss is 0.023035233840346336
value loss is 6769.71826171875, policy loss is 0.028925810009241104
value loss is 6915.0703125, policy loss is 0.028034118935465813
value loss is 5721.78125, policy loss is 0.017691517248749733
value loss is 6398.82666015625, policy loss is 0.023343656212091446
value loss is 5775.6201171875, policy loss is 0.02167445607483387
value loss is 4881.7939453125, policy loss is 0.025157131254673004
value loss is 6711.34619140625, policy loss is 0.02476673386991024
value loss is 5938.39306640625, policy loss is 0.02623586729168892
value loss is 5026.494140625, policy loss is 0.025674069300293922
value loss is 5638.7333984375, policy loss is 0.018259916454553604
value loss is 5856.69384765625, policy loss is 0.014359291642904282
value loss is 5768.48681640625, policy loss is 0.020234260708093643
value loss is 5960.94580078125, policy loss is 0.012019549496471882
value loss is 4975.10986328125, policy loss is 0.017195861786603928
value loss is 6171.693359375, policy loss is 0.021523553878068924
kl:0.00003,lr_multiplier:11.391,loss:6171.71484375,entropy:2.4701484586969308e-18,explained_var_old:-0.124,explained_var_new:-0.052
current batch: 6
313
Mask initialization completed successfully
WARNING: the state has no route legal actions
WARNING: the state has no route legal actions
WARNING: the state has no route legal actions
WARNING: the state has no route legal actions
WARNING: the state has no route legal actions
WARNING: the state has no legal actions
cur move is -1
the mapping is success
current latency: 213.0
313
Mask initialization completed successfully
WARNING: the state has no route legal actions
WARNING: the state has no route legal actions
WARNING: the state has no route legal actions
WARNING: the state has no route legal actions
WARNING: the state has no route legal actions
WARNING: the state has no legal actions
cur move is -1
the mapping is success
collect data... | current latency: -220
313
Mask initialization completed successfully
WARNING: the state has no route legal actions
WARNING: the state has no route legal actions
WARNING: the state has no route legal actions
WARNING: the state has no route legal actions
WARNING: the state has no route legal actions
WARNING: the state has no legal actions
cur move is -1
the mapping is success
collect data... | current latency: -208
313
Mask initialization completed successfully
WARNING: the state has no route legal actions
WARNING: the state has no route legal actions
WARNING: the state has no route legal actions
WARNING: the state has no route legal actions
WARNING: the state has no route legal actions
WARNING: the state don't need to route actions
WARNING: the state has no legal actions
cur move is -1
the mapping is success
collect data... | current latency: -217
313
Mask initialization completed successfully
WARNING: the state has no route legal actions
WARNING: the state has no route legal actions
WARNING: the state has no route legal actions
WARNING: the state has no route legal actions
WARNING: the state has no route legal actions
WARNING: the state don't need to route actions
WARNING: the state has no legal actions
cur move is -1
the mapping is success
collect data... | current latency: -188
313
Mask initialization completed successfully
WARNING: the state has no route legal actions
WARNING: the state has no route legal actions
WARNING: the state has no route legal actions
WARNING: the state has no route legal actions
WARNING: the state has no route legal actions
WARNING: the state has no legal actions
cur move is -1
the mapping is success
collect data... | current latency: -177
313
Mask initialization completed successfully
WARNING: the state has no route legal actions
WARNING: the state has no route legal actions
WARNING: the state has no route legal actions
WARNING: the state has no route legal actions
WARNING: the state has no route legal actions
WARNING: the state has no legal actions
cur move is -1
the mapping is success
collect data... | current latency: -238
313
Mask initialization completed successfully
WARNING: the state has no route legal actions
WARNING: the state has no route legal actions
WARNING: the state has no route legal actions
WARNING: the state has no route legal actions
WARNING: the state has no route legal actions
WARNING: the state don't need to route actions
WARNING: the state don't need to route actions
WARNING: the state has no legal actions
cur move is -1
the mapping is success
collect data... | current latency: -225
313
Mask initialization completed successfully
WARNING: the state has no route legal actions
WARNING: the state has no route legal actions
WARNING: the state has no route legal actions
WARNING: the state has no route legal actions
WARNING: the state has no route legal actions
WARNING: the state don't need to route actions
WARNING: the state has no legal actions
cur move is -1
the mapping is success
collect data... | current latency: -249
313
Mask initialization completed successfully
WARNING: the state has no route legal actions
WARNING: the state has no route legal actions
WARNING: the state has no route legal actions
WARNING: the state has no route legal actions
WARNING: the state has no route legal actions
WARNING: the state don't need to route actions
WARNING: the state has no legal actions
cur move is -1
the mapping is success
collect data... | current latency: -259
313
Mask initialization completed successfully
WARNING: the state has no route legal actions
WARNING: the state has no route legal actions
WARNING: the state has no route legal actions
WARNING: the state has no route legal actions
WARNING: the state has no route legal actions
WARNING: the state has no legal actions
cur move is -1
the mapping is success
collect data... | current latency: -183
value loss is 2586.712890625, policy loss is 0.011817719787359238
value loss is 2990.500732421875, policy loss is 0.01800183393061161
value loss is 1987.787109375, policy loss is 0.024040386080741882
value loss is 1922.833984375, policy loss is 0.03656935319304466
value loss is 2191.9892578125, policy loss is 0.032395873218774796
value loss is 2600.010009765625, policy loss is 0.04443378373980522
value loss is 1995.1197509765625, policy loss is 0.050432659685611725
value loss is 2419.264892578125, policy loss is 0.03818826749920845
value loss is 3009.41064453125, policy loss is 0.03160049393773079
value loss is 2846.14453125, policy loss is 0.02873171865940094
value loss is 3056.723388671875, policy loss is 0.02449195459485054
value loss is 2555.0751953125, policy loss is 0.022054854780435562
value loss is 3416.080810546875, policy loss is 0.014211251400411129
value loss is 2047.52490234375, policy loss is 0.02483808994293213
value loss is 2595.04833984375, policy loss is 0.04566463455557823
value loss is 3090.194580078125, policy loss is 0.02878875471651554
value loss is 2061.046875, policy loss is 0.025441143661737442
value loss is 2673.66357421875, policy loss is 0.02466321922838688
value loss is 2696.294921875, policy loss is 0.030535617843270302
value loss is 2008.0191650390625, policy loss is 0.03407205268740654
kl:0.00003,lr_multiplier:11.391,loss:2008.05322265625,entropy:6.830882881558864e-08,explained_var_old:0.107,explained_var_new:0.096
current batch: 7
313
Mask initialization completed successfully
WARNING: the state has no route legal actions
WARNING: the state has no route legal actions
WARNING: the state has no route legal actions
WARNING: the state has no route legal actions
WARNING: the state has no route legal actions
WARNING: the state has no legal actions
cur move is -1
the mapping is success
current latency: 223.0
313
Mask initialization completed successfully
WARNING: the state has no route legal actions
WARNING: the state has no route legal actions
WARNING: the state has no route legal actions
WARNING: the state has no route legal actions
WARNING: the state has no route legal actions
WARNING: the state don't need to route actions
WARNING: the state has no legal actions
cur move is -1
the mapping is success
collect data... | current latency: -272
313
Mask initialization completed successfully
WARNING: the state has no route legal actions
WARNING: the state has no route legal actions
WARNING: the state has no route legal actions
WARNING: the state has no route legal actions
WARNING: the state has no route legal actions
WARNING: the state don't need to route actions
WARNING: the state has no legal actions
cur move is -1
the mapping is success
collect data... | current latency: -201
313
Mask initialization completed successfully
WARNING: the state has no route legal actions
WARNING: the state has no route legal actions
WARNING: the state has no route legal actions
WARNING: the state has no route legal actions
WARNING: the state has no route legal actions
WARNING: the state don't need to route actions
WARNING: the state has no legal actions
cur move is -1
the mapping is success
collect data... | current latency: -281
313
Mask initialization completed successfully
WARNING: the state has no route legal actions
WARNING: the state has no route legal actions
WARNING: the state has no route legal actions
WARNING: the state has no route legal actions
WARNING: the state has no route legal actions
WARNING: the state has no legal actions
cur move is -1
the mapping is success
collect data... | current latency: -219
313
Mask initialization completed successfully
WARNING: the state has no route legal actions
WARNING: the state has no route legal actions
WARNING: the state has no route legal actions
WARNING: the state has no route legal actions
WARNING: the state has no route legal actions
WARNING: the state don't need to route actions
WARNING: the state has no legal actions
cur move is -1
the mapping is success
collect data... | current latency: -194
313
Mask initialization completed successfully
WARNING: the state has no route legal actions
WARNING: the state has no route legal actions
WARNING: the state has no route legal actions
WARNING: the state has no route legal actions
WARNING: the state has no route legal actions
WARNING: the state has no legal actions
cur move is -1
the mapping is success
collect data... | current latency: -245
313
Mask initialization completed successfully
WARNING: the state has no route legal actions
WARNING: the state has no route legal actions
WARNING: the state has no route legal actions
WARNING: the state has no route legal actions
WARNING: the state has no route legal actions
WARNING: the state has no legal actions
cur move is -1
the mapping is success
collect data... | current latency: -167
313
Mask initialization completed successfully
WARNING: the state has no route legal actions
WARNING: the state has no route legal actions
WARNING: the state has no route legal actions
WARNING: the state has no route legal actions
WARNING: the state has no route legal actions
WARNING: the state don't need to route actions
WARNING: the state has no legal actions
cur move is -1
the mapping is success
collect data... | current latency: -217
313
Mask initialization completed successfully
WARNING: the state has no route legal actions
WARNING: the state has no route legal actions
WARNING: the state has no route legal actions
WARNING: the state has no route legal actions
WARNING: the state has no route legal actions
WARNING: the state don't need to route actions
WARNING: the state has no legal actions
cur move is -1
the mapping is success
collect data... | current latency: -261
313
Mask initialization completed successfully
WARNING: the state has no route legal actions
WARNING: the state has no route legal actions
WARNING: the state has no route legal actions
WARNING: the state has no route legal actions
WARNING: the state has no route legal actions
WARNING: the state has no legal actions
cur move is -1
the mapping is success
collect data... | current latency: -197
value loss is 3613.003173828125, policy loss is 0.06646903604269028
value loss is 4386.109375, policy loss is 0.06188852712512016
value loss is 4033.966064453125, policy loss is 0.04226929694414139
value loss is 3766.056640625, policy loss is 0.041398245841264725
value loss is 4747.33349609375, policy loss is 0.04847879335284233
value loss is 4248.90869140625, policy loss is 0.045099932700395584
value loss is 4755.5673828125, policy loss is 0.048725832253694534
value loss is 3872.993896484375, policy loss is 0.03165043517947197
value loss is 5517.7900390625, policy loss is 0.03159455582499504
value loss is 3806.4375, policy loss is 0.03197409212589264
value loss is 4108.646484375, policy loss is 0.03699649125337601
value loss is 3682.10791015625, policy loss is 0.0493336096405983
value loss is 3179.710693359375, policy loss is 0.04145604372024536
value loss is 4422.14794921875, policy loss is 0.03777771070599556
value loss is 4134.72021484375, policy loss is 0.0348692312836647
value loss is 4075.648193359375, policy loss is 0.04013080894947052
value loss is 4099.60302734375, policy loss is 0.04245103895664215
value loss is 3832.470458984375, policy loss is 0.031060416251420975
value loss is 3985.259033203125, policy loss is 0.02689516358077526
value loss is 2814.070556640625, policy loss is 0.0276225283741951
kl:0.00003,lr_multiplier:11.391,loss:2814.09814453125,entropy:0.13226930797100067,explained_var_old:-0.400,explained_var_new:-0.191
current batch: 8
313
Mask initialization completed successfully
WARNING: the state has no route legal actions
WARNING: the state has no route legal actions
WARNING: the state has no route legal actions
WARNING: the state has no route legal actions
WARNING: the state has no route legal actions
WARNING: the state has no legal actions
cur move is -1
the mapping is success
current latency: 198.0
313
Mask initialization completed successfully
WARNING: the state has no route legal actions
WARNING: the state has no route legal actions
WARNING: the state has no route legal actions
WARNING: the state has no route legal actions
WARNING: the state has no route legal actions
WARNING: the state don't need to route actions
WARNING: the state has no legal actions
cur move is -1
the mapping is success
collect data... | current latency: -278
313
Mask initialization completed successfully
WARNING: the state has no route legal actions
WARNING: the state has no route legal actions
WARNING: the state has no route legal actions
WARNING: the state has no route legal actions
WARNING: the state has no route legal actions
WARNING: the state has no legal actions
cur move is -1
the mapping is success
collect data... | current latency: -276
313
Mask initialization completed successfully
WARNING: the state has no route legal actions
WARNING: the state has no route legal actions
WARNING: the state has no route legal actions
WARNING: the state has no route legal actions
WARNING: the state has no route legal actions
WARNING: the state don't need to route actions
WARNING: the state has no legal actions
cur move is -1
the mapping is success
collect data... | current latency: -337
313
Mask initialization completed successfully
WARNING: the state has no route legal actions
WARNING: the state has no route legal actions
WARNING: the state has no route legal actions
WARNING: the state has no route legal actions
WARNING: the state has no route legal actions
WARNING: the state don't need to route actions
WARNING: the state has no legal actions
cur move is -1
the mapping is success
collect data... | current latency: -211
313
Mask initialization completed successfully
WARNING: the state has no route legal actions
WARNING: the state has no route legal actions
WARNING: the state has no route legal actions
WARNING: the state has no route legal actions
WARNING: the state has no route legal actions
WARNING: the state has no legal actions
cur move is -1
the mapping is success
collect data... | current latency: -253
313
Mask initialization completed successfully
WARNING: the state has no route legal actions
WARNING: the state has no route legal actions
WARNING: the state has no route legal actions
WARNING: the state has no route legal actions
WARNING: the state has no route legal actions
WARNING: the state don't need to route actions
WARNING: the state has no legal actions
cur move is -1
the mapping is success
collect data... | current latency: -274
313
Mask initialization completed successfully
WARNING: the state has no route legal actions
WARNING: the state has no route legal actions
WARNING: the state has no route legal actions
WARNING: the state has no route legal actions
WARNING: the state has no route legal actions
WARNING: the state don't need to route actions
WARNING: the state has no legal actions
cur move is -1
the mapping is success
collect data... | current latency: -221
313
Mask initialization completed successfully
WARNING: the state has no route legal actions
WARNING: the state has no route legal actions
WARNING: the state has no route legal actions
WARNING: the state has no route legal actions
WARNING: the state has no route legal actions
WARNING: the state has no legal actions
cur move is -1
the mapping is success
collect data... | current latency: -192
313
Mask initialization completed successfully
WARNING: the state has no route legal actions
WARNING: the state has no route legal actions
WARNING: the state has no route legal actions
WARNING: the state has no route legal actions
WARNING: the state has no route legal actions
WARNING: the state don't need to route actions
WARNING: the state has no legal actions
cur move is -1
the mapping is success
collect data... | current latency: -239
313
Mask initialization completed successfully
WARNING: the state has no route legal actions
WARNING: the state has no route legal actions
WARNING: the state has no route legal actions
WARNING: the state has no route legal actions
WARNING: the state has no route legal actions
WARNING: the state don't need to route actions
WARNING: the state has no legal actions
cur move is -1
the mapping is success
collect data... | current latency: -234
value loss is 6408.08740234375, policy loss is 0.050579704344272614
value loss is 4824.1650390625, policy loss is 0.05356704816222191
value loss is 5888.65673828125, policy loss is 0.04686441645026207
value loss is 5075.86279296875, policy loss is 0.041439399123191833
value loss is 4800.87548828125, policy loss is 0.028608078137040138
value loss is 5461.7568359375, policy loss is 0.033926863223314285
value loss is 5325.84619140625, policy loss is 0.04763416200876236
value loss is 5087.560546875, policy loss is 0.029731273651123047
value loss is 6371.07958984375, policy loss is 0.03120959736406803
value loss is 3611.064208984375, policy loss is 0.029610125347971916
value loss is 5096.509765625, policy loss is 0.03854277357459068
value loss is 5356.6357421875, policy loss is 0.03386829420924187
value loss is 4744.275390625, policy loss is 0.04179518669843674
value loss is 5024.5029296875, policy loss is 0.03787534683942795
value loss is 5247.7001953125, policy loss is 0.03078128956258297
value loss is 3923.47509765625, policy loss is 0.030343933030962944
value loss is 4961.560546875, policy loss is 0.026279335841536522
value loss is 4465.37109375, policy loss is 0.013916898518800735
value loss is 4852.2373046875, policy loss is 0.01989658549427986
value loss is 5313.15234375, policy loss is 0.0183552298694849
kl:0.00002,lr_multiplier:11.391,loss:5313.1708984375,entropy:0.0961393415927887,explained_var_old:-0.001,explained_var_new:-0.049
current batch: 9
313
Mask initialization completed successfully
WARNING: the state has no route legal actions
WARNING: the state has no route legal actions
WARNING: the state has no route legal actions
WARNING: the state has no route legal actions
WARNING: the state has no route legal actions
WARNING: the state has no legal actions
cur move is -1
the mapping is success
current latency: 215.0
313
Mask initialization completed successfully
WARNING: the state has no route legal actions
WARNING: the state has no route legal actions
WARNING: the state has no route legal actions
WARNING: the state has no route legal actions
WARNING: the state has no route legal actions
WARNING: the state has no legal actions
cur move is -1
the mapping is success
collect data... | current latency: -211
313
Mask initialization completed successfully
WARNING: the state has no route legal actions
WARNING: the state has no route legal actions
WARNING: the state has no route legal actions
WARNING: the state has no route legal actions
WARNING: the state has no route legal actions
WARNING: the state don't need to route actions
WARNING: the state has no legal actions
cur move is -1
the mapping is success
collect data... | current latency: -208
313
Mask initialization completed successfully
WARNING: the state has no route legal actions
WARNING: the state has no route legal actions
WARNING: the state has no route legal actions
WARNING: the state has no route legal actions
WARNING: the state has no route legal actions
WARNING: the state don't need to route actions
WARNING: the state has no legal actions
cur move is -1
the mapping is success
collect data... | current latency: -247
313
Mask initialization completed successfully
WARNING: the state has no route legal actions
WARNING: the state has no route legal actions
WARNING: the state has no route legal actions
WARNING: the state has no route legal actions
WARNING: the state has no route legal actions
WARNING: the state don't need to route actions
WARNING: the state has no legal actions
cur move is -1
the mapping is success
collect data... | current latency: -252
313
Mask initialization completed successfully
WARNING: the state has no route legal actions
WARNING: the state has no route legal actions
WARNING: the state has no route legal actions
WARNING: the state has no route legal actions
WARNING: the state has no route legal actions
WARNING: the state has no legal actions
cur move is -1
the mapping is success
collect data... | current latency: -255
313
Mask initialization completed successfully
WARNING: the state has no route legal actions
WARNING: the state has no route legal actions
WARNING: the state has no route legal actions
WARNING: the state has no route legal actions
WARNING: the state don't need to route actions
WARNING: the state has no route legal actions
WARNING: the state has no legal actions
cur move is -1
the mapping is success
collect data... | current latency: -323
313
Mask initialization completed successfully
WARNING: the state has no route legal actions
WARNING: the state has no route legal actions
WARNING: the state has no route legal actions
WARNING: the state has no route legal actions
WARNING: the state has no route legal actions
WARNING: the state don't need to route actions
WARNING: the state has no legal actions
cur move is -1
the mapping is success
collect data... | current latency: -266
313
Mask initialization completed successfully
WARNING: the state has no route legal actions
WARNING: the state has no route legal actions
WARNING: the state has no route legal actions
WARNING: the state has no route legal actions
WARNING: the state has no route legal actions
WARNING: the state don't need to route actions
WARNING: the state has no legal actions
cur move is -1
the mapping is success
collect data... | current latency: -286
313
Mask initialization completed successfully
WARNING: the state has no route legal actions
WARNING: the state has no route legal actions
WARNING: the state has no route legal actions
WARNING: the state has no route legal actions
WARNING: the state has no route legal actions
WARNING: the state has no legal actions
cur move is -1
the mapping is success
collect data... | current latency: -338
313
Mask initialization completed successfully
WARNING: the state has no route legal actions
WARNING: the state has no route legal actions
WARNING: the state has no route legal actions
WARNING: the state has no route legal actions
WARNING: the state has no route legal actions
WARNING: the state don't need to route actions
WARNING: the state has no legal actions
cur move is -1
the mapping is success
collect data... | current latency: -256
value loss is 6128.76611328125, policy loss is 0.011032497510313988
value loss is 4097.98291015625, policy loss is 0.011866604909300804
value loss is 4667.9169921875, policy loss is 0.013368835672736168
value loss is 4020.1015625, policy loss is 0.012069929391145706
value loss is 2991.696044921875, policy loss is 0.014539629220962524
value loss is 4047.34228515625, policy loss is 0.010022959671914577
value loss is 4593.072265625, policy loss is 0.01050499640405178
value loss is 4507.99951171875, policy loss is 0.01300912257283926
value loss is 4225.908203125, policy loss is 0.007959841750562191
value loss is 5382.58203125, policy loss is 0.012234752997756004
value loss is 4736.22607421875, policy loss is 0.007361132185906172
value loss is 4637.53125, policy loss is 0.008882678113877773
value loss is 5329.6171875, policy loss is 0.009377897717058659
value loss is 4780.33056640625, policy loss is 0.010969789698719978
value loss is 3728.554443359375, policy loss is 0.0098348343744874
value loss is 4539.0146484375, policy loss is 0.007120080292224884
value loss is 4506.57958984375, policy loss is 0.009195716120302677
value loss is 4240.75537109375, policy loss is 0.01415275875478983
value loss is 3950.152099609375, policy loss is 0.012165728956460953
value loss is 5794.6982421875, policy loss is 0.0180968027561903
kl:-0.00000,lr_multiplier:11.391,loss:5794.71630859375,entropy:1.135304623105422e-15,explained_var_old:-0.127,explained_var_new:0.164
current batch: 10
313
Mask initialization completed successfully
WARNING: the state has no route legal actions
WARNING: the state has no route legal actions
WARNING: the state has no route legal actions
WARNING: the state has no route legal actions
WARNING: the state has no route legal actions
WARNING: the state has no legal actions
cur move is -1
the mapping is success
current latency: 188.0
training...        ━━━━━━━━━━━━━━━━━━━━━━━━━━━━━━━━━━━━━━━━ 100% 0:00:00
collecting data... ━━━━━━━━━━━━━━━━━━━━━━━━━━━━━━━━━━━━━━━━ 100% 0:00:00
/root/wafer-compiler/mapper/net.py:333: UserWarning: Creating a tensor from a list of numpy.ndarrays is extremely slow. Please consider converting the list to a single numpy.ndarray with numpy.array() before converting to a tensor. (Triggered internally at /opt/conda/conda-bld/pytorch_1724789259345/work/torch/csrc/utils/tensor_new.cpp:278.)
  batch_state, torch.FloatTensor(batch_mask).unsqueeze(1).to(self.device)
[[  0.   0.   0.   0.   0.]
 [  1.   1.   4.   1.  -1.]
 [  2.   1.   4.   1.  -1.]
 ...
 [320.   1.   4.   1.  -1.]
 [321.   1.   4.   1.  -1.]
 [322.   1.   4.   1.  -1.]]
[[0. 0. 0. 0. 0. 0. 0. 0. 1. 0.]
 [0. 0. 0. 0. 0. 1. 0. 0. 0. 0.]
 [0. 0. 0. 0. 0. 1. 0. 0. 0. 0.]
 [0. 0. 0. 0. 0. 0. 1. 0. 0. 0.]
 [0. 0. 0. 0. 0. 0. 1. 0. 0. 0.]
 [0. 0. 0. 0. 0. 0. 0. 1. 0. 0.]
 [0. 0. 0. 0. 0. 0. 0. 1. 0. 0.]
 [0. 0. 0. 0. 0. 0. 0. 0. 1. 0.]
 [0. 0. 0. 0. 0. 0. 0. 0. 0. 1.]
 [0. 0. 0. 0. 0. 0. 0. 0. 0. 0.]]
313
[[0. 0. 0. ... 0. 0. 0.]
 [0. 0. 0. ... 0. 0. 0.]
 [0. 0. 0. ... 0. 0. 0.]
 ...
 [0. 0. 0. ... 0. 0. 0.]
 [0. 0. 0. ... 0. 0. 0.]
 [0. 0. 0. ... 0. 0. 0.]]
313
313
Mask initialization completed successfully
313
Mask initialization completed successfully
313
Mask initialization completed successfully
action type is <class 'numpy.int64'>
WARNING: the state has no route legal actions
action type is <class 'numpy.int64'>
action type is <class 'numpy.int64'>
WARNING: the state has no route legal actions
action type is <class 'numpy.int64'>
WARNING: the state has no route legal actions
action type is <class 'numpy.int64'>
WARNING: the state has no route legal actions
action type is <class 'numpy.int64'>
WARNING: the state has no route legal actions
WARNING: the state has no legal actions
cur move is -1
the mapping is success
collect data... | current latency: -327
313
Mask initialization completed successfully
action type is <class 'numpy.int64'>
WARNING: the state has no route legal actions
action type is <class 'numpy.int64'>
WARNING: the state has no route legal actions
action type is <class 'numpy.int64'>
WARNING: the state has no route legal actions
action type is <class 'numpy.int64'>
WARNING: the state has no route legal actions
action type is <class 'numpy.int64'>
WARNING: the state has no route legal actions
WARNING: the state don't need to route actions
WARNING: the state has no legal actions
cur move is -1
the mapping is success
collect data... | current latency: -361
313
Mask initialization completed successfully
action type is <class 'numpy.int64'>
WARNING: the state has no route legal actions
action type is <class 'numpy.int64'>
WARNING: the state has no route legal actions
action type is <class 'numpy.int64'>
WARNING: the state has no route legal actions
action type is <class 'numpy.int64'>
action type is <class 'numpy.int64'>
WARNING: the state has no route legal actions
action type is <class 'numpy.int64'>
action type is <class 'numpy.int64'>
WARNING: the state has no route legal actions
WARNING: the state don't need to route actions
WARNING: the state has no legal actions
cur move is -1
the mapping is success
collect data... | current latency: -289
313
Mask initialization completed successfully
action type is <class 'numpy.int64'>
WARNING: the state has no route legal actions
action type is <class 'numpy.int64'>
WARNING: the state has no route legal actions
action type is <class 'numpy.int64'>
WARNING: the state has no route legal actions
action type is <class 'numpy.int64'>
WARNING: the state has no route legal actions
action type is <class 'numpy.int64'>
WARNING: the state has no route legal actions
WARNING: the state don't need to route actions
WARNING: the state don't need to route actions
WARNING: the state has no legal actions
cur move is -1
the mapping is success
collect data... | current latency: -348
313
Mask initialization completed successfully
action type is <class 'numpy.int64'>
WARNING: the state has no route legal actions
action type is <class 'numpy.int64'>
WARNING: the state has no route legal actions
action type is <class 'numpy.int64'>
WARNING: the state has no route legal actions
action type is <class 'numpy.int64'>
WARNING: the state has no route legal actions
action type is <class 'numpy.int64'>
WARNING: the state has no route legal actions
WARNING: the state has no legal actions
cur move is -1
the mapping is success
collect data... | current latency: -361
313
Mask initialization completed successfully
action type is <class 'numpy.int64'>
WARNING: the state has no route legal actions
action type is <class 'numpy.int64'>
WARNING: the state has no route legal actions
action type is <class 'numpy.int64'>
WARNING: the state has no route legal actions
action type is <class 'numpy.int64'>
WARNING: the state has no route legal actions
action type is <class 'numpy.int64'>
WARNING: the state has no route legal actions
WARNING: the state has no legal actions
cur move is -1
the mapping is success
collect data... | current latency: -311
313
Mask initialization completed successfully
action type is <class 'numpy.int64'>
WARNING: the state has no route legal actions
action type is <class 'numpy.int64'>
WARNING: the state has no route legal actions
action type is <class 'numpy.int64'>
WARNING: the state has no route legal actions
WARNING: the state don't need to route actions
action type is <class 'numpy.int64'>
WARNING: the state has no route legal actions
action type is <class 'numpy.int64'>
WARNING: the state has no route legal actions
WARNING: the state has no legal actions
cur move is -1
the mapping is success
collect data... | current latency: -183
313
Mask initialization completed successfully
action type is <class 'numpy.int64'>
WARNING: the state has no route legal actions
action type is <class 'numpy.int64'>
WARNING: the state has no route legal actions
action type is <class 'numpy.int64'>
WARNING: the state has no route legal actions
action type is <class 'numpy.int64'>
WARNING: the state has no route legal actions
action type is <class 'numpy.int64'>
WARNING: the state has no route legal actions
WARNING: the state has no legal actions
cur move is -1
the mapping is success
collect data... | current latency: -371
313
Mask initialization completed successfully
action type is <class 'numpy.int64'>
WARNING: the state has no route legal actions
action type is <class 'numpy.int64'>
WARNING: the state has no route legal actions
action type is <class 'numpy.int64'>
WARNING: the state has no route legal actions
action type is <class 'numpy.int64'>
WARNING: the state has no route legal actions
action type is <class 'numpy.int64'>
WARNING: the state has no route legal actions
WARNING: the state don't need to route actions
WARNING: the state has no legal actions
cur move is -1
the mapping is success
collect data... | current latency: -352
313
Mask initialization completed successfully
action type is <class 'numpy.int64'>
WARNING: the state has no route legal actions
action type is <class 'numpy.int64'>
WARNING: the state has no route legal actions
action type is <class 'numpy.int64'>
WARNING: the state has no route legal actions
action type is <class 'numpy.int64'>
WARNING: the state has no route legal actions
action type is <class 'numpy.int64'>
action type is <class 'numpy.int64'>
WARNING: the state has no route legal actions
WARNING: the state don't need to route actions
WARNING: the state don't need to route actions
WARNING: the state has no legal actions
cur move is -1
the mapping is success
collect data... | current latency: -350
value loss is 1936.6148681640625, policy loss is 0.0395486056804657, reward loss is 352.67083740234375
value loss is 3337.259033203125, policy loss is 0.03921887278556824, reward loss is 2682.4794921875
value loss is 1106.517822265625, policy loss is 0.0393059216439724, reward loss is 301.1833801269531
value loss is 2001.8970947265625, policy loss is 0.03928389400243759, reward loss is 2077.501708984375
value loss is 2816.18505859375, policy loss is 0.03895687311887741, reward loss is 851.140869140625
value loss is 2936.261474609375, policy loss is 0.03891366347670555, reward loss is 2040.529052734375
value loss is 901.656982421875, policy loss is 0.03873293846845627, reward loss is 1510.569580078125
value loss is 1852.6400146484375, policy loss is 0.03875992074608803, reward loss is 733.3958740234375
value loss is 1593.7862548828125, policy loss is 0.03862414509057999, reward loss is 50.00241470336914
value loss is 2165.04150390625, policy loss is 0.03845147415995598, reward loss is 379.7366943359375
value loss is 1770.4827880859375, policy loss is 0.03846396505832672, reward loss is 1115.3050537109375
value loss is 2102.49658203125, policy loss is 0.0383361279964447, reward loss is 634.6561889648438
value loss is 1466.029296875, policy loss is 0.038100432604551315, reward loss is 2307.181884765625
value loss is 2341.604736328125, policy loss is 0.03795405104756355, reward loss is 1093.677001953125
value loss is 2615.8974609375, policy loss is 0.03755020722746849, reward loss is 336.66815185546875
value loss is 3055.47607421875, policy loss is 0.03777524083852768, reward loss is 787.2962646484375
value loss is 1413.7857666015625, policy loss is 0.03736822307109833, reward loss is 374.8995056152344
value loss is 2459.325439453125, policy loss is 0.03742546588182449, reward loss is 195.64576721191406
value loss is 2099.528076171875, policy loss is 0.03707041218876839, reward loss is 467.7591247558594
value loss is 2021.050048828125, policy loss is 0.03690878674387932, reward loss is 918.2984619140625
kl:0.00003,lr_multiplier:1.500,loss:2939.38525390625,entropy:0.8406590819358826,explained_var_old:-0.661,explained_var_new:0.022
kl:0.00064,lr_multiplier:2.250,loss:8355.380859375,entropy:0.22422349452972412,explained_var_old:0.013,explained_var_new:0.050
current batch: 1
313
Mask initialization completed successfully
action type is <class 'numpy.int64'>
WARNING: the state has no route legal actions
action type is <class 'numpy.int64'>
WARNING: the state has no route legal actions
action type is <class 'numpy.int64'>
WARNING: the state has no route legal actions
action type is <class 'numpy.int64'>
WARNING: the state has no route legal actions
action type is <class 'numpy.int64'>
WARNING: the state has no route legal actions
WARNING: the state don't need to route actions
WARNING: the state don't need to route actions
WARNING: the state don't need to route actions
WARNING: the state has no legal actions
cur move is -1
the mapping is success
current latency: 329.0
313
Mask initialization completed successfully
action type is <class 'numpy.int64'>
WARNING: the state has no route legal actions
action type is <class 'numpy.int64'>
WARNING: the state has no route legal actions
action type is <class 'numpy.int64'>
WARNING: the state has no route legal actions
action type is <class 'numpy.int64'>
action type is <class 'numpy.int64'>
WARNING: the state has no route legal actions
action type is <class 'numpy.int64'>
WARNING: the state has no route legal actions
WARNING: the state has no legal actions
cur move is -1
the mapping is success
collect data... | current latency: -301
313
Mask initialization completed successfully
action type is <class 'numpy.int64'>
WARNING: the state has no route legal actions
action type is <class 'numpy.int64'>
WARNING: the state has no route legal actions
action type is <class 'numpy.int64'>
action type is <class 'numpy.int64'>
WARNING: the state has no route legal actions
action type is <class 'numpy.int64'>
WARNING: the state has no route legal actions
action type is <class 'numpy.int64'>
WARNING: the state has no route legal actions
WARNING: the state has no legal actions
cur move is -1
the mapping is success
collect data... | current latency: -308
313
Mask initialization completed successfully
action type is <class 'numpy.int64'>
WARNING: the state has no route legal actions
action type is <class 'numpy.int64'>
WARNING: the state has no route legal actions
action type is <class 'numpy.int64'>
WARNING: the state has no route legal actions
action type is <class 'numpy.int64'>
WARNING: the state has no route legal actions
action type is <class 'numpy.int64'>
WARNING: the state has no route legal actions
WARNING: the state has no legal actions
cur move is -1
the mapping is success
collect data... | current latency: -323
313
Mask initialization completed successfully
action type is <class 'numpy.int64'>
WARNING: the state has no route legal actions
action type is <class 'numpy.int64'>
WARNING: the state has no route legal actions
action type is <class 'numpy.int64'>
WARNING: the state has no route legal actions
action type is <class 'numpy.int64'>
WARNING: the state has no route legal actions
action type is <class 'numpy.int64'>
WARNING: the state has no route legal actions
WARNING: the state don't need to route actions
WARNING: the state has no legal actions
cur move is -1
the mapping is success
collect data... | current latency: -261
313
Mask initialization completed successfully
action type is <class 'numpy.int64'>
WARNING: the state has no route legal actions
action type is <class 'numpy.int64'>
WARNING: the state has no route legal actions
action type is <class 'numpy.int64'>
action type is <class 'numpy.int64'>
WARNING: the state has no route legal actions
action type is <class 'numpy.int64'>
WARNING: the state has no route legal actions
action type is <class 'numpy.int64'>
WARNING: the state has no route legal actions
WARNING: the state has no legal actions
cur move is -1
the mapping is success
collect data... | current latency: -359
313
Mask initialization completed successfully
action type is <class 'numpy.int64'>
WARNING: the state has no route legal actions
action type is <class 'numpy.int64'>
WARNING: the state has no route legal actions
action type is <class 'numpy.int64'>
WARNING: the state has no route legal actions
action type is <class 'numpy.int64'>
action type is <class 'numpy.int64'>
WARNING: the state has no route legal actions
action type is <class 'numpy.int64'>
WARNING: the state has no route legal actions
WARNING: the state has no legal actions
cur move is -1
the mapping is success
collect data... | current latency: -275
313
Mask initialization completed successfully
action type is <class 'numpy.int64'>
WARNING: the state has no route legal actions
action type is <class 'numpy.int64'>
action type is <class 'numpy.int64'>
WARNING: the state has no route legal actions
action type is <class 'numpy.int64'>
WARNING: the state has no route legal actions
action type is <class 'numpy.int64'>
WARNING: the state has no route legal actions
action type is <class 'numpy.int64'>
WARNING: the state has no route legal actions
WARNING: the state has no legal actions
cur move is -1
the mapping is success
collect data... | current latency: -272
313
Mask initialization completed successfully
action type is <class 'numpy.int64'>
WARNING: the state has no route legal actions
action type is <class 'numpy.int64'>
WARNING: the state has no route legal actions
action type is <class 'numpy.int64'>
action type is <class 'numpy.int64'>
WARNING: the state has no route legal actions
action type is <class 'numpy.int64'>
action type is <class 'numpy.int64'>
WARNING: the state has no route legal actions
action type is <class 'numpy.int64'>
WARNING: the state has no route legal actions
WARNING: the state don't need to route actions
WARNING: the state has no legal actions
cur move is -1
the mapping is success
collect data... | current latency: -305
313
Mask initialization completed successfully
action type is <class 'numpy.int64'>
WARNING: the state has no route legal actions
action type is <class 'numpy.int64'>
WARNING: the state has no route legal actions
action type is <class 'numpy.int64'>
WARNING: the state has no route legal actions
action type is <class 'numpy.int64'>
WARNING: the state has no route legal actions
action type is <class 'numpy.int64'>
WARNING: the state has no route legal actions
WARNING: the state has no legal actions
cur move is -1
the mapping is success
collect data... | current latency: -279
313
Mask initialization completed successfully
action type is <class 'numpy.int64'>
WARNING: the state has no route legal actions
action type is <class 'numpy.int64'>
WARNING: the state has no route legal actions
action type is <class 'numpy.int64'>
WARNING: the state has no route legal actions
action type is <class 'numpy.int64'>
WARNING: the state has no route legal actions
action type is <class 'numpy.int64'>
WARNING: the state has no route legal actions
WARNING: the state don't need to route actions
WARNING: the state has no legal actions
cur move is -1
the mapping is success
collect data... | current latency: -269
value loss is 26043.62109375, policy loss is 0.04032637178897858, reward loss is 3641.109375
value loss is 15648.283203125, policy loss is 0.039317019283771515, reward loss is 1160.3587646484375
value loss is 6489.84619140625, policy loss is 0.038314592093229294, reward loss is 64.6058349609375
value loss is 833.3427124023438, policy loss is 0.03751251846551895, reward loss is 1675.0443115234375
value loss is 323.87567138671875, policy loss is 0.036694709211587906, reward loss is 1630.2608642578125
value loss is 2426.865966796875, policy loss is 0.03614098206162453, reward loss is 862.9637451171875
value loss is 2386.138916015625, policy loss is 0.03596850112080574, reward loss is 82.37545776367188
value loss is 2279.78466796875, policy loss is 0.035626500844955444, reward loss is 404.17144775390625
value loss is 2029.903076171875, policy loss is 0.034992631524801254, reward loss is 572.0447387695312
value loss is 1455.06640625, policy loss is 0.034750375896692276, reward loss is 1124.7823486328125
value loss is 1223.3017578125, policy loss is 0.03373734652996063, reward loss is 1167.0390625
value loss is 559.5985107421875, policy loss is 0.03348254784941673, reward loss is 854.074951171875
value loss is 196.34017944335938, policy loss is 0.03307076916098595, reward loss is 1063.2979736328125
value loss is 76.66136932373047, policy loss is 0.031956419348716736, reward loss is 422.06866455078125
value loss is 30.356657028198242, policy loss is 0.030388010665774345, reward loss is 296.93292236328125
value loss is 38.9680061340332, policy loss is 0.029560117051005363, reward loss is 319.69927978515625
value loss is 104.62637329101562, policy loss is 0.02920583449304104, reward loss is 60.03506088256836
value loss is 424.30181884765625, policy loss is 0.02360454387962818, reward loss is 258.026611328125
value loss is 236.22882080078125, policy loss is 0.02335479110479355, reward loss is 246.36810302734375
value loss is 130.07891845703125, policy loss is 0.021485961973667145, reward loss is 1225.814453125
kl:0.00003,lr_multiplier:3.375,loss:1355.914794921875,entropy:2.613208770751953,explained_var_old:-inf,explained_var_new:-inf
kl:0.00056,lr_multiplier:5.062,loss:4965.12255859375,entropy:0.05083325505256653,explained_var_old:0.003,explained_var_new:0.116
current batch: 2
313
Mask initialization completed successfully
action type is <class 'numpy.int64'>
WARNING: the state has no route legal actions
action type is <class 'numpy.int64'>
WARNING: the state has no route legal actions
action type is <class 'numpy.int64'>
WARNING: the state has no route legal actions
action type is <class 'numpy.int64'>
WARNING: the state has no route legal actions
action type is <class 'numpy.int64'>
WARNING: the state has no route legal actions
WARNING: the state don't need to route actions
WARNING: the state has no legal actions
cur move is -1
the mapping is success
current latency: 290.0
313
Mask initialization completed successfully
action type is <class 'numpy.int64'>
WARNING: the state has no route legal actions
action type is <class 'numpy.int64'>
WARNING: the state has no route legal actions
action type is <class 'numpy.int64'>
WARNING: the state has no route legal actions
action type is <class 'numpy.int64'>
WARNING: the state has no route legal actions
action type is <class 'numpy.int64'>
WARNING: the state has no route legal actions
WARNING: the state don't need to route actions
WARNING: the state has no legal actions
cur move is -1
the mapping is success
collect data... | current latency: -317
313
Mask initialization completed successfully
action type is <class 'numpy.int64'>
WARNING: the state has no route legal actions
action type is <class 'numpy.int64'>
WARNING: the state has no route legal actions
action type is <class 'numpy.int64'>
WARNING: the state has no route legal actions
action type is <class 'numpy.int64'>
WARNING: the state has no route legal actions
action type is <class 'numpy.int64'>
WARNING: the state has no route legal actions
WARNING: the state has no legal actions
cur move is -1
the mapping is success
collect data... | current latency: -189
313
Mask initialization completed successfully
action type is <class 'numpy.int64'>
WARNING: the state has no route legal actions
action type is <class 'numpy.int64'>
WARNING: the state has no route legal actions
action type is <class 'numpy.int64'>
WARNING: the state has no route legal actions
action type is <class 'numpy.int64'>
WARNING: the state has no route legal actions
action type is <class 'numpy.int64'>
WARNING: the state has no route legal actions
WARNING: the state don't need to route actions
WARNING: the state has no legal actions
cur move is -1
the mapping is success
collect data... | current latency: -272
313
Mask initialization completed successfully
action type is <class 'numpy.int64'>
WARNING: the state has no route legal actions
action type is <class 'numpy.int64'>
WARNING: the state has no route legal actions
action type is <class 'numpy.int64'>
WARNING: the state has no route legal actions
action type is <class 'numpy.int64'>
WARNING: the state has no route legal actions
action type is <class 'numpy.int64'>
WARNING: the state has no route legal actions
WARNING: the state has no legal actions
cur move is -1
the mapping is success
collect data... | current latency: -274
313
Mask initialization completed successfully
action type is <class 'numpy.int64'>
WARNING: the state has no route legal actions
action type is <class 'numpy.int64'>
WARNING: the state has no route legal actions
action type is <class 'numpy.int64'>
WARNING: the state has no route legal actions
action type is <class 'numpy.int64'>
WARNING: the state has no route legal actions
action type is <class 'numpy.int64'>
WARNING: the state has no route legal actions
WARNING: the state don't need to route actions
WARNING: the state has no legal actions
cur move is -1
the mapping is success
collect data... | current latency: -314
313
Mask initialization completed successfully
action type is <class 'numpy.int64'>
WARNING: the state has no route legal actions
action type is <class 'numpy.int64'>
WARNING: the state has no route legal actions
action type is <class 'numpy.int64'>
WARNING: the state has no route legal actions
action type is <class 'numpy.int64'>
WARNING: the state has no route legal actions
action type is <class 'numpy.int64'>
WARNING: the state has no route legal actions
WARNING: the state don't need to route actions
WARNING: the state has no legal actions
cur move is -1
the mapping is success
collect data... | current latency: -295
313
Mask initialization completed successfully
action type is <class 'numpy.int64'>
WARNING: the state has no route legal actions
action type is <class 'numpy.int64'>
WARNING: the state has no route legal actions
action type is <class 'numpy.int64'>
WARNING: the state has no route legal actions
action type is <class 'numpy.int64'>
WARNING: the state has no route legal actions
action type is <class 'numpy.int64'>
WARNING: the state has no route legal actions
WARNING: the state has no legal actions
cur move is -1
the mapping is success
collect data... | current latency: -275
313
Mask initialization completed successfully
action type is <class 'numpy.int64'>
WARNING: the state has no route legal actions
action type is <class 'numpy.int64'>
WARNING: the state has no route legal actions
action type is <class 'numpy.int64'>
WARNING: the state has no route legal actions
action type is <class 'numpy.int64'>
WARNING: the state has no route legal actions
action type is <class 'numpy.int64'>
WARNING: the state has no route legal actions
WARNING: the state has no legal actions
cur move is -1
the mapping is success
collect data... | current latency: -308
313
Mask initialization completed successfully
action type is <class 'numpy.int64'>
WARNING: the state has no route legal actions
action type is <class 'numpy.int64'>
WARNING: the state has no route legal actions
action type is <class 'numpy.int64'>
WARNING: the state has no route legal actions
action type is <class 'numpy.int64'>
WARNING: the state has no route legal actions
action type is <class 'numpy.int64'>
WARNING: the state has no route legal actions
WARNING: the state has no legal actions
cur move is -1
the mapping is success
collect data... | current latency: -317
313
Mask initialization completed successfully
action type is <class 'numpy.int64'>
WARNING: the state has no route legal actions
action type is <class 'numpy.int64'>
WARNING: the state has no route legal actions
action type is <class 'numpy.int64'>
WARNING: the state has no route legal actions
action type is <class 'numpy.int64'>
WARNING: the state has no route legal actions
action type is <class 'numpy.int64'>
WARNING: the state has no route legal actions
WARNING: the state has no legal actions
cur move is -1
the mapping is success
collect data... | current latency: -287
value loss is 12496.734375, policy loss is 0.04427547752857208, reward loss is 248.30337524414062
value loss is 10156.310546875, policy loss is 0.0425693653523922, reward loss is 158.41876220703125
value loss is 4659.03564453125, policy loss is 0.03988173231482506, reward loss is 415.7497863769531
value loss is 1635.8797607421875, policy loss is 0.03768128529191017, reward loss is 721.236083984375
value loss is 466.8551025390625, policy loss is 0.035876303911209106, reward loss is 960.818603515625
value loss is 81.550537109375, policy loss is 0.03472305089235306, reward loss is 1758.64697265625
value loss is 0.3753516674041748, policy loss is 0.03312380611896515, reward loss is 1780.956298828125
value loss is 16.083820343017578, policy loss is 0.03218768537044525, reward loss is 1481.340576171875
value loss is 47.35085678100586, policy loss is 0.0312558114528656, reward loss is 1577.8687744140625
value loss is 95.93989562988281, policy loss is 0.029075689613819122, reward loss is 328.5160217285156
value loss is 207.59799194335938, policy loss is 0.024399826303124428, reward loss is 554.5945434570312
value loss is 294.4035339355469, policy loss is 0.018804602324962616, reward loss is 64.76815795898438
value loss is 349.15313720703125, policy loss is 0.01880849339067936, reward loss is 294.81671142578125
value loss is 248.73814392089844, policy loss is 0.013675374910235405, reward loss is 696.20458984375
value loss is 116.82169342041016, policy loss is 0.015420553274452686, reward loss is 93.02412414550781
value loss is 26.57998275756836, policy loss is 0.011900343932211399, reward loss is 19.310043334960938
value loss is 2.3287129402160645, policy loss is 0.008966959081590176, reward loss is 318.2364501953125
value loss is 10.828866958618164, policy loss is 0.0015122994082048535, reward loss is 486.7449035644531
value loss is 42.514068603515625, policy loss is 0.00443323515355587, reward loss is 433.1607360839844
value loss is 6.856558799743652, policy loss is -0.0, reward loss is 56.285865783691406
kl:0.00001,lr_multiplier:7.594,loss:63.142425537109375,entropy:-0.0,explained_var_old:-inf,explained_var_new:-inf
kl:0.00058,lr_multiplier:11.391,loss:3413.56103515625,entropy:2.6716077172750374e-06,explained_var_old:0.009,explained_var_new:0.161
current batch: 3
313
Mask initialization completed successfully
action type is <class 'numpy.int64'>
WARNING: the state has no route legal actions
action type is <class 'numpy.int64'>
WARNING: the state has no route legal actions
action type is <class 'numpy.int64'>
WARNING: the state has no route legal actions
action type is <class 'numpy.int64'>
WARNING: the state has no route legal actions
action type is <class 'numpy.int64'>
WARNING: the state has no route legal actions
WARNING: the state has no legal actions
cur move is -1
the mapping is success
current latency: 118.0
313
Mask initialization completed successfully
action type is <class 'numpy.int64'>
WARNING: the state has no route legal actions
action type is <class 'numpy.int64'>
WARNING: the state has no route legal actions
action type is <class 'numpy.int64'>
WARNING: the state has no route legal actions
action type is <class 'numpy.int64'>
WARNING: the state has no route legal actions
action type is <class 'numpy.int64'>
WARNING: the state has no route legal actions
WARNING: the state has no legal actions
cur move is -1
the mapping is success
collect data... | current latency: -159
313
Mask initialization completed successfully
action type is <class 'numpy.int64'>
WARNING: the state has no route legal actions
action type is <class 'numpy.int64'>
WARNING: the state has no route legal actions
action type is <class 'numpy.int64'>
WARNING: the state has no route legal actions
action type is <class 'numpy.int64'>
WARNING: the state has no route legal actions
action type is <class 'numpy.int64'>
WARNING: the state has no route legal actions
WARNING: the state has no legal actions
cur move is -1
the mapping is success
collect data... | current latency: -87
313
Mask initialization completed successfully
action type is <class 'numpy.int64'>
WARNING: the state has no route legal actions
action type is <class 'numpy.int64'>
WARNING: the state has no route legal actions
action type is <class 'numpy.int64'>
WARNING: the state has no route legal actions
action type is <class 'numpy.int64'>
WARNING: the state has no route legal actions
action type is <class 'numpy.int64'>
WARNING: the state has no route legal actions
WARNING: the state has no legal actions
cur move is -1
the mapping is success
collect data... | current latency: -129
313
Mask initialization completed successfully
action type is <class 'numpy.int64'>
WARNING: the state has no route legal actions
action type is <class 'numpy.int64'>
WARNING: the state has no route legal actions
action type is <class 'numpy.int64'>
WARNING: the state has no route legal actions
action type is <class 'numpy.int64'>
WARNING: the state has no route legal actions
action type is <class 'numpy.int64'>
WARNING: the state has no route legal actions
WARNING: the state has no legal actions
cur move is -1
the mapping is success
collect data... | current latency: -81
313
Mask initialization completed successfully
action type is <class 'numpy.int64'>
WARNING: the state has no route legal actions
action type is <class 'numpy.int64'>
WARNING: the state has no route legal actions
action type is <class 'numpy.int64'>
WARNING: the state has no route legal actions
action type is <class 'numpy.int64'>
WARNING: the state has no route legal actions
action type is <class 'numpy.int64'>
WARNING: the state has no route legal actions
WARNING: the state has no legal actions
cur move is -1
the mapping is success
collect data... | current latency: -90
313
Mask initialization completed successfully
action type is <class 'numpy.int64'>
WARNING: the state has no route legal actions
action type is <class 'numpy.int64'>
WARNING: the state has no route legal actions
action type is <class 'numpy.int64'>
WARNING: the state has no route legal actions
action type is <class 'numpy.int64'>
WARNING: the state has no route legal actions
action type is <class 'numpy.int64'>
WARNING: the state has no route legal actions
WARNING: the state has no legal actions
cur move is -1
the mapping is success
collect data... | current latency: -82
313
Mask initialization completed successfully
action type is <class 'numpy.int64'>
WARNING: the state has no route legal actions
action type is <class 'numpy.int64'>
WARNING: the state has no route legal actions
action type is <class 'numpy.int64'>
WARNING: the state has no route legal actions
action type is <class 'numpy.int64'>
WARNING: the state has no route legal actions
action type is <class 'numpy.int64'>
WARNING: the state has no route legal actions
WARNING: the state has no legal actions
cur move is -1
the mapping is success
collect data... | current latency: -81
313
Mask initialization completed successfully
action type is <class 'numpy.int64'>
WARNING: the state has no route legal actions
action type is <class 'numpy.int64'>
WARNING: the state has no route legal actions
action type is <class 'numpy.int64'>
WARNING: the state has no route legal actions
action type is <class 'numpy.int64'>
WARNING: the state has no route legal actions
action type is <class 'numpy.int64'>
WARNING: the state has no route legal actions
WARNING: the state has no legal actions
cur move is -1
the mapping is success
collect data... | current latency: -85
313
Mask initialization completed successfully
action type is <class 'numpy.int64'>
WARNING: the state has no route legal actions
action type is <class 'numpy.int64'>
WARNING: the state has no route legal actions
action type is <class 'numpy.int64'>
WARNING: the state has no route legal actions
action type is <class 'numpy.int64'>
WARNING: the state has no route legal actions
action type is <class 'numpy.int64'>
WARNING: the state has no route legal actions
WARNING: the state has no legal actions
cur move is -1
the mapping is success
collect data... | current latency: -89
313
Mask initialization completed successfully
action type is <class 'numpy.int64'>
WARNING: the state has no route legal actions
action type is <class 'numpy.int64'>
WARNING: the state has no route legal actions
action type is <class 'numpy.int64'>
WARNING: the state has no route legal actions
action type is <class 'numpy.int64'>
WARNING: the state has no route legal actions
action type is <class 'numpy.int64'>
WARNING: the state has no route legal actions
WARNING: the state has no legal actions
cur move is -1
the mapping is success
collect data... | current latency: -76
value loss is 33031.765625, policy loss is 0.05740369111299515, reward loss is 6730.5830078125
value loss is 6329.9404296875, policy loss is 0.03536637872457504, reward loss is 1341.9073486328125
value loss is 1457.2584228515625, policy loss is 0.026829766109585762, reward loss is 3123.47607421875
value loss is 193.94715881347656, policy loss is 0.022886959835886955, reward loss is 3588.836669921875
value loss is 7.9153242111206055, policy loss is 0.03670493885874748, reward loss is 106.88307189941406
value loss is 7.488842010498047, policy loss is 0.050311118364334106, reward loss is 592.5201416015625
value loss is 3.639023780822754, policy loss is 0.015028678812086582, reward loss is 3648.222412109375
value loss is 10.169831275939941, policy loss is 0.0174166988581419, reward loss is 17.150787353515625
value loss is 1.2247891426086426, policy loss is 0.011672351509332657, reward loss is 2524.9677734375
value loss is 1.1704957485198975, policy loss is 0.020661339163780212, reward loss is 1325.463134765625
value loss is 1.988412618637085, policy loss is 0.02773786149919033, reward loss is 2048.480712890625
value loss is 0.732811689376831, policy loss is 0.026680249720811844, reward loss is 2093.8427734375
value loss is 1.4789187908172607, policy loss is 0.015920354053378105, reward loss is 1000.4554443359375
value loss is 0.41365954279899597, policy loss is 0.01208554208278656, reward loss is 446.1805725097656
value loss is 1.2725133895874023, policy loss is 0.020364006981253624, reward loss is 1831.9617919921875
value loss is 1.7856526374816895, policy loss is 0.014558552764356136, reward loss is 269.63360595703125
value loss is 2.622795820236206, policy loss is 0.011222311295568943, reward loss is 552.43701171875
value loss is 1.9113993644714355, policy loss is 0.012945752590894699, reward loss is 534.0360107421875
value loss is 5.029105186462402, policy loss is 0.012045862153172493, reward loss is 9.173449516296387
value loss is 2.8956661224365234, policy loss is 0.006418793927878141, reward loss is 1980.5185546875
kl:0.00003,lr_multiplier:11.391,loss:1983.420654296875,entropy:-0.0,explained_var_old:-inf,explained_var_new:-inf
kl:0.00070,lr_multiplier:11.391,loss:9844.9111328125,entropy:6.200471586908021e-14,explained_var_old:-0.002,explained_var_new:-0.041
current batch: 4
313
Mask initialization completed successfully
action type is <class 'numpy.int64'>
WARNING: the state has no route legal actions
action type is <class 'numpy.int64'>
WARNING: the state has no route legal actions
action type is <class 'numpy.int64'>
WARNING: the state has no route legal actions
action type is <class 'numpy.int64'>
WARNING: the state has no route legal actions
action type is <class 'numpy.int64'>
WARNING: the state has no route legal actions
WARNING: the state has no legal actions
cur move is -1
the mapping is success
current latency: 113.0
313
Mask initialization completed successfully
action type is <class 'numpy.int64'>
WARNING: the state has no route legal actions
action type is <class 'numpy.int64'>
WARNING: the state has no route legal actions
action type is <class 'numpy.int64'>
WARNING: the state has no route legal actions
action type is <class 'numpy.int64'>
WARNING: the state has no route legal actions
action type is <class 'numpy.int64'>
WARNING: the state has no route legal actions
WARNING: the state don't need to route actions
WARNING: the state has no legal actions
cur move is -1
the mapping is success
collect data... | current latency: -277
313
Mask initialization completed successfully
action type is <class 'numpy.int64'>
WARNING: the state has no route legal actions
action type is <class 'numpy.int64'>
WARNING: the state has no route legal actions
action type is <class 'numpy.int64'>
WARNING: the state has no route legal actions
action type is <class 'numpy.int64'>
WARNING: the state has no route legal actions
action type is <class 'numpy.int64'>
WARNING: the state has no route legal actions
WARNING: the state has no legal actions
cur move is -1
the mapping is success
collect data... | current latency: -188
313
Mask initialization completed successfully
action type is <class 'numpy.int64'>
WARNING: the state has no route legal actions
action type is <class 'numpy.int64'>
WARNING: the state has no route legal actions
action type is <class 'numpy.int64'>
WARNING: the state has no route legal actions
action type is <class 'numpy.int64'>
WARNING: the state has no route legal actions
action type is <class 'numpy.int64'>
WARNING: the state has no route legal actions
WARNING: the state don't need to route actions
WARNING: the state has no legal actions
cur move is -1
the mapping is success
collect data... | current latency: -255
313
Mask initialization completed successfully
action type is <class 'numpy.int64'>
WARNING: the state has no route legal actions
action type is <class 'numpy.int64'>
WARNING: the state has no route legal actions
action type is <class 'numpy.int64'>
WARNING: the state has no route legal actions
action type is <class 'numpy.int64'>
WARNING: the state has no route legal actions
action type is <class 'numpy.int64'>
WARNING: the state has no route legal actions
WARNING: the state has no legal actions
cur move is -1
the mapping is success
collect data... | current latency: -132
313
Mask initialization completed successfully
action type is <class 'numpy.int64'>
WARNING: the state has no route legal actions
action type is <class 'numpy.int64'>
WARNING: the state has no route legal actions
action type is <class 'numpy.int64'>
WARNING: the state has no route legal actions
action type is <class 'numpy.int64'>
WARNING: the state has no route legal actions
action type is <class 'numpy.int64'>
action type is <class 'numpy.int64'>
WARNING: the state has no route legal actions
WARNING: the state has no legal actions
cur move is -1
the mapping is success
collect data... | current latency: -163
313
Mask initialization completed successfully
action type is <class 'numpy.int64'>
WARNING: the state has no route legal actions
action type is <class 'numpy.int64'>
WARNING: the state has no route legal actions
action type is <class 'numpy.int64'>
WARNING: the state has no route legal actions
action type is <class 'numpy.int64'>
WARNING: the state has no route legal actions
action type is <class 'numpy.int64'>
WARNING: the state has no route legal actions
WARNING: the state has no legal actions
cur move is -1
the mapping is success
collect data... | current latency: -195
313
Mask initialization completed successfully
action type is <class 'numpy.int64'>
WARNING: the state has no route legal actions
action type is <class 'numpy.int64'>
WARNING: the state has no route legal actions
action type is <class 'numpy.int64'>
WARNING: the state has no route legal actions
action type is <class 'numpy.int64'>
WARNING: the state has no route legal actions
action type is <class 'numpy.int64'>
WARNING: the state has no route legal actions
WARNING: the state has no legal actions
cur move is -1
the mapping is success
collect data... | current latency: -122
313
Mask initialization completed successfully
action type is <class 'numpy.int64'>
WARNING: the state has no route legal actions
action type is <class 'numpy.int64'>
WARNING: the state has no route legal actions
action type is <class 'numpy.int64'>
WARNING: the state has no route legal actions
action type is <class 'numpy.int64'>
WARNING: the state has no route legal actions
action type is <class 'numpy.int64'>
WARNING: the state has no route legal actions
WARNING: the state has no legal actions
cur move is -1
the mapping is success
collect data... | current latency: -224
313
Mask initialization completed successfully
action type is <class 'numpy.int64'>
WARNING: the state has no route legal actions
action type is <class 'numpy.int64'>
WARNING: the state has no route legal actions
action type is <class 'numpy.int64'>
WARNING: the state has no route legal actions
action type is <class 'numpy.int64'>
WARNING: the state has no route legal actions
WARNING: the state don't need to route actions
action type is <class 'numpy.int64'>
WARNING: the state has no route legal actions
WARNING: the state don't need to route actions
WARNING: the state has no legal actions
cur move is -1
the mapping is success
collect data... | current latency: -241
313
Mask initialization completed successfully
action type is <class 'numpy.int64'>
WARNING: the state has no route legal actions
action type is <class 'numpy.int64'>
WARNING: the state has no route legal actions
action type is <class 'numpy.int64'>
WARNING: the state has no route legal actions
action type is <class 'numpy.int64'>
WARNING: the state has no route legal actions
action type is <class 'numpy.int64'>
WARNING: the state has no route legal actions
WARNING: the state has no legal actions
cur move is -1
the mapping is success
collect data... | current latency: -159
value loss is 22795.798828125, policy loss is 0.0678979828953743, reward loss is 1250.923583984375
value loss is 6894.0849609375, policy loss is 0.03381098434329033, reward loss is 1352.6011962890625
value loss is 3999.57470703125, policy loss is 0.03276555612683296, reward loss is 2001.1053466796875
value loss is 1405.91259765625, policy loss is 0.03398130089044571, reward loss is 2651.13330078125
value loss is 227.36622619628906, policy loss is 0.03548567369580269, reward loss is 2584.91845703125
value loss is 114.49861145019531, policy loss is 0.034120649099349976, reward loss is 2007.58447265625
value loss is 11.469627380371094, policy loss is 0.03533856198191643, reward loss is 2069.86962890625
value loss is 0.8405478000640869, policy loss is 0.03560160472989082, reward loss is 2214.093505859375
value loss is 0.1915491819381714, policy loss is 0.03391171246767044, reward loss is 2548.5791015625
value loss is 0.3900628089904785, policy loss is 0.034549515694379807, reward loss is 2159.476318359375
value loss is 1.2184574604034424, policy loss is 0.03363524377346039, reward loss is 1347.5721435546875
value loss is 2.6613173484802246, policy loss is 0.0304572731256485, reward loss is 1366.139404296875
value loss is 1.0586971044540405, policy loss is 0.02900043874979019, reward loss is 1875.5084228515625
value loss is 0.007422527298331261, policy loss is 0.0286079291254282, reward loss is 950.21826171875
value loss is 0.4864056408405304, policy loss is 0.02214047499001026, reward loss is 1005.2216796875
value loss is 0.9030656814575195, policy loss is 0.013020720332860947, reward loss is 937.8994140625
value loss is 0.1798439472913742, policy loss is 0.005728750489652157, reward loss is 2537.791015625
value loss is 0.006217265035957098, policy loss is 0.0020990362390875816, reward loss is 1356.293212890625
value loss is 0.23288646340370178, policy loss is 0.0008200028678402305, reward loss is 1704.0028076171875
value loss is 0.0419088751077652, policy loss is 0.0005953992367722094, reward loss is 1259.5018310546875
kl:0.00003,lr_multiplier:11.391,loss:1259.5443115234375,entropy:5.799478605683639e-11,explained_var_old:-inf,explained_var_new:-inf
kl:0.00059,lr_multiplier:11.391,loss:8241.36328125,entropy:3.3136755064333556e-06,explained_var_old:0.005,explained_var_new:0.303
current batch: 5
313
Mask initialization completed successfully
action type is <class 'numpy.int64'>
WARNING: the state has no route legal actions
action type is <class 'numpy.int64'>
WARNING: the state has no route legal actions
action type is <class 'numpy.int64'>
WARNING: the state has no route legal actions
action type is <class 'numpy.int64'>
WARNING: the state has no route legal actions
action type is <class 'numpy.int64'>
WARNING: the state has no route legal actions
WARNING: the state don't need to route actions
WARNING: the state has no legal actions
cur move is -1
the mapping is success
current latency: 180.0
313
Mask initialization completed successfully
action type is <class 'numpy.int64'>
WARNING: the state has no route legal actions
action type is <class 'numpy.int64'>
WARNING: the state has no route legal actions
action type is <class 'numpy.int64'>
WARNING: the state has no route legal actions
action type is <class 'numpy.int64'>
WARNING: the state has no route legal actions
action type is <class 'numpy.int64'>
WARNING: the state has no route legal actions
WARNING: the state has no legal actions
cur move is -1
the mapping is success
collect data... | current latency: -248
313
Mask initialization completed successfully
action type is <class 'numpy.int64'>
WARNING: the state has no route legal actions
action type is <class 'numpy.int64'>
WARNING: the state has no route legal actions
action type is <class 'numpy.int64'>
WARNING: the state has no route legal actions
action type is <class 'numpy.int64'>
WARNING: the state has no route legal actions
action type is <class 'numpy.int64'>
WARNING: the state has no route legal actions
WARNING: the state has no legal actions
cur move is -1
the mapping is success
collect data... | current latency: -271
313
Mask initialization completed successfully
action type is <class 'numpy.int64'>
WARNING: the state has no route legal actions
action type is <class 'numpy.int64'>
WARNING: the state has no route legal actions
action type is <class 'numpy.int64'>
WARNING: the state has no route legal actions
action type is <class 'numpy.int64'>
WARNING: the state has no route legal actions
action type is <class 'numpy.int64'>
WARNING: the state has no route legal actions
WARNING: the state don't need to route actions
WARNING: the state has no legal actions
cur move is -1
the mapping is success
collect data... | current latency: -164
313
Mask initialization completed successfully
action type is <class 'numpy.int64'>
WARNING: the state has no route legal actions
action type is <class 'numpy.int64'>
WARNING: the state has no route legal actions
action type is <class 'numpy.int64'>
WARNING: the state has no route legal actions
action type is <class 'numpy.int64'>
WARNING: the state has no route legal actions
action type is <class 'numpy.int64'>
WARNING: the state has no route legal actions
WARNING: the state has no legal actions
cur move is -1
the mapping is success
collect data... | current latency: -228
313
Mask initialization completed successfully
action type is <class 'numpy.int64'>
WARNING: the state has no route legal actions
action type is <class 'numpy.int64'>
WARNING: the state has no route legal actions
action type is <class 'numpy.int64'>
WARNING: the state has no route legal actions
action type is <class 'numpy.int64'>
WARNING: the state has no route legal actions
action type is <class 'numpy.int64'>
WARNING: the state has no route legal actions
WARNING: the state has no legal actions
cur move is -1
the mapping is success
collect data... | current latency: -179
313
Mask initialization completed successfully
action type is <class 'numpy.int64'>
WARNING: the state has no route legal actions
action type is <class 'numpy.int64'>
WARNING: the state has no route legal actions
action type is <class 'numpy.int64'>
WARNING: the state has no route legal actions
action type is <class 'numpy.int64'>
WARNING: the state has no route legal actions
action type is <class 'numpy.int64'>
WARNING: the state has no route legal actions
WARNING: the state don't need to route actions
WARNING: the state has no legal actions
cur move is -1
the mapping is success
collect data... | current latency: -202
313
Mask initialization completed successfully
action type is <class 'numpy.int64'>
WARNING: the state has no route legal actions
action type is <class 'numpy.int64'>
WARNING: the state has no route legal actions
action type is <class 'numpy.int64'>
WARNING: the state has no route legal actions
action type is <class 'numpy.int64'>
WARNING: the state has no route legal actions
action type is <class 'numpy.int64'>
WARNING: the state has no route legal actions
WARNING: the state don't need to route actions
WARNING: the state don't need to route actions
WARNING: the state has no legal actions
cur move is -1
the mapping is success
collect data... | current latency: -223
313
Mask initialization completed successfully
action type is <class 'numpy.int64'>
WARNING: the state has no route legal actions
action type is <class 'numpy.int64'>
WARNING: the state has no route legal actions
action type is <class 'numpy.int64'>
WARNING: the state has no route legal actions
action type is <class 'numpy.int64'>
WARNING: the state has no route legal actions
action type is <class 'numpy.int64'>
WARNING: the state has no route legal actions
WARNING: the state don't need to route actions
WARNING: the state has no legal actions
cur move is -1
the mapping is success
collect data... | current latency: -186
313
Mask initialization completed successfully
action type is <class 'numpy.int64'>
WARNING: the state has no route legal actions
action type is <class 'numpy.int64'>
WARNING: the state has no route legal actions
action type is <class 'numpy.int64'>
WARNING: the state has no route legal actions
action type is <class 'numpy.int64'>
WARNING: the state has no route legal actions
action type is <class 'numpy.int64'>
WARNING: the state has no route legal actions
WARNING: the state has no legal actions
cur move is -1
the mapping is success
collect data... | current latency: -200
313
Mask initialization completed successfully
action type is <class 'numpy.int64'>
WARNING: the state has no route legal actions
action type is <class 'numpy.int64'>
WARNING: the state has no route legal actions
action type is <class 'numpy.int64'>
WARNING: the state has no route legal actions
action type is <class 'numpy.int64'>
WARNING: the state has no route legal actions
action type is <class 'numpy.int64'>
WARNING: the state has no route legal actions
WARNING: the state has no legal actions
cur move is -1
the mapping is success
collect data... | current latency: -297
value loss is 5441.1064453125, policy loss is 0.05631673336029053, reward loss is 901.4249267578125
value loss is 2140.721923828125, policy loss is 0.03733614459633827, reward loss is 1027.51904296875
value loss is 1120.7437744140625, policy loss is 0.027788206934928894, reward loss is 1408.136474609375
value loss is 1891.95166015625, policy loss is 0.019026100635528564, reward loss is 2108.5166015625
value loss is 2299.21044921875, policy loss is 0.013117964379489422, reward loss is 2706.6435546875
value loss is 1942.0384521484375, policy loss is 0.01914661005139351, reward loss is 2880.07177734375
value loss is 2590.763671875, policy loss is 0.0206097811460495, reward loss is 2841.81494140625
value loss is 2426.989501953125, policy loss is 0.015367140993475914, reward loss is 2217.7802734375
value loss is 2513.098876953125, policy loss is 0.008135510608553886, reward loss is 1050.3251953125
value loss is 1845.815673828125, policy loss is 0.011648513376712799, reward loss is 1004.4160766601562
value loss is 1786.189697265625, policy loss is 0.013365625403821468, reward loss is 2700.85986328125
value loss is 2100.74951171875, policy loss is 0.004176130052655935, reward loss is 1144.6572265625
value loss is 1819.099853515625, policy loss is 7.628660387126729e-05, reward loss is 1771.408203125
value loss is 1345.73291015625, policy loss is 0.003952144645154476, reward loss is 1188.0704345703125
value loss is 2142.993896484375, policy loss is 0.0076633961871266365, reward loss is 496.2488708496094
value loss is 1988.3087158203125, policy loss is 0.007996580563485622, reward loss is 65.34149169921875
value loss is 1989.068115234375, policy loss is 0.00846888031810522, reward loss is 330.529296875
value loss is 1749.689208984375, policy loss is 0.007924706675112247, reward loss is 426.23468017578125
value loss is 1547.5755615234375, policy loss is 0.023860739544034004, reward loss is 1308.028564453125
value loss is 1001.5138549804688, policy loss is 0.007914519868791103, reward loss is 958.8177490234375
kl:0.00003,lr_multiplier:11.391,loss:1960.339599609375,entropy:1.7536802291870117,explained_var_old:0.802,explained_var_new:0.193
kl:0.00075,lr_multiplier:11.391,loss:6572.8330078125,entropy:0.20225922763347626,explained_var_old:-0.068,explained_var_new:-0.006
current batch: 6
313
Mask initialization completed successfully
action type is <class 'numpy.int64'>
WARNING: the state has no route legal actions
action type is <class 'numpy.int64'>
WARNING: the state has no route legal actions
action type is <class 'numpy.int64'>
WARNING: the state has no route legal actions
action type is <class 'numpy.int64'>
WARNING: the state has no route legal actions
action type is <class 'numpy.int64'>
WARNING: the state has no route legal actions
WARNING: the state has no legal actions
cur move is -1
the mapping is success
current latency: 124.0
313
Mask initialization completed successfully
action type is <class 'numpy.int64'>
WARNING: the state has no route legal actions
action type is <class 'numpy.int64'>
WARNING: the state has no route legal actions
action type is <class 'numpy.int64'>
WARNING: the state has no route legal actions
action type is <class 'numpy.int64'>
WARNING: the state has no route legal actions
action type is <class 'numpy.int64'>
WARNING: the state has no route legal actions
WARNING: the state has no legal actions
cur move is -1
the mapping is success
collect data... | current latency: -131
313
Mask initialization completed successfully
action type is <class 'numpy.int64'>
WARNING: the state has no route legal actions
action type is <class 'numpy.int64'>
WARNING: the state has no route legal actions
action type is <class 'numpy.int64'>
WARNING: the state has no route legal actions
action type is <class 'numpy.int64'>
action type is <class 'numpy.int64'>
WARNING: the state has no route legal actions
action type is <class 'numpy.int64'>
WARNING: the state has no route legal actions
WARNING: the state don't need to route actions
WARNING: the state has no legal actions
cur move is -1
the mapping is success
collect data... | current latency: -138
313
Mask initialization completed successfully
action type is <class 'numpy.int64'>
WARNING: the state has no route legal actions
action type is <class 'numpy.int64'>
WARNING: the state has no route legal actions
action type is <class 'numpy.int64'>
WARNING: the state has no route legal actions
action type is <class 'numpy.int64'>
WARNING: the state has no route legal actions
action type is <class 'numpy.int64'>
WARNING: the state has no route legal actions
WARNING: the state has no legal actions
cur move is -1
the mapping is success
collect data... | current latency: -161
313
Mask initialization completed successfully
action type is <class 'numpy.int64'>
WARNING: the state has no route legal actions
action type is <class 'numpy.int64'>
WARNING: the state has no route legal actions
action type is <class 'numpy.int64'>
WARNING: the state has no route legal actions
action type is <class 'numpy.int64'>
WARNING: the state has no route legal actions
action type is <class 'numpy.int64'>
WARNING: the state has no route legal actions
WARNING: the state don't need to route actions
WARNING: the state don't need to route actions
WARNING: the state don't need to route actions
WARNING: the state has no legal actions
cur move is -1
the mapping is success
collect data... | current latency: -273
313
Mask initialization completed successfully
action type is <class 'numpy.int64'>
WARNING: the state has no route legal actions
action type is <class 'numpy.int64'>
WARNING: the state has no route legal actions
action type is <class 'numpy.int64'>
WARNING: the state has no route legal actions
action type is <class 'numpy.int64'>
WARNING: the state has no route legal actions
action type is <class 'numpy.int64'>
WARNING: the state has no route legal actions
WARNING: the state has no legal actions
cur move is -1
the mapping is success
collect data... | current latency: -261
313
Mask initialization completed successfully
action type is <class 'numpy.int64'>
WARNING: the state has no route legal actions
action type is <class 'numpy.int64'>
WARNING: the state has no route legal actions
action type is <class 'numpy.int64'>
WARNING: the state has no route legal actions
action type is <class 'numpy.int64'>
WARNING: the state has no route legal actions
action type is <class 'numpy.int64'>
WARNING: the state has no route legal actions
WARNING: the state don't need to route actions
WARNING: the state has no legal actions
cur move is -1
the mapping is success
collect data... | current latency: -107
313
Mask initialization completed successfully
action type is <class 'numpy.int64'>
WARNING: the state has no route legal actions
action type is <class 'numpy.int64'>
WARNING: the state has no route legal actions
action type is <class 'numpy.int64'>
WARNING: the state has no route legal actions
action type is <class 'numpy.int64'>
WARNING: the state has no route legal actions
action type is <class 'numpy.int64'>
WARNING: the state has no route legal actions
WARNING: the state has no legal actions
cur move is -1
the mapping is success
collect data... | current latency: -111
313
Mask initialization completed successfully
action type is <class 'numpy.int64'>
WARNING: the state has no route legal actions
action type is <class 'numpy.int64'>
WARNING: the state has no route legal actions
action type is <class 'numpy.int64'>
WARNING: the state has no route legal actions
action type is <class 'numpy.int64'>
WARNING: the state has no route legal actions
action type is <class 'numpy.int64'>
WARNING: the state has no route legal actions
WARNING: the state has no legal actions
cur move is -1
the mapping is success
collect data... | current latency: -162
313
Mask initialization completed successfully
action type is <class 'numpy.int64'>
WARNING: the state has no route legal actions
action type is <class 'numpy.int64'>
WARNING: the state has no route legal actions
action type is <class 'numpy.int64'>
WARNING: the state has no route legal actions
action type is <class 'numpy.int64'>
WARNING: the state has no route legal actions
action type is <class 'numpy.int64'>
WARNING: the state has no route legal actions
WARNING: the state don't need to route actions
WARNING: the state has no legal actions
cur move is -1
the mapping is success
collect data... | current latency: -117
313
Mask initialization completed successfully
action type is <class 'numpy.int64'>
WARNING: the state has no route legal actions
action type is <class 'numpy.int64'>
WARNING: the state has no route legal actions
action type is <class 'numpy.int64'>
WARNING: the state has no route legal actions
action type is <class 'numpy.int64'>
WARNING: the state has no route legal actions
action type is <class 'numpy.int64'>
WARNING: the state has no route legal actions
WARNING: the state don't need to route actions
WARNING: the state has no legal actions
cur move is -1
the mapping is success
collect data... | current latency: -244
value loss is 53332.328125, policy loss is 0.17731988430023193, reward loss is 32156.90625
value loss is 40084.3359375, policy loss is 0.13119985163211823, reward loss is 566.4485473632812
value loss is 4019.297607421875, policy loss is 0.037477899342775345, reward loss is 3430.39599609375
value loss is 1356.342529296875, policy loss is 0.03210214152932167, reward loss is 5946.9140625
value loss is 183.5753631591797, policy loss is 0.035681940615177155, reward loss is 6519.2734375
value loss is 18.395360946655273, policy loss is 0.037425171583890915, reward loss is 5120.318359375
value loss is 3.361186981201172, policy loss is 0.03761275112628937, reward loss is 4894.2919921875
value loss is 1.5874207019805908, policy loss is 0.03798270598053932, reward loss is 5021.12646484375
value loss is 1.272839069366455, policy loss is 0.0381045900285244, reward loss is 5009.4375
value loss is 0.9954832792282104, policy loss is 0.03841176629066467, reward loss is 5159.5185546875
value loss is 0.8540409803390503, policy loss is 0.03862522915005684, reward loss is 5153.748046875
value loss is 0.730663537979126, policy loss is 0.03865619748830795, reward loss is 5086.1982421875
value loss is 0.6698013544082642, policy loss is 0.03864869847893715, reward loss is 4958.77294921875
value loss is 0.63797527551651, policy loss is 0.0386335588991642, reward loss is 4793.51220703125
value loss is 0.6100738048553467, policy loss is 0.038617365062236786, reward loss is 4581.384765625
value loss is 0.58553546667099, policy loss is 0.03860006108880043, reward loss is 4317.693359375
value loss is 0.5638901591300964, policy loss is 0.038581594824790955, reward loss is 4000.1298828125
value loss is 0.5447425842285156, policy loss is 0.038561880588531494, reward loss is 3628.78125
value loss is 0.5277586579322815, policy loss is 0.03854085132479668, reward loss is 3201.234375
value loss is 0.5126551985740662, policy loss is 0.03851846605539322, reward loss is 2723.26416015625
kl:0.00003,lr_multiplier:11.391,loss:2723.8154296875,entropy:10.064884185791016,explained_var_old:-inf,explained_var_new:nan
kl:-0.00000,lr_multiplier:11.391,loss:23960.830078125,entropy:2.7861883640289307,explained_var_old:0.000,explained_var_new:0.000
current batch: 7
313
Mask initialization completed successfully
action type is <class 'numpy.int64'>
WARNING: the state has no route legal actions
action type is <class 'numpy.int64'>
WARNING: the state has no route legal actions
action type is <class 'numpy.int64'>
action type is <class 'numpy.int64'>
WARNING: the state has no route legal actions
action type is <class 'numpy.int64'>
WARNING: the state has no route legal actions
action type is <class 'numpy.int64'>
WARNING: the state has no route legal actions
WARNING: the state don't need to route actions
WARNING: the state don't need to route actions
WARNING: the state don't need to route actions
WARNING: the state has no legal actions
cur move is -1
the mapping is success
current latency: 437.0
313
Mask initialization completed successfully
action type is <class 'numpy.int64'>
WARNING: the state has no route legal actions
action type is <class 'numpy.int64'>
WARNING: the state has no route legal actions
action type is <class 'numpy.int64'>
action type is <class 'numpy.int64'>
WARNING: the state has no route legal actions
action type is <class 'numpy.int64'>
WARNING: the state has no route legal actions
WARNING: the state don't need to route actions
action type is <class 'numpy.int64'>
WARNING: the state has no route legal actions
WARNING: the state don't need to route actions
WARNING: the state don't need to route actions
WARNING: the state don't need to route actions
WARNING: the state don't need to route actions
WARNING: the state has no legal actions
cur move is -1
the mapping is success
collect data... | current latency: -516
313
Mask initialization completed successfully
action type is <class 'numpy.int64'>
WARNING: the state has no route legal actions
action type is <class 'numpy.int64'>
WARNING: the state has no route legal actions
action type is <class 'numpy.int64'>
action type is <class 'numpy.int64'>
WARNING: the state has no route legal actions
action type is <class 'numpy.int64'>
WARNING: the state has no route legal actions
WARNING: the state has no route legal actions
WARNING: the state don't need to route actions
WARNING: the state don't need to route actions
WARNING: the state don't need to route actions
WARNING: the state don't need to route actions
WARNING: the state has no legal actions
cur move is -1
the mapping is success
collect data... | current latency: -480
313
Mask initialization completed successfully
action type is <class 'numpy.int64'>
WARNING: the state has no route legal actions
action type is <class 'numpy.int64'>
WARNING: the state has no route legal actions
action type is <class 'numpy.int64'>
action type is <class 'numpy.int64'>
WARNING: the state has no route legal actions
action type is <class 'numpy.int64'>
WARNING: the state has no route legal actions
WARNING: the state don't need to route actions
action type is <class 'numpy.int64'>
WARNING: the state has no route legal actions
WARNING: the state don't need to route actions
WARNING: the state don't need to route actions
WARNING: the state don't need to route actions
WARNING: the state don't need to route actions
WARNING: the state has no legal actions
cur move is -1
the mapping is success
collect data... | current latency: -449
313
Mask initialization completed successfully
action type is <class 'numpy.int64'>
WARNING: the state has no route legal actions
action type is <class 'numpy.int64'>
WARNING: the state has no route legal actions
action type is <class 'numpy.int64'>
action type is <class 'numpy.int64'>
WARNING: the state has no route legal actions
action type is <class 'numpy.int64'>
WARNING: the state has no route legal actions
WARNING: the state don't need to route actions
action type is <class 'numpy.int64'>
WARNING: the state has no route legal actions
WARNING: the state don't need to route actions
WARNING: the state don't need to route actions
WARNING: the state don't need to route actions
WARNING: the state don't need to route actions
WARNING: the state has no legal actions
cur move is -1
the mapping is success
collect data... | current latency: -504
313
Mask initialization completed successfully
action type is <class 'numpy.int64'>
WARNING: the state has no route legal actions
action type is <class 'numpy.int64'>
WARNING: the state has no route legal actions
action type is <class 'numpy.int64'>
action type is <class 'numpy.int64'>
WARNING: the state has no route legal actions
action type is <class 'numpy.int64'>
WARNING: the state has no route legal actions
WARNING: the state don't need to route actions
action type is <class 'numpy.int64'>
WARNING: the state has no route legal actions
WARNING: the state don't need to route actions
WARNING: the state don't need to route actions
WARNING: the state don't need to route actions
WARNING: the state don't need to route actions
WARNING: the state has no legal actions
cur move is -1
the mapping is success
collect data... | current latency: -494
313
Mask initialization completed successfully
action type is <class 'numpy.int64'>
WARNING: the state has no route legal actions
action type is <class 'numpy.int64'>
WARNING: the state has no route legal actions
action type is <class 'numpy.int64'>
WARNING: the state has no route legal actions
WARNING: the state don't need to route actions
action type is <class 'numpy.int64'>
action type is <class 'numpy.int64'>
WARNING: the state has no route legal actions
action type is <class 'numpy.int64'>
WARNING: the state has no route legal actions
WARNING: the state don't need to route actions
WARNING: the state don't need to route actions
WARNING: the state don't need to route actions
WARNING: the state don't need to route actions
WARNING: the state has no legal actions
cur move is -1
the mapping is success
collect data... | current latency: -499
313
Mask initialization completed successfully
action type is <class 'numpy.int64'>
WARNING: the state has no route legal actions
action type is <class 'numpy.int64'>
WARNING: the state has no route legal actions
action type is <class 'numpy.int64'>
action type is <class 'numpy.int64'>
WARNING: the state has no route legal actions
action type is <class 'numpy.int64'>
WARNING: the state has no route legal actions
WARNING: the state don't need to route actions
action type is <class 'numpy.int64'>
WARNING: the state has no route legal actions
WARNING: the state don't need to route actions
WARNING: the state don't need to route actions
WARNING: the state don't need to route actions
WARNING: the state don't need to route actions
WARNING: the state has no legal actions
cur move is -1
the mapping is success
collect data... | current latency: -542
313
Mask initialization completed successfully
action type is <class 'numpy.int64'>
WARNING: the state has no route legal actions
action type is <class 'numpy.int64'>
WARNING: the state has no route legal actions
action type is <class 'numpy.int64'>
action type is <class 'numpy.int64'>
WARNING: the state has no route legal actions
action type is <class 'numpy.int64'>
WARNING: the state has no route legal actions
action type is <class 'numpy.int64'>
WARNING: the state has no route legal actions
WARNING: the state don't need to route actions
WARNING: the state don't need to route actions
WARNING: the state don't need to route actions
WARNING: the state don't need to route actions
WARNING: the state has no legal actions
cur move is -1
the mapping is success
collect data... | current latency: -516
313
Mask initialization completed successfully
action type is <class 'numpy.int64'>
WARNING: the state has no route legal actions
action type is <class 'numpy.int64'>
WARNING: the state has no route legal actions
action type is <class 'numpy.int64'>
action type is <class 'numpy.int64'>
WARNING: the state has no route legal actions
action type is <class 'numpy.int64'>
WARNING: the state has no route legal actions
WARNING: the state don't need to route actions
action type is <class 'numpy.int64'>
WARNING: the state has no route legal actions
WARNING: the state don't need to route actions
WARNING: the state don't need to route actions
WARNING: the state don't need to route actions
WARNING: the state don't need to route actions
WARNING: the state has no legal actions
cur move is -1
the mapping is success
collect data... | current latency: -463
313
Mask initialization completed successfully
action type is <class 'numpy.int64'>
WARNING: the state has no route legal actions
action type is <class 'numpy.int64'>
WARNING: the state has no route legal actions
action type is <class 'numpy.int64'>
action type is <class 'numpy.int64'>
WARNING: the state has no route legal actions
action type is <class 'numpy.int64'>
WARNING: the state has no route legal actions
WARNING: the state don't need to route actions
action type is <class 'numpy.int64'>
WARNING: the state has no route legal actions
WARNING: the state don't need to route actions
WARNING: the state don't need to route actions
WARNING: the state don't need to route actions
WARNING: the state has no legal actions
cur move is -1
the mapping is success
collect data... | current latency: -370
value loss is 2.0088119506835938, policy loss is 0.038202326744794846, reward loss is 1998.29931640625
value loss is 2.138085126876831, policy loss is 0.03817133978009224, reward loss is 2303.251953125
value loss is 2.2435317039489746, policy loss is 0.03813598304986954, reward loss is 2470.626220703125
value loss is 2.3309035301208496, policy loss is 0.03809645026922226, reward loss is 2471.802978515625
value loss is 2.4109973907470703, policy loss is 0.03805289790034294, reward loss is 2343.109375
value loss is 2.4842464923858643, policy loss is 0.03800544887781143, reward loss is 2144.599609375
value loss is 2.5510926246643066, policy loss is 0.037954181432724, reward loss is 1933.107177734375
value loss is 2.6119771003723145, policy loss is 0.03789914399385452, reward loss is 1748.847900390625
value loss is 2.667332649230957, policy loss is 0.037840355187654495, reward loss is 1612.333251953125
value loss is 2.717578172683716, policy loss is 0.037777796387672424, reward loss is 1527.693115234375
value loss is 2.763112783432007, policy loss is 0.03771144896745682, reward loss is 1488.5556640625
value loss is 2.80011248588562, policy loss is 0.03763096034526825, reward loss is 1483.66015625
value loss is 2.8415496349334717, policy loss is 0.03756720572710037, reward loss is 1500.8603515625
value loss is 2.8751444816589355, policy loss is 0.0374891459941864, reward loss is 1529.375
value loss is 2.90541410446167, policy loss is 0.03740696609020233, reward loss is 1560.73681640625
value loss is 2.9326488971710205, policy loss is 0.03732053562998772, reward loss is 1588.9654541015625
value loss is 2.9571166038513184, policy loss is 0.037229735404253006, reward loss is 1610.349853515625
value loss is 2.979065179824829, policy loss is 0.03713439777493477, reward loss is 1623.06494140625
value loss is 2.9987218379974365, policy loss is 0.037034351378679276, reward loss is 1626.7481689453125
value loss is 3.016296148300171, policy loss is 0.03693000599741936, reward loss is 1622.1214599609375
kl:0.00000,lr_multiplier:11.391,loss:1625.1746826171875,entropy:9.948707580566406,explained_var_old:nan,explained_var_new:nan
kl:0.00001,lr_multiplier:11.391,loss:31128.806640625,entropy:1.5397151708602905,explained_var_old:0.000,explained_var_new:0.000
current batch: 8
313
Mask initialization completed successfully
action type is <class 'numpy.int64'>
WARNING: the state has no route legal actions
action type is <class 'numpy.int64'>
WARNING: the state has no route legal actions
action type is <class 'numpy.int64'>
WARNING: the state has no route legal actions
action type is <class 'numpy.int64'>
WARNING: the state has no route legal actions
WARNING: the state don't need to route actions
action type is <class 'numpy.int64'>
action type is <class 'numpy.int64'>
WARNING: the state has no route legal actions
WARNING: the state don't need to route actions
WARNING: the state don't need to route actions
WARNING: the state don't need to route actions
WARNING: the state has no legal actions
cur move is -1
the mapping is success
current latency: 404.0
313
Mask initialization completed successfully
action type is <class 'numpy.int64'>
WARNING: the state has no route legal actions
action type is <class 'numpy.int64'>
WARNING: the state has no route legal actions
action type is <class 'numpy.int64'>
WARNING: the state has no route legal actions
action type is <class 'numpy.int64'>
WARNING: the state has no route legal actions
action type is <class 'numpy.int64'>
action type is <class 'numpy.int64'>
WARNING: the state has no route legal actions
WARNING: the state don't need to route actions
WARNING: the state don't need to route actions
WARNING: the state don't need to route actions
WARNING: the state has no legal actions
cur move is -1
the mapping is success
collect data... | current latency: -336
313
Mask initialization completed successfully
action type is <class 'numpy.int64'>
WARNING: the state has no route legal actions
action type is <class 'numpy.int64'>
WARNING: the state has no route legal actions
action type is <class 'numpy.int64'>
WARNING: the state has no route legal actions
action type is <class 'numpy.int64'>
WARNING: the state has no route legal actions
WARNING: the state don't need to route actions
action type is <class 'numpy.int64'>
WARNING: the state has no route legal actions
WARNING: the state don't need to route actions
WARNING: the state don't need to route actions
WARNING: the state has no legal actions
cur move is -1
the mapping is success
collect data... | current latency: -392
313
Mask initialization completed successfully
action type is <class 'numpy.int64'>
WARNING: the state has no route legal actions
action type is <class 'numpy.int64'>
WARNING: the state has no route legal actions
action type is <class 'numpy.int64'>
WARNING: the state has no route legal actions
action type is <class 'numpy.int64'>
WARNING: the state has no route legal actions
WARNING: the state don't need to route actions
action type is <class 'numpy.int64'>
action type is <class 'numpy.int64'>
WARNING: the state has no route legal actions
WARNING: the state don't need to route actions
WARNING: the state don't need to route actions
WARNING: the state don't need to route actions
WARNING: the state don't need to route actions
WARNING: the state has no legal actions
cur move is -1
the mapping is success
collect data... | current latency: -465
313
Mask initialization completed successfully
action type is <class 'numpy.int64'>
WARNING: the state has no route legal actions
action type is <class 'numpy.int64'>
WARNING: the state has no route legal actions
action type is <class 'numpy.int64'>
WARNING: the state has no route legal actions
action type is <class 'numpy.int64'>
WARNING: the state has no route legal actions
WARNING: the state don't need to route actions
action type is <class 'numpy.int64'>
action type is <class 'numpy.int64'>
WARNING: the state has no route legal actions
WARNING: the state don't need to route actions
WARNING: the state don't need to route actions
WARNING: the state don't need to route actions
WARNING: the state don't need to route actions
WARNING: the state has no legal actions
cur move is -1
the mapping is success
collect data... | current latency: -382
313
Mask initialization completed successfully
action type is <class 'numpy.int64'>
WARNING: the state has no route legal actions
action type is <class 'numpy.int64'>
WARNING: the state has no route legal actions
action type is <class 'numpy.int64'>
WARNING: the state has no route legal actions
action type is <class 'numpy.int64'>
WARNING: the state has no route legal actions
WARNING: the state don't need to route actions
action type is <class 'numpy.int64'>
action type is <class 'numpy.int64'>
WARNING: the state has no route legal actions
WARNING: the state don't need to route actions
WARNING: the state don't need to route actions
WARNING: the state don't need to route actions
WARNING: the state has no legal actions
cur move is -1
the mapping is success
collect data... | current latency: -410
313
Mask initialization completed successfully
action type is <class 'numpy.int64'>
WARNING: the state has no route legal actions
action type is <class 'numpy.int64'>
WARNING: the state has no route legal actions
action type is <class 'numpy.int64'>
WARNING: the state has no route legal actions
action type is <class 'numpy.int64'>
WARNING: the state has no route legal actions
WARNING: the state don't need to route actions
action type is <class 'numpy.int64'>
action type is <class 'numpy.int64'>
WARNING: the state has no route legal actions
WARNING: the state don't need to route actions
WARNING: the state don't need to route actions
WARNING: the state don't need to route actions
WARNING: the state don't need to route actions
WARNING: the state has no legal actions
cur move is -1
the mapping is success
collect data... | current latency: -350
313
Mask initialization completed successfully
action type is <class 'numpy.int64'>
WARNING: the state has no route legal actions
action type is <class 'numpy.int64'>
WARNING: the state has no route legal actions
action type is <class 'numpy.int64'>
WARNING: the state has no route legal actions
action type is <class 'numpy.int64'>
WARNING: the state has no route legal actions
WARNING: the state don't need to route actions
action type is <class 'numpy.int64'>
action type is <class 'numpy.int64'>
WARNING: the state has no route legal actions
WARNING: the state don't need to route actions
WARNING: the state don't need to route actions
WARNING: the state don't need to route actions
WARNING: the state don't need to route actions
WARNING: the state has no legal actions
cur move is -1
the mapping is success
collect data... | current latency: -402
313
Mask initialization completed successfully
action type is <class 'numpy.int64'>
WARNING: the state has no route legal actions
action type is <class 'numpy.int64'>
WARNING: the state has no route legal actions
action type is <class 'numpy.int64'>
WARNING: the state has no route legal actions
action type is <class 'numpy.int64'>
WARNING: the state has no route legal actions
WARNING: the state don't need to route actions
action type is <class 'numpy.int64'>
action type is <class 'numpy.int64'>
WARNING: the state has no route legal actions
WARNING: the state don't need to route actions
WARNING: the state don't need to route actions
WARNING: the state don't need to route actions
WARNING: the state don't need to route actions
WARNING: the state has no legal actions
cur move is -1
the mapping is success
collect data... | current latency: -387
313
Mask initialization completed successfully
action type is <class 'numpy.int64'>
WARNING: the state has no route legal actions
action type is <class 'numpy.int64'>
WARNING: the state has no route legal actions
action type is <class 'numpy.int64'>
WARNING: the state has no route legal actions
action type is <class 'numpy.int64'>
WARNING: the state has no route legal actions
WARNING: the state don't need to route actions
action type is <class 'numpy.int64'>
action type is <class 'numpy.int64'>
WARNING: the state has no route legal actions
WARNING: the state don't need to route actions
WARNING: the state don't need to route actions
WARNING: the state don't need to route actions
WARNING: the state don't need to route actions
WARNING: the state has no legal actions
cur move is -1
the mapping is success
collect data... | current latency: -490
313
Mask initialization completed successfully
action type is <class 'numpy.int64'>
WARNING: the state has no route legal actions
action type is <class 'numpy.int64'>
WARNING: the state has no route legal actions
action type is <class 'numpy.int64'>
WARNING: the state has no route legal actions
action type is <class 'numpy.int64'>
WARNING: the state has no route legal actions
WARNING: the state don't need to route actions
action type is <class 'numpy.int64'>
action type is <class 'numpy.int64'>
WARNING: the state has no route legal actions
WARNING: the state don't need to route actions
WARNING: the state don't need to route actions
WARNING: the state don't need to route actions
WARNING: the state don't need to route actions
WARNING: the state has no legal actions
cur move is -1
the mapping is success
collect data... | current latency: -419
value loss is 5.641531944274902, policy loss is 0.03828011825680733, reward loss is 1830.781005859375
value loss is 5.816013813018799, policy loss is 0.03819097951054573, reward loss is 1803.6068115234375
value loss is 5.975268840789795, policy loss is 0.03807825595140457, reward loss is 1764.63818359375
value loss is 6.120346546173096, policy loss is 0.03794625774025917, reward loss is 1716.100830078125
value loss is 6.252281665802002, policy loss is 0.0377969890832901, reward loss is 1659.731689453125
value loss is 6.372072696685791, policy loss is 0.03763148933649063, reward loss is 1596.8419189453125
value loss is 6.480675220489502, policy loss is 0.03745024651288986, reward loss is 1528.1275634765625
value loss is 6.57899284362793, policy loss is 0.037253353744745255, reward loss is 1453.718994140625
value loss is 6.667880058288574, policy loss is 0.037040602415800095, reward loss is 1373.7593994140625
value loss is 6.748136520385742, policy loss is 0.036811552941799164, reward loss is 1288.6900634765625
value loss is 6.820504188537598, policy loss is 0.03656554967164993, reward loss is 1199.1610107421875
value loss is 6.885673999786377, policy loss is 0.036301787942647934, reward loss is 1105.9483642578125
value loss is 6.9442853927612305, policy loss is 0.036019306629896164, reward loss is 1009.9383544921875
value loss is 6.996925354003906, policy loss is 0.035717032849788666, reward loss is 912.1294555664062
value loss is 7.0441365242004395, policy loss is 0.03539377078413963, reward loss is 813.6378784179688
value loss is 7.08641242980957, policy loss is 0.03504880890250206, reward loss is 715.6956176757812
value loss is 7.124210834503174, policy loss is 0.03468102589249611, reward loss is 619.6368408203125
value loss is 7.157946586608887, policy loss is 0.03428829088807106, reward loss is 526.8697509765625
value loss is 7.187997341156006, policy loss is 0.03386910632252693, reward loss is 438.8244323730469
value loss is 7.214710712432861, policy loss is 0.033421922475099564, reward loss is 356.9370422363281
kl:-0.00000,lr_multiplier:11.391,loss:364.1851806640625,entropy:9.142251968383789,explained_var_old:-inf,explained_var_new:nan
kl:0.00022,lr_multiplier:11.391,loss:28908.3515625,entropy:0.4382327198982239,explained_var_old:0.000,explained_var_new:0.000
current batch: 9
313
Mask initialization completed successfully
action type is <class 'numpy.int64'>
WARNING: the state has no route legal actions
action type is <class 'numpy.int64'>
WARNING: the state has no route legal actions
action type is <class 'numpy.int64'>
WARNING: the state has no route legal actions
action type is <class 'numpy.int64'>
WARNING: the state has no route legal actions
action type is <class 'numpy.int64'>
action type is <class 'numpy.int64'>
WARNING: the state has no route legal actions
WARNING: the state don't need to route actions
WARNING: the state don't need to route actions
WARNING: the state has no legal actions
cur move is -1
the mapping is success
current latency: 287.0
313
Mask initialization completed successfully
action type is <class 'numpy.int64'>
WARNING: the state has no route legal actions
action type is <class 'numpy.int64'>
WARNING: the state has no route legal actions
action type is <class 'numpy.int64'>
WARNING: the state has no route legal actions
action type is <class 'numpy.int64'>
WARNING: the state has no route legal actions
action type is <class 'numpy.int64'>
action type is <class 'numpy.int64'>
WARNING: the state has no route legal actions
WARNING: the state don't need to route actions
WARNING: the state don't need to route actions
WARNING: the state don't need to route actions
WARNING: the state don't need to route actions
WARNING: the state has no legal actions
cur move is -1
the mapping is success
collect data... | current latency: -391
313
Mask initialization completed successfully
action type is <class 'numpy.int64'>
WARNING: the state has no route legal actions
action type is <class 'numpy.int64'>
WARNING: the state has no route legal actions
action type is <class 'numpy.int64'>
WARNING: the state has no route legal actions
action type is <class 'numpy.int64'>
WARNING: the state has no route legal actions
WARNING: the state don't need to route actions
action type is <class 'numpy.int64'>
action type is <class 'numpy.int64'>
WARNING: the state has no route legal actions
WARNING: the state don't need to route actions
WARNING: the state don't need to route actions
WARNING: the state don't need to route actions
WARNING: the state don't need to route actions
WARNING: the state has no legal actions
cur move is -1
the mapping is success
collect data... | current latency: -445
313
Mask initialization completed successfully
action type is <class 'numpy.int64'>
WARNING: the state has no route legal actions
action type is <class 'numpy.int64'>
WARNING: the state has no route legal actions
action type is <class 'numpy.int64'>
WARNING: the state has no route legal actions
action type is <class 'numpy.int64'>
WARNING: the state has no route legal actions
WARNING: the state don't need to route actions
action type is <class 'numpy.int64'>
action type is <class 'numpy.int64'>
WARNING: the state has no route legal actions
WARNING: the state don't need to route actions
WARNING: the state don't need to route actions
WARNING: the state don't need to route actions
WARNING: the state has no legal actions
cur move is -1
the mapping is success
collect data... | current latency: -461
313
Mask initialization completed successfully
action type is <class 'numpy.int64'>
WARNING: the state has no route legal actions
action type is <class 'numpy.int64'>
WARNING: the state has no route legal actions
action type is <class 'numpy.int64'>
WARNING: the state has no route legal actions
action type is <class 'numpy.int64'>
WARNING: the state has no route legal actions
action type is <class 'numpy.int64'>
WARNING: the state has no route legal actions
WARNING: the state don't need to route actions
WARNING: the state don't need to route actions
WARNING: the state don't need to route actions
WARNING: the state don't need to route actions
WARNING: the state has no legal actions
cur move is -1
the mapping is success
collect data... | current latency: -386
313
Mask initialization completed successfully
action type is <class 'numpy.int64'>
WARNING: the state has no route legal actions
action type is <class 'numpy.int64'>
WARNING: the state has no route legal actions
action type is <class 'numpy.int64'>
WARNING: the state has no route legal actions
action type is <class 'numpy.int64'>
WARNING: the state has no route legal actions
WARNING: the state don't need to route actions
action type is <class 'numpy.int64'>
action type is <class 'numpy.int64'>
WARNING: the state has no route legal actions
WARNING: the state don't need to route actions
WARNING: the state don't need to route actions
WARNING: the state has no legal actions
cur move is -1
the mapping is success
collect data... | current latency: -354
313
Mask initialization completed successfully
action type is <class 'numpy.int64'>
WARNING: the state has no route legal actions
action type is <class 'numpy.int64'>
WARNING: the state has no route legal actions
action type is <class 'numpy.int64'>
WARNING: the state has no route legal actions
action type is <class 'numpy.int64'>
WARNING: the state has no route legal actions
WARNING: the state don't need to route actions
action type is <class 'numpy.int64'>
WARNING: the state has no route legal actions
WARNING: the state don't need to route actions
WARNING: the state don't need to route actions
WARNING: the state don't need to route actions
WARNING: the state don't need to route actions
WARNING: the state has no legal actions
cur move is -1
the mapping is success
collect data... | current latency: -520
313
Mask initialization completed successfully
action type is <class 'numpy.int64'>
WARNING: the state has no route legal actions
action type is <class 'numpy.int64'>
WARNING: the state has no route legal actions
action type is <class 'numpy.int64'>
WARNING: the state has no route legal actions
action type is <class 'numpy.int64'>
WARNING: the state has no route legal actions
action type is <class 'numpy.int64'>
action type is <class 'numpy.int64'>
WARNING: the state has no route legal actions
WARNING: the state don't need to route actions
WARNING: the state don't need to route actions
WARNING: the state don't need to route actions
WARNING: the state don't need to route actions
WARNING: the state has no legal actions
cur move is -1
the mapping is success
collect data... | current latency: -406
313
Mask initialization completed successfully
action type is <class 'numpy.int64'>
WARNING: the state has no route legal actions
action type is <class 'numpy.int64'>
WARNING: the state has no route legal actions
action type is <class 'numpy.int64'>
WARNING: the state has no route legal actions
action type is <class 'numpy.int64'>
WARNING: the state has no route legal actions
action type is <class 'numpy.int64'>
action type is <class 'numpy.int64'>
WARNING: the state has no route legal actions
WARNING: the state don't need to route actions
WARNING: the state don't need to route actions
WARNING: the state don't need to route actions
WARNING: the state has no legal actions
cur move is -1
the mapping is success
collect data... | current latency: -395
313
Mask initialization completed successfully
action type is <class 'numpy.int64'>
WARNING: the state has no route legal actions
action type is <class 'numpy.int64'>
WARNING: the state has no route legal actions
action type is <class 'numpy.int64'>
WARNING: the state has no route legal actions
action type is <class 'numpy.int64'>
WARNING: the state has no route legal actions
WARNING: the state don't need to route actions
action type is <class 'numpy.int64'>
action type is <class 'numpy.int64'>
WARNING: the state has no route legal actions
WARNING: the state don't need to route actions
WARNING: the state don't need to route actions
WARNING: the state don't need to route actions
WARNING: the state don't need to route actions
WARNING: the state has no legal actions
cur move is -1
the mapping is success
collect data... | current latency: -491
313
Mask initialization completed successfully
action type is <class 'numpy.int64'>
WARNING: the state has no route legal actions
action type is <class 'numpy.int64'>
WARNING: the state has no route legal actions
action type is <class 'numpy.int64'>
WARNING: the state has no route legal actions
action type is <class 'numpy.int64'>
WARNING: the state has no route legal actions
action type is <class 'numpy.int64'>
WARNING: the state has no route legal actions
WARNING: the state don't need to route actions
WARNING: the state don't need to route actions
WARNING: the state don't need to route actions
WARNING: the state has no legal actions
cur move is -1
the mapping is success
collect data... | current latency: -428
value loss is 10.363045692443848, policy loss is 0.03714532405138016, reward loss is 744.1093139648438
value loss is 10.569234848022461, policy loss is 0.03699832782149315, reward loss is 799.8717041015625
value loss is 10.756254196166992, policy loss is 0.03677327558398247, reward loss is 823.146728515625
value loss is 10.925644874572754, policy loss is 0.03650340810418129, reward loss is 814.2284545898438
value loss is 11.078863143920898, policy loss is 0.03619689121842384, reward loss is 779.5383911132812
value loss is 11.217269897460938, policy loss is 0.035857293754816055, reward loss is 727.2335205078125
value loss is 11.342141151428223, policy loss is 0.03548651561141014, reward loss is 664.656494140625
value loss is 11.454656600952148, policy loss is 0.035085659474134445, reward loss is 596.9255981445312
value loss is 11.555907249450684, policy loss is 0.034655191004276276, reward loss is 527.8063354492188
value loss is 11.646906852722168, policy loss is 0.03419499471783638, reward loss is 460.53680419921875
value loss is 11.728580474853516, policy loss is 0.03370444476604462, reward loss is 397.6109619140625
value loss is 11.801779747009277, policy loss is 0.03318252041935921, reward loss is 340.6116943359375
value loss is 11.86728572845459, policy loss is 0.03262783959507942, reward loss is 290.3017578125
value loss is 11.925812721252441, policy loss is 0.03203871473670006, reward loss is 246.81224060058594
value loss is 11.978012084960938, policy loss is 0.03141317516565323, reward loss is 209.83828735351562
value loss is 12.024477005004883, policy loss is 0.03074902482330799, reward loss is 178.86825561523438
value loss is 12.065747261047363, policy loss is 0.030043894425034523, reward loss is 153.13169860839844
value loss is 12.10231876373291, policy loss is 0.02929525449872017, reward loss is 131.81680297851562
value loss is 12.13463306427002, policy loss is 0.028500471264123917, reward loss is 114.20408630371094
value loss is 12.163098335266113, policy loss is 0.027656806632876396, reward loss is 99.62533569335938
kl:0.00000,lr_multiplier:11.391,loss:111.81609344482422,entropy:4.196919918060303,explained_var_old:nan,explained_var_new:nan
kl:0.00047,lr_multiplier:11.391,loss:18124.224609375,entropy:0.0020038599614053965,explained_var_old:0.000,explained_var_new:0.000
current batch: 10
313
Mask initialization completed successfully
action type is <class 'numpy.int64'>
WARNING: the state has no route legal actions
action type is <class 'numpy.int64'>
WARNING: the state has no route legal actions
action type is <class 'numpy.int64'>
WARNING: the state has no route legal actions
WARNING: the state don't need to route actions
action type is <class 'numpy.int64'>
WARNING: the state has no route legal actions
action type is <class 'numpy.int64'>
WARNING: the state has no route legal actions
WARNING: the state has no legal actions
cur move is -1
the mapping is success
current latency: 312.0
training...        ━━━━━━━━━━━━━━━━━━━━━━━━━━━━━━━━━━━━━━━━ 100% 0:00:00
collecting data... ━━━━━━━━━━━━━━━━━━━━━━━━━━━━━━━━━━━━━━━━ 100% 0:00:00
/root/wafer-compiler/mapper/net.py:333: UserWarning: Creating a tensor from a list of numpy.ndarrays is extremely slow. Please consider converting the list to a single numpy.ndarray with numpy.array() before converting to a tensor. (Triggered internally at /opt/conda/conda-bld/pytorch_1724789259345/work/torch/csrc/utils/tensor_new.cpp:278.)
  batch_state, torch.FloatTensor(batch_mask).unsqueeze(1).to(self.device)
train.py:188: RuntimeWarning: divide by zero encountered in scalar divide
  explained_var_old = 1 - np.var(
train.py:191: RuntimeWarning: divide by zero encountered in scalar divide
  explained_var_new = 1 - np.var(
train.py:191: RuntimeWarning: invalid value encountered in scalar divide
  explained_var_new = 1 - np.var(
train.py:188: RuntimeWarning: invalid value encountered in scalar divide
  explained_var_old = 1 - np.var(
[[  0.   0.   0.   0.   0.]
 [  1.   1.   4.   1.  -1.]
 [  2.   1.   4.   1.  -1.]
 ...
 [320.   1.   4.   1.  -1.]
 [321.   1.   4.   1.  -1.]
 [322.   1.   4.   1.  -1.]]
[[0. 0. 0. 0. 0. 0. 0. 0. 1. 0.]
 [0. 0. 0. 0. 0. 1. 0. 0. 0. 0.]
 [0. 0. 0. 0. 0. 1. 0. 0. 0. 0.]
 [0. 0. 0. 0. 0. 0. 1. 0. 0. 0.]
 [0. 0. 0. 0. 0. 0. 1. 0. 0. 0.]
 [0. 0. 0. 0. 0. 0. 0. 1. 0. 0.]
 [0. 0. 0. 0. 0. 0. 0. 1. 0. 0.]
 [0. 0. 0. 0. 0. 0. 0. 0. 1. 0.]
 [0. 0. 0. 0. 0. 0. 0. 0. 0. 1.]
 [0. 0. 0. 0. 0. 0. 0. 0. 0. 0.]]
313
[[0. 0. 0. ... 0. 0. 0.]
 [0. 0. 0. ... 0. 0. 0.]
 [0. 0. 0. ... 0. 0. 0.]
 ...
 [0. 0. 0. ... 0. 0. 0.]
 [0. 0. 0. ... 0. 0. 0.]
 [0. 0. 0. ... 0. 0. 0.]]
313
313
Mask initialization completed successfully
313
Mask initialization completed successfully
313
Mask initialization completed successfully
action type is <class 'numpy.int64'>
pre_reward is 0
WARNING: the state has no route legal actions
action type is <class 'numpy.int64'>
pre_reward is -1
WARNING: the state has no route legal actions
action type is <class 'numpy.int64'>
pre_reward is -2
WARNING: the state has no route legal actions
action type is <class 'numpy.int64'>
pre_reward is -3
WARNING: the state has no route legal actions
action type is <class 'numpy.int64'>
pre_reward is -4
WARNING: the state has no route legal actions
pre_reward is -5
cur reward is 78
pre_reward is -83
WARNING: the state don't need to route actions
pre_reward is -123
cur reward is 83
pre_reward is -206
cur reward is 23
pre_reward is -229
cur reward is 55
WARNING: the state has no legal actions
cur move is -1
the mapping is success
collect data... | current latency: -284
current batch: 1
313
Mask initialization completed successfully
action type is <class 'numpy.int64'>
pre_reward is 0
WARNING: the state has no route legal actions
action type is <class 'numpy.int64'>
pre_reward is -1
WARNING: the state has no route legal actions
action type is <class 'numpy.int64'>
pre_reward is -2
WARNING: the state has no route legal actions
action type is <class 'numpy.int64'>
pre_reward is -3
WARNING: the state has no route legal actions
action type is <class 'numpy.int64'>
pre_reward is -4
WARNING: the state has no route legal actions
pre_reward is -5
cur reward is 82
pre_reward is -87
cur reward is 60
pre_reward is -147
cur reward is 74
pre_reward is -221
cur reward is 28
pre_reward is -249
cur reward is 55
WARNING: the state has no legal actions
cur move is -1
the mapping is success
current latency: 304.0
313
Mask initialization completed successfully
action type is <class 'numpy.int64'>
pre_reward is 0
WARNING: the state has no route legal actions
action type is <class 'numpy.int64'>
pre_reward is -1
WARNING: the state has no route legal actions
action type is <class 'numpy.int64'>
pre_reward is -2
WARNING: the state has no route legal actions
action type is <class 'numpy.int64'>
pre_reward is -3
WARNING: the state has no route legal actions
action type is <class 'numpy.int64'>
pre_reward is -4
WARNING: the state has no route legal actions
pre_reward is -5
cur reward is 81
pre_reward is -86
cur reward is 60
pre_reward is -146
cur reward is 49
pre_reward is -195
cur reward is 55
pre_reward is -250
WARNING: the state don't need to route actions
WARNING: the state has no legal actions
cur move is -1
the mapping is success
collect data... | current latency: -269
current batch: 2
313
Mask initialization completed successfully
action type is <class 'numpy.int64'>
pre_reward is 0
WARNING: the state has no route legal actions
action type is <class 'numpy.int64'>
pre_reward is -1
WARNING: the state has no route legal actions
action type is <class 'numpy.int64'>
action type is <class 'numpy.int64'>
pre_reward is -2
WARNING: the state has no route legal actions
action type is <class 'numpy.int64'>
pre_reward is -3
WARNING: the state has no route legal actions
pre_reward is -4
cur reward is 125
action type is <class 'numpy.int64'>
pre_reward is -129
WARNING: the state has no route legal actions
pre_reward is -130
cur reward is 63
pre_reward is -193
WARNING: the state don't need to route actions
pre_reward is -276
WARNING: the state don't need to route actions
pre_reward is -359
WARNING: the state don't need to route actions
WARNING: the state has no legal actions
cur move is -1
the mapping is success
current latency: 372.0
313
Mask initialization completed successfully
action type is <class 'numpy.int64'>
pre_reward is 0
WARNING: the state has no route legal actions
action type is <class 'numpy.int64'>
pre_reward is -1
WARNING: the state has no route legal actions
action type is <class 'numpy.int64'>
pre_reward is -2
WARNING: the state has no route legal actions
action type is <class 'numpy.int64'>
pre_reward is -3
WARNING: the state has no route legal actions
action type is <class 'numpy.int64'>
pre_reward is -4
WARNING: the state has no route legal actions
pre_reward is -5
cur reward is 69
pre_reward is -74
WARNING: the state don't need to route actions
pre_reward is -168
cur reward is 27
pre_reward is -195
cur reward is 88
pre_reward is -283
WARNING: the state don't need to route actions
WARNING: the state has no legal actions
cur move is -1
the mapping is success
collect data... | current latency: -325
current batch: 3
313
Mask initialization completed successfully
action type is <class 'numpy.int64'>
pre_reward is 0
WARNING: the state has no route legal actions
action type is <class 'numpy.int64'>
pre_reward is -1
WARNING: the state has no route legal actions
action type is <class 'numpy.int64'>
pre_reward is -2
WARNING: the state has no route legal actions
action type is <class 'numpy.int64'>
pre_reward is -3
WARNING: the state has no route legal actions
pre_reward is -4
cur reward is 76
action type is <class 'numpy.int64'>
pre_reward is -80
WARNING: the state has no route legal actions
pre_reward is -81
cur reward is 77
pre_reward is -158
cur reward is 30
pre_reward is -188
cur reward is 43
pre_reward is -231
WARNING: the state don't need to route actions
WARNING: the state has no legal actions
cur move is -1
the mapping is success
current latency: 276.0
313
Mask initialization completed successfully
action type is <class 'numpy.int64'>
pre_reward is 0
WARNING: the state has no route legal actions
action type is <class 'numpy.int64'>
pre_reward is -1
WARNING: the state has no route legal actions
action type is <class 'numpy.int64'>
pre_reward is -2
WARNING: the state has no route legal actions
action type is <class 'numpy.int64'>
pre_reward is -3
WARNING: the state has no route legal actions
action type is <class 'numpy.int64'>
pre_reward is -4
cur reward is 61
action type is <class 'numpy.int64'>
pre_reward is -65
WARNING: the state has no route legal actions
pre_reward is -66
cur reward is 74
pre_reward is -140
cur reward is 43
pre_reward is -183
cur reward is 43
pre_reward is -226
cur reward is 51
WARNING: the state has no legal actions
cur move is -1
the mapping is success
collect data... | current latency: -277
current batch: 4
313
Mask initialization completed successfully
action type is <class 'numpy.int64'>
pre_reward is 0
WARNING: the state has no route legal actions
action type is <class 'numpy.int64'>
pre_reward is -1
WARNING: the state has no route legal actions
action type is <class 'numpy.int64'>
pre_reward is -2
WARNING: the state has no route legal actions
action type is <class 'numpy.int64'>
pre_reward is -3
WARNING: the state has no route legal actions
pre_reward is -4
cur reward is 64
action type is <class 'numpy.int64'>
pre_reward is -68
WARNING: the state has no route legal actions
pre_reward is -69
cur reward is 128
pre_reward is -197
cur reward is 100
pre_reward is -297
WARNING: the state don't need to route actions
pre_reward is -358
cur reward is 78
WARNING: the state has no legal actions
cur move is -1
the mapping is success
current latency: 436.0
313
Mask initialization completed successfully
action type is <class 'numpy.int64'>
pre_reward is 0
WARNING: the state has no route legal actions
action type is <class 'numpy.int64'>
action type is <class 'numpy.int64'>
pre_reward is -1
WARNING: the state has no route legal actions
action type is <class 'numpy.int64'>
pre_reward is -2
WARNING: the state has no route legal actions
action type is <class 'numpy.int64'>
pre_reward is -3
WARNING: the state has no route legal actions
action type is <class 'numpy.int64'>
pre_reward is -4
WARNING: the state has no route legal actions
pre_reward is -5
cur reward is 22
pre_reward is -27
cur reward is 70
pre_reward is -97
cur reward is 94
pre_reward is -191
WARNING: the state don't need to route actions
pre_reward is -246
WARNING: the state don't need to route actions
WARNING: the state has no legal actions
cur move is -1
the mapping is success
collect data... | current latency: -305
current batch: 5
313
Mask initialization completed successfully
action type is <class 'numpy.int64'>
pre_reward is 0
WARNING: the state has no route legal actions
action type is <class 'numpy.int64'>
pre_reward is -1
WARNING: the state has no route legal actions
action type is <class 'numpy.int64'>
pre_reward is -2
WARNING: the state has no route legal actions
action type is <class 'numpy.int64'>
pre_reward is -3
cur reward is 98
action type is <class 'numpy.int64'>
pre_reward is -101
WARNING: the state has no route legal actions
action type is <class 'numpy.int64'>
pre_reward is -102
WARNING: the state has no route legal actions
pre_reward is -103
cur reward is 129
pre_reward is -232
WARNING: the state don't need to route actions
pre_reward is -313
WARNING: the state don't need to route actions
pre_reward is -362
cur reward is 59
WARNING: the state has no legal actions
cur move is -1
the mapping is success
current latency: 421.0
313
Mask initialization completed successfully
action type is <class 'numpy.int64'>
pre_reward is 0
WARNING: the state has no route legal actions
action type is <class 'numpy.int64'>
pre_reward is -1
WARNING: the state has no route legal actions
action type is <class 'numpy.int64'>
pre_reward is -2
WARNING: the state has no route legal actions
action type is <class 'numpy.int64'>
pre_reward is -3
WARNING: the state has no route legal actions
action type is <class 'numpy.int64'>
pre_reward is -4
WARNING: the state has no route legal actions
pre_reward is -5
WARNING: the state don't need to route actions
pre_reward is -102
cur reward is 78
pre_reward is -180
cur reward is 72
pre_reward is -252
cur reward is 41
pre_reward is -293
WARNING: the state don't need to route actions
WARNING: the state has no legal actions
cur move is -1
the mapping is success
collect data... | current latency: -347
reward tensor([-49., -94., -41., -78., -69., -78., -43., -27., -88., -55., -83., -51.,
        -70., -23., -60., -81., -72., -22., -43., -55.], device='cuda:0'), pred reward tensor([ 72.5039,  74.3271,  61.0582, 109.0810,  43.6611,  95.3281,  67.1869,
         64.6957,  63.3251,  53.7997,  67.1840,  65.5507,  73.5085,  59.1940,
         79.3188,  64.5122,  70.8811,  82.2496,  80.0992,  54.4214],
       device='cuda:0', grad_fn=<ViewBackward0>)
value is tensor([-267., -303., -345., -347., -325., -284., -274., -324., -323., -281.,
        -283., -273., -304., -282., -268., -269., -346., -305., -275., -266.],
       device='cuda:0'), pred value tensor([-35.2834, -22.5256, -18.0247, -21.2548, -12.9215, -35.9916, -38.3580,
        -24.1890, -20.2654, -21.1510, -16.3345, -21.8704,  -4.4127, -26.1575,
        -37.3279, -18.4570, -19.7912, -18.4582, -21.6743, -12.9420],
       device='cuda:0', grad_fn=<ViewBackward0>)
value loss is 76548.140625, policy loss is 0.40056344866752625, reward loss is 17450.81640625
reward tensor([-49., -94., -41., -78., -69., -78., -43., -27., -88., -55., -83., -51.,
        -70., -23., -60., -81., -72., -22., -43., -55.], device='cuda:0'), pred reward tensor([44.7794, 41.6042, 35.4074, 33.1371, 60.2954, 54.4727, 62.4568, 62.2787,
        60.6507, 31.6399, 40.0829, 98.2530, 67.3188, 36.8165, 36.1396, 31.5256,
        48.7341, 39.9067, 36.7085, 48.1659], device='cuda:0',
       grad_fn=<ViewBackward0>)
value is tensor([-267., -303., -345., -347., -325., -284., -274., -324., -323., -281.,
        -283., -273., -304., -282., -268., -269., -346., -305., -275., -266.],
       device='cuda:0'), pred value tensor([-58.9824, -49.4044, -44.8940, -33.0122, -54.3844, -59.9459, -56.3489,
        -47.5040, -59.4704, -66.1646, -71.6879, -55.5207, -52.4241, -52.0826,
        -42.9535, -53.1782, -39.8494, -59.6928, -74.2526, -50.7755],
       device='cuda:0', grad_fn=<ViewBackward0>)
value loss is 60247.18359375, policy loss is 0.39839619398117065, reward loss is 12275.2607421875
reward tensor([-49., -94., -41., -78., -69., -78., -43., -27., -88., -55., -83., -51.,
        -70., -23., -60., -81., -72., -22., -43., -55.], device='cuda:0'), pred reward tensor([36.3924, 21.9230, 31.5071,  9.7321, 34.0263, 16.6565, 34.2098, 25.6200,
        25.1329,  9.1628, 20.7742, 13.0907,  4.4002, 28.2465, 15.6318, 11.1689,
        21.8776, 17.2485, 33.8592, 17.0632], device='cuda:0',
       grad_fn=<ViewBackward0>)
value is tensor([-267., -303., -345., -347., -325., -284., -274., -324., -323., -281.,
        -283., -273., -304., -282., -268., -269., -346., -305., -275., -266.],
       device='cuda:0'), pred value tensor([ -96.6610, -110.3760,  -98.5159,  -89.5422, -121.6317,  -84.3037,
         -84.9186,  -99.7235,  -75.7496, -100.8119,  -93.6826,  -91.4308,
         -90.2935,  -95.9324,  -86.1853,  -78.9918, -103.6755,  -81.9692,
        -104.9809,  -85.5612], device='cuda:0', grad_fn=<ViewBackward0>)
value loss is 42111.80859375, policy loss is 0.39646023511886597, reward loss is 6880.60498046875
reward tensor([-49., -94., -41., -78., -69., -78., -43., -27., -88., -55., -83., -51.,
        -70., -23., -60., -81., -72., -22., -43., -55.], device='cuda:0'), pred reward tensor([ -1.9582,  -2.5743,  -2.6519,   9.0425,   3.9337, -17.8303,   7.5034,
        -16.6377,  -4.8389, -10.8711,  -0.8240,   7.9083,  -6.9460,  -3.2823,
          1.1876, -10.9572,  -5.3954, -13.5284, -14.8821,  -3.2834],
       device='cuda:0', grad_fn=<ViewBackward0>)
value is tensor([-267., -303., -345., -347., -325., -284., -274., -324., -323., -281.,
        -283., -273., -304., -282., -268., -269., -346., -305., -275., -266.],
       device='cuda:0'), pred value tensor([-123.7118, -182.0376, -130.7537, -118.6725, -141.4848, -134.3334,
        -159.9790,  -85.8502, -111.2436, -171.1408, -148.7316, -158.5391,
        -124.6372, -129.5535, -133.6691, -135.7934, -131.7385, -115.0961,
        -104.1799, -123.8793], device='cuda:0', grad_fn=<ViewBackward0>)
value loss is 28479.025390625, policy loss is 0.3934956192970276, reward loss is 3564.505859375
reward tensor([-49., -94., -41., -78., -69., -78., -43., -27., -88., -55., -83., -51.,
        -70., -23., -60., -81., -72., -22., -43., -55.], device='cuda:0'), pred reward tensor([-32.4737, -25.0786, -28.1722, -17.9472, -26.7850, -20.4377, -26.9760,
        -22.9626,  -7.9232, -23.4814, -45.3245, -24.5338, -53.3644, -30.4269,
        -34.0981, -42.4968, -25.9438, -26.3068, -23.2665, -38.1704],
       device='cuda:0', grad_fn=<ViewBackward0>)
value is tensor([-267., -303., -345., -347., -325., -284., -274., -324., -323., -281.,
        -283., -273., -304., -282., -268., -269., -346., -305., -275., -266.],
       device='cuda:0'), pred value tensor([-209.7276, -179.6158, -135.8804, -176.7529, -211.6387, -183.9757,
        -179.8835, -184.1375, -240.8434, -192.4023, -174.6784, -198.7550,
        -207.8545, -163.7259, -209.3788, -212.2338, -228.2707, -220.8842,
        -226.1505, -203.5964], device='cuda:0', grad_fn=<ViewBackward0>)
value loss is 11572.3427734375, policy loss is 0.39089590311050415, reward loss is 1449.303466796875
reward tensor([-49., -94., -41., -78., -69., -78., -43., -27., -88., -55., -83., -51.,
        -70., -23., -60., -81., -72., -22., -43., -55.], device='cuda:0'), pred reward tensor([-62.7220, -58.8282, -50.8181, -55.3647, -61.2924, -58.6287, -65.9889,
        -71.8162, -70.0073, -64.5784, -55.0527, -70.4231, -56.0801, -64.9015,
        -64.5238, -60.7316, -54.5242, -53.8401, -67.4270, -71.8725],
       device='cuda:0', grad_fn=<ViewBackward0>)
value is tensor([-267., -303., -345., -347., -325., -284., -274., -324., -323., -281.,
        -283., -273., -304., -282., -268., -269., -346., -305., -275., -266.],
       device='cuda:0'), pred value tensor([-260.2625, -291.0791, -226.5109, -244.5261, -255.1720, -295.7773,
        -300.6012, -260.4809, -246.5074, -223.6027, -270.4536, -284.9022,
        -245.2577, -263.1983, -217.8276, -239.9494, -278.5559, -311.4391,
        -238.2244, -236.1874], device='cuda:0', grad_fn=<ViewBackward0>)
value loss is 2896.321533203125, policy loss is 0.3882928490638733, reward loss is 558.042724609375
reward tensor([-49., -94., -41., -78., -69., -78., -43., -27., -88., -55., -83., -51.,
        -70., -23., -60., -81., -72., -22., -43., -55.], device='cuda:0'), pred reward tensor([ -90.9898,  -81.9615, -122.9556,  -94.4495, -106.1100,  -74.7156,
         -95.5940,  -86.1974,  -98.0722, -102.9703, -119.7371, -103.7429,
         -83.0690,  -98.7215,  -79.3830,  -98.0297, -101.9708,  -85.6188,
        -133.5869,  -80.1860], device='cuda:0', grad_fn=<ViewBackward0>)
value is tensor([-267., -303., -345., -347., -325., -284., -274., -324., -323., -281.,
        -283., -273., -304., -282., -268., -269., -346., -305., -275., -266.],
       device='cuda:0'), pred value tensor([-387.6512, -342.3473, -357.0183, -285.9488, -309.1122, -344.0132,
        -399.9070, -344.3078, -399.0167, -341.0278, -307.7404, -403.4333,
        -308.6236, -276.3526, -368.3234, -365.1198, -282.5256, -309.0740,
        -320.6681, -309.8900], device='cuda:0', grad_fn=<ViewBackward0>)
value loss is 4725.84912109375, policy loss is 0.38500186800956726, reward loss is 2172.198486328125
reward tensor([-49., -94., -41., -78., -69., -78., -43., -27., -88., -55., -83., -51.,
        -70., -23., -60., -81., -72., -22., -43., -55.], device='cuda:0'), pred reward tensor([-101.9084, -110.5547, -109.3866,  -93.1505, -118.5373, -122.5298,
        -110.6594, -104.9448, -122.0122, -110.1449, -105.7541, -105.0544,
        -103.2173, -126.1690, -106.3941, -108.3846, -100.7185, -115.1383,
        -137.6266, -116.4257], device='cuda:0', grad_fn=<ViewBackward0>)
value is tensor([-267., -303., -345., -347., -325., -284., -274., -324., -323., -281.,
        -283., -273., -304., -282., -268., -269., -346., -305., -275., -266.],
       device='cuda:0'), pred value tensor([-386.6992, -414.5303, -376.7492, -393.1500, -452.7553, -384.4883,
        -461.6171, -401.4369, -315.7178, -397.9693, -509.5213, -380.4034,
        -382.3926, -363.3958, -420.9865, -367.5837, -421.2718, -425.5660,
        -382.3831, -422.6561], device='cuda:0', grad_fn=<ViewBackward0>)
value loss is 13813.5751953125, policy loss is 0.38154733180999756, reward loss is 3379.171875
reward tensor([-49., -94., -41., -78., -69., -78., -43., -27., -88., -55., -83., -51.,
        -70., -23., -60., -81., -72., -22., -43., -55.], device='cuda:0'), pred reward tensor([-106.5615, -106.3718,  -94.0417, -114.7617, -105.9760, -126.6724,
        -128.5659, -148.5952, -121.9146, -118.3596, -123.8347, -109.9798,
        -113.1871, -113.6696, -118.1968, -100.7738, -123.6466,  -89.1878,
         -94.7830,  -83.8230], device='cuda:0', grad_fn=<ViewBackward0>)
value is tensor([-267., -303., -345., -347., -325., -284., -274., -324., -323., -281.,
        -283., -273., -304., -282., -268., -269., -346., -305., -275., -266.],
       device='cuda:0'), pred value tensor([-431.7465, -535.3245, -342.1732, -447.7531, -471.0592, -459.7930,
        -422.9074, -390.6660, -450.6121, -469.8141, -415.5842, -541.4045,
        -400.6354, -414.1996, -419.6137, -375.2361, -395.3661, -432.4414,
        -427.9120, -359.4502], device='cuda:0', grad_fn=<ViewBackward0>)
value loss is 21178.296875, policy loss is 0.37814798951148987, reward loss is 3417.143798828125
reward tensor([-49., -94., -41., -78., -69., -78., -43., -27., -88., -55., -83., -51.,
        -70., -23., -60., -81., -72., -22., -43., -55.], device='cuda:0'), pred reward tensor([ -96.5902,  -99.2875,  -89.9382,  -95.0930,  -99.4658,  -91.6131,
        -101.5771, -106.8232, -101.6970,  -89.1971, -107.6241,  -94.8203,
         -89.9507, -120.6851,  -98.7985, -103.3416,  -91.1156,  -81.9335,
         -77.4679, -109.6365], device='cuda:0', grad_fn=<ViewBackward0>)
value is tensor([-267., -303., -345., -347., -325., -284., -274., -324., -323., -281.,
        -283., -273., -304., -282., -268., -269., -346., -305., -275., -266.],
       device='cuda:0'), pred value tensor([-323.8523, -340.1666, -380.7670, -470.6632, -351.7227, -419.7367,
        -436.6847, -376.6437, -358.0413, -411.2799, -400.7484, -379.7348,
        -381.1548, -407.1453, -419.7998, -352.7657, -484.4278, -406.5579,
        -348.2596, -357.2558], device='cuda:0', grad_fn=<ViewBackward0>)
value loss is 10393.21484375, policy loss is 0.3756650984287262, reward loss is 1992.7760009765625
reward tensor([-49., -94., -41., -78., -69., -78., -43., -27., -88., -55., -83., -51.,
        -70., -23., -60., -81., -72., -22., -43., -55.], device='cuda:0'), pred reward tensor([-84.8238, -91.6769, -79.0086, -81.9537, -71.5142, -79.0793, -69.2598,
        -89.6989, -87.3638, -87.0685, -67.4265, -80.3726, -64.7878, -92.1145,
        -79.6066, -88.0521, -82.4855, -82.0170, -74.4164, -78.0633],
       device='cuda:0', grad_fn=<ViewBackward0>)
value is tensor([-267., -303., -345., -347., -325., -284., -274., -324., -323., -281.,
        -283., -273., -304., -282., -268., -269., -346., -305., -275., -266.],
       device='cuda:0'), pred value tensor([-466.2595, -367.0040, -358.8170, -330.4147, -332.2488, -379.3782,
        -403.3459, -325.7749, -368.2394, -287.0227, -316.1973, -375.2112,
        -373.5733, -373.2643, -370.4959, -326.4435, -373.9017, -322.1783,
        -349.1747, -346.6047], device='cuda:0', grad_fn=<ViewBackward0>)
value loss is 6191.46875, policy loss is 0.37284836173057556, reward loss is 999.01708984375
reward tensor([-49., -94., -41., -78., -69., -78., -43., -27., -88., -55., -83., -51.,
        -70., -23., -60., -81., -72., -22., -43., -55.], device='cuda:0'), pred reward tensor([-46.9653, -69.2916, -62.7436, -59.5009, -77.7393, -67.0355, -67.6036,
        -67.7864, -72.7104, -44.1062, -67.3267, -59.2406, -61.5072, -65.2776,
        -65.0508, -43.9201, -54.4452, -57.3768, -54.2150, -46.0358],
       device='cuda:0', grad_fn=<ViewBackward0>)
value is tensor([-267., -303., -345., -347., -325., -284., -274., -324., -323., -281.,
        -283., -273., -304., -282., -268., -269., -346., -305., -275., -266.],
       device='cuda:0'), pred value tensor([-412.8723, -310.0781, -333.4364, -391.3836, -332.7549, -355.1688,
        -425.4147, -281.6047, -324.2982, -306.5342, -304.3748, -288.6619,
        -357.2378, -483.3537, -329.4177, -303.5351, -279.4503, -306.8710,
        -351.4490, -341.2745], device='cuda:0', grad_fn=<ViewBackward0>)
value loss is 5946.13427734375, policy loss is 0.3702351748943329, reward loss is 479.3446350097656
reward tensor([-49., -94., -41., -78., -69., -78., -43., -27., -88., -55., -83., -51.,
        -70., -23., -60., -81., -72., -22., -43., -55.], device='cuda:0'), pred reward tensor([-54.0491, -41.5610, -48.7475, -57.5370, -47.1816, -46.5998, -41.2824,
        -52.8660, -28.6976, -44.4662, -58.7818, -41.8033, -33.9282, -28.8799,
        -50.2248, -55.4497, -43.6147, -63.9847, -31.1025, -36.2158],
       device='cuda:0', grad_fn=<ViewBackward0>)
value is tensor([-267., -303., -345., -347., -325., -284., -274., -324., -323., -281.,
        -283., -273., -304., -282., -268., -269., -346., -305., -275., -266.],
       device='cuda:0'), pred value tensor([-272.3364, -242.3541, -320.5532, -238.5529, -272.3135, -293.4438,
        -261.1611, -259.1249, -280.1840, -231.4388, -252.0248, -321.4571,
        -230.1612, -321.9716, -315.9599, -262.9354, -337.2823, -286.0505,
        -340.7925, -245.8721], device='cuda:0', grad_fn=<ViewBackward0>)
value loss is 2272.81298828125, policy loss is 0.368537962436676, reward loss is 741.695556640625
reward tensor([-49., -94., -41., -78., -69., -78., -43., -27., -88., -55., -83., -51.,
        -70., -23., -60., -81., -72., -22., -43., -55.], device='cuda:0'), pred reward tensor([-35.2529, -30.8393, -34.6002, -47.3791, -43.4552, -35.1048, -50.3063,
        -42.6490, -36.3591, -53.3532, -37.3496, -24.1439, -53.2629, -29.0496,
        -32.1992, -39.7773, -46.9362, -26.5454, -47.3625, -41.9700],
       device='cuda:0', grad_fn=<ViewBackward0>)
value is tensor([-267., -303., -345., -347., -325., -284., -274., -324., -323., -281.,
        -283., -273., -304., -282., -268., -269., -346., -305., -275., -266.],
       device='cuda:0'), pred value tensor([-260.1416, -279.0881, -289.9724, -248.5221, -288.1151, -325.9482,
        -242.3006, -251.1174, -263.6017, -285.5499, -267.7582, -280.7725,
        -193.9663, -239.4090, -263.8290, -269.2662, -307.2872, -240.1163,
        -249.7435, -235.0601], device='cuda:0', grad_fn=<ViewBackward0>)
value loss is 2393.2919921875, policy loss is 0.3642290234565735, reward loss is 852.4480590820312
reward tensor([-49., -94., -41., -78., -69., -78., -43., -27., -88., -55., -83., -51.,
        -70., -23., -60., -81., -72., -22., -43., -55.], device='cuda:0'), pred reward tensor([-33.3432, -23.8059, -32.5260, -47.5419, -21.0371, -44.3740, -35.9680,
        -46.3089, -25.2522, -26.3979, -23.7745, -33.7815, -21.9904, -17.0059,
        -33.9522, -24.9624, -34.6491, -49.2407, -19.4941, -36.1849],
       device='cuda:0', grad_fn=<ViewBackward0>)
value is tensor([-267., -303., -345., -347., -325., -284., -274., -324., -323., -281.,
        -283., -273., -304., -282., -268., -269., -346., -305., -275., -266.],
       device='cuda:0'), pred value tensor([-218.1254, -233.1815, -202.6655, -184.4017, -235.9195, -275.1620,
        -232.1216, -357.8382, -216.7715, -247.5405, -219.4761, -250.2087,
        -201.0458, -193.1337, -251.8690, -212.9418, -278.5207, -250.9354,
        -213.5038, -226.3988], device='cuda:0', grad_fn=<ViewBackward0>)
value loss is 5827.8857421875, policy loss is 0.3603661060333252, reward loss is 1389.4012451171875
reward tensor([-49., -94., -41., -78., -69., -78., -43., -27., -88., -55., -83., -51.,
        -70., -23., -60., -81., -72., -22., -43., -55.], device='cuda:0'), pred reward tensor([-34.5514, -28.0050, -37.4007, -37.4037, -26.6407, -25.3704, -22.7581,
        -14.6483, -41.9671, -28.3279, -33.5258, -15.8532, -18.5049, -32.5320,
        -20.7161, -21.1204,  -9.8045, -36.6663, -25.5026, -39.6213],
       device='cuda:0', grad_fn=<ViewBackward0>)
value is tensor([-267., -303., -345., -347., -325., -284., -274., -324., -323., -281.,
        -283., -273., -304., -282., -268., -269., -346., -305., -275., -266.],
       device='cuda:0'), pred value tensor([-226.0103, -217.3484, -228.4798, -187.1696, -235.6235, -241.7910,
        -203.6618, -248.9461, -287.3464, -226.1088, -243.6682, -210.5741,
        -259.3358, -177.1727, -220.8406, -239.5453, -236.8846, -255.2267,
        -296.8003, -218.0319], device='cuda:0', grad_fn=<ViewBackward0>)
value loss is 5572.62841796875, policy loss is 0.35464832186698914, reward loss is 1518.1234130859375
reward tensor([-49., -94., -41., -78., -69., -78., -43., -27., -88., -55., -83., -51.,
        -70., -23., -60., -81., -72., -22., -43., -55.], device='cuda:0'), pred reward tensor([-24.4606, -38.3732, -25.3137, -32.6367, -45.1901, -36.5794, -28.2143,
        -23.0220, -27.2067, -39.8130, -41.5739, -41.2554, -38.7486, -23.6216,
        -34.4177, -33.1076, -26.2889, -47.3342, -35.6908, -31.5557],
       device='cuda:0', grad_fn=<ViewBackward0>)
value is tensor([-267., -303., -345., -347., -325., -284., -274., -324., -323., -281.,
        -283., -273., -304., -282., -268., -269., -346., -305., -275., -266.],
       device='cuda:0'), pred value tensor([-207.8923, -254.1622, -196.1653, -182.7849, -194.8053, -245.9201,
        -215.6582, -254.2294, -245.1192, -242.7798, -205.3784, -278.4093,
        -240.0526, -203.4901, -205.5354, -247.6304, -235.7808, -228.1798,
        -247.3178, -178.7365], device='cuda:0', grad_fn=<ViewBackward0>)
value loss is 6814.6328125, policy loss is 0.34958893060684204, reward loss is 1075.7264404296875
reward tensor([-49., -94., -41., -78., -69., -78., -43., -27., -88., -55., -83., -51.,
        -70., -23., -60., -81., -72., -22., -43., -55.], device='cuda:0'), pred reward tensor([-36.6107, -33.0389, -54.2158, -42.7980, -32.8202, -43.3148, -31.5805,
        -30.8488, -18.7280, -37.8092, -33.7986, -40.0223, -37.0221, -36.5240,
        -31.7965, -32.5249, -28.6052, -43.5386, -33.4359, -46.0242],
       device='cuda:0', grad_fn=<ViewBackward0>)
value is tensor([-267., -303., -345., -347., -325., -284., -274., -324., -323., -281.,
        -283., -273., -304., -282., -268., -269., -346., -305., -275., -266.],
       device='cuda:0'), pred value tensor([-254.9403, -183.1995, -268.9972, -289.6461, -198.9944, -204.6175,
        -287.3758, -218.6455, -218.3675, -202.2218, -235.2245, -281.5177,
        -256.2369, -188.5513, -247.9039, -208.6793, -199.7351, -266.6748,
        -282.5397, -193.7694], device='cuda:0', grad_fn=<ViewBackward0>)
value loss is 5986.1376953125, policy loss is 0.3429325222969055, reward loss is 1125.5518798828125
reward tensor([-49., -94., -41., -78., -69., -78., -43., -27., -88., -55., -83., -51.,
        -70., -23., -60., -81., -72., -22., -43., -55.], device='cuda:0'), pred reward tensor([-56.5886, -42.1019, -40.6798, -33.7308, -41.4404, -52.3628, -43.8117,
        -42.5585, -30.1121, -37.2586, -38.4810, -54.3162, -39.6092, -53.7888,
        -59.5198, -42.3151, -52.1155, -45.6642, -43.9141, -52.4690],
       device='cuda:0', grad_fn=<ViewBackward0>)
value is tensor([-267., -303., -345., -347., -325., -284., -274., -324., -323., -281.,
        -283., -273., -304., -282., -268., -269., -346., -305., -275., -266.],
       device='cuda:0'), pred value tensor([-239.9215, -211.8241, -182.9293, -223.6541, -237.1312, -254.8615,
        -268.5161, -244.9870, -211.5197, -208.3032, -214.8414, -240.8129,
        -215.5071, -276.8105, -332.0373, -221.6928, -244.9277, -246.7148,
        -266.0448, -194.3406], device='cuda:0', grad_fn=<ViewBackward0>)
value loss is 6089.4755859375, policy loss is 0.33618927001953125, reward loss is 818.0018920898438
reward tensor([-49., -94., -41., -78., -69., -78., -43., -27., -88., -55., -83., -51.,
        -70., -23., -60., -81., -72., -22., -43., -55.], device='cuda:0'), pred reward tensor([-57.5940, -40.2166, -35.3144, -49.8890, -55.8526, -42.4604, -39.9404,
        -46.2760, -64.3744, -47.1347, -51.8301, -41.7871, -52.5137, -59.5605,
        -71.8610, -49.4909, -47.6746, -43.9873, -58.2543, -58.7847],
       device='cuda:0', grad_fn=<ViewBackward0>)
value is tensor([-267., -303., -345., -347., -325., -284., -274., -324., -323., -281.,
        -283., -273., -304., -282., -268., -269., -346., -305., -275., -266.],
       device='cuda:0'), pred value tensor([-220.4654, -217.6495, -220.2454, -254.4157, -240.6971, -238.7929,
        -256.2838, -195.1423, -244.6436, -340.2862, -284.9036, -284.2033,
        -240.7373, -273.5544, -252.3435, -193.3437, -227.3139, -258.6539,
        -220.4335, -212.7294], device='cuda:0', grad_fn=<ViewBackward0>)
value loss is 5076.5205078125, policy loss is 0.3272516429424286, reward loss is 569.0260009765625
kl:0.00002,lr_multiplier:1.500,loss:5645.87353515625,entropy:0.8495683670043945,explained_var_old:-0.046,explained_var_new:-2.349
state_batch: [<state.MappingState object at 0x7f94e0d09c40>, <state.MappingState object at 0x7f94ac4515e0>, <state.MappingState object at 0x7f94ac4515e0>, <state.MappingState object at 0x7f94e0bed9d0>, <state.MappingState object at 0x7f94e0d09c40>, <state.MappingState object at 0x7f94e0bed9d0>, <state.MappingState object at 0x7f94e0a520d0>, <state.MappingState object at 0x7f94ac4515e0>, <state.MappingState object at 0x7f94e0a520d0>, <state.MappingState object at 0x7f94ac4515e0>, <state.MappingState object at 0x7f94e0d09c40>, <state.MappingState object at 0x7f94ace35d00>, <state.MappingState object at 0x7f94e0a520d0>, <state.MappingState object at 0x7f94ac113640>, <state.MappingState object at 0x7f94ac4515e0>, <state.MappingState object at 0x7f94e0bed9d0>, <state.MappingState object at 0x7f94ac4515e0>, <state.MappingState object at 0x7f94e0a520d0>, <state.MappingState object at 0x7f94ac4515e0>, <state.MappingState object at 0x7f94e0bed9d0>]
value loss is 20555.572265625, policy loss is 13.098474502563477
value loss is 22852.453125, policy loss is 12.97733211517334
value loss is 18809.30859375, policy loss is 12.900973320007324
value loss is 15903.7529296875, policy loss is 12.846773147583008
value loss is 8786.314453125, policy loss is 12.810295104980469
value loss is 7115.4736328125, policy loss is 12.786552429199219
value loss is 5515.44287109375, policy loss is 12.780974388122559
value loss is 5106.28515625, policy loss is 12.775202751159668
value loss is 5272.4052734375, policy loss is 12.764820098876953
value loss is 5573.02978515625, policy loss is 12.760672569274902
value loss is 6827.29931640625, policy loss is 12.758437156677246
value loss is 7506.359375, policy loss is 12.75797176361084
value loss is 8096.34716796875, policy loss is 12.753737449645996
value loss is 8257.8798828125, policy loss is 12.752144813537598
value loss is 7952.74072265625, policy loss is 12.747261047363281
value loss is 8248.373046875, policy loss is 12.733567237854004
value loss is 7994.40625, policy loss is 12.725044250488281
value loss is 7200.06494140625, policy loss is 12.709068298339844
value loss is 7030.51171875, policy loss is 12.68801498413086
value loss is 5730.5048828125, policy loss is 12.663723945617676
kl:0.00049,lr_multiplier:2.250,loss:5743.16845703125,entropy:0.7557775378227234,explained_var_old:-0.017,explained_var_new:-0.043
current batch: 6
313
Mask initialization completed successfully
action type is <class 'numpy.int64'>
pre_reward is 0
WARNING: the state has no route legal actions
action type is <class 'numpy.int64'>
pre_reward is -1
WARNING: the state has no route legal actions
action type is <class 'numpy.int64'>
pre_reward is -2
WARNING: the state has no route legal actions
action type is <class 'numpy.int64'>
pre_reward is -3
WARNING: the state has no route legal actions
pre_reward is -4
WARNING: the state don't need to route actions
action type is <class 'numpy.int64'>
pre_reward is -111
WARNING: the state has no route legal actions
pre_reward is -112
cur reward is 151
pre_reward is -263
cur reward is 96
pre_reward is -359
WARNING: the state don't need to route actions
pre_reward is -418
WARNING: the state don't need to route actions
WARNING: the state has no legal actions
cur move is -1
the mapping is success
current latency: 439.0
313
Mask initialization completed successfully
action type is <class 'numpy.int64'>
pre_reward is 0
WARNING: the state has no route legal actions
action type is <class 'numpy.int64'>
pre_reward is -1
WARNING: the state has no route legal actions
action type is <class 'numpy.int64'>
pre_reward is -2
WARNING: the state has no route legal actions
action type is <class 'numpy.int64'>
pre_reward is -3
WARNING: the state has no route legal actions
action type is <class 'numpy.int64'>
pre_reward is -4
WARNING: the state has no route legal actions
pre_reward is -5
cur reward is 109
pre_reward is -114
cur reward is 68
pre_reward is -182
WARNING: the state don't need to route actions
pre_reward is -250
cur reward is 46
pre_reward is -296
WARNING: the state don't need to route actions
WARNING: the state has no legal actions
cur move is -1
the mapping is success
collect data... | current latency: -315
reward tensor([-69., -83., -43., -72., -23., -43., -51., -55., -78., -55., -60., -49.,
        -22., -74., -81., -41., -70., -88., -94., -78.], device='cuda:0'), pred reward tensor([-43.6493, -44.3231, -48.6675, -40.7429, -33.5017, -52.1315, -49.1934,
        -45.2705, -43.4552, -40.3908, -47.4807, -37.7104, -45.7445, -47.6812,
        -45.8974, -46.1155, -44.1492, -36.2832, -36.7291, -44.9147],
       device='cuda:0', grad_fn=<ViewBackward0>)
value is tensor([-325., -283., -274., -346., -282., -275., -273., -281., -284., -266.,
        -268., -267., -305., -276., -269., -345., -304., -323., -303., -347.],
       device='cuda:0'), pred value tensor([-107.5278, -106.6023, -115.7911, -100.2182, -120.1763, -117.3826,
        -109.1703, -108.6195, -130.9017, -107.7744,  -89.8819, -112.1873,
         -97.1832,  -96.7807, -127.2010,  -88.6771, -100.1949, -111.6666,
        -114.3990,  -94.1967], device='cuda:0', grad_fn=<ViewBackward0>)
value loss is 36119.79296875, policy loss is 0.35283082723617554, reward loss is 768.1284790039062
reward tensor([-69., -83., -43., -72., -23., -43., -51., -55., -78., -55., -60., -49.,
        -22., -74., -81., -41., -70., -88., -94., -78.], device='cuda:0'), pred reward tensor([-41.5458, -49.2356, -48.7303, -51.4913, -56.5825, -47.7927, -46.9327,
        -45.0508, -60.3824, -48.0695, -50.3626, -46.0250, -67.6254, -40.2644,
        -43.4489, -48.2847, -54.9755, -41.2878, -57.8959, -50.7700],
       device='cuda:0', grad_fn=<ViewBackward0>)
value is tensor([-325., -283., -274., -346., -282., -275., -273., -281., -284., -266.,
        -268., -267., -305., -276., -269., -345., -304., -323., -303., -347.],
       device='cuda:0'), pred value tensor([-149.6182, -119.7252, -147.6724, -153.3190, -122.5435, -110.5476,
        -134.8609, -129.8241, -137.9348, -106.0411, -114.7269, -136.2392,
        -117.9376, -164.6496, -128.1759, -141.8837, -123.0948, -131.0570,
        -122.2331, -109.3746], device='cuda:0', grad_fn=<ViewBackward0>)
value loss is 27980.634765625, policy loss is 0.3341190814971924, reward loss is 660.4647827148438
reward tensor([-69., -83., -43., -72., -23., -43., -51., -55., -78., -55., -60., -49.,
        -22., -74., -81., -41., -70., -88., -94., -78.], device='cuda:0'), pred reward tensor([-64.2016, -80.2708, -67.3787, -61.0484, -59.3353, -61.4675, -64.4649,
        -63.4850, -71.6132, -64.8777, -56.6915, -65.5133, -70.5379, -90.8696,
        -63.6470, -67.7831, -58.8646, -57.8571, -71.1382, -53.4257],
       device='cuda:0', grad_fn=<ViewBackward0>)
value is tensor([-325., -283., -274., -346., -282., -275., -273., -281., -284., -266.,
        -268., -267., -305., -276., -269., -345., -304., -323., -303., -347.],
       device='cuda:0'), pred value tensor([-145.1111, -166.0925, -190.4919, -171.6828, -146.4314, -151.4474,
        -147.6180, -187.9177, -147.4122, -155.3630, -156.8793, -188.6954,
        -168.4478, -147.2997, -177.6560, -162.3004, -176.3811, -180.0318,
        -180.5074, -177.2637], device='cuda:0', grad_fn=<ViewBackward0>)
value loss is 17413.359375, policy loss is 0.3056458532810211, reward loss is 444.97216796875
reward tensor([-69., -83., -43., -72., -23., -43., -51., -55., -78., -55., -60., -49.,
        -22., -74., -81., -41., -70., -88., -94., -78.], device='cuda:0'), pred reward tensor([ -67.8695,  -69.4811,  -81.3887,  -84.9322,  -72.7519,  -70.7125,
         -98.9596,  -95.4619,  -78.1242,  -86.4356,  -81.6403,  -73.9415,
         -70.1490,  -89.3681, -109.5749,  -85.3001,  -73.5830,  -67.6087,
         -88.3123,  -67.7019], device='cuda:0', grad_fn=<ViewBackward0>)
value is tensor([-325., -283., -274., -346., -282., -275., -273., -281., -284., -266.,
        -268., -267., -305., -276., -269., -345., -304., -323., -303., -347.],
       device='cuda:0'), pred value tensor([-204.3326, -220.8364, -210.2007, -193.1618, -224.4640, -249.1664,
        -221.0840, -201.9675, -273.9080, -208.9196, -164.4054, -249.6158,
        -249.4265, -168.3696, -207.5601, -198.5375, -258.7360, -258.3880,
        -170.9199, -227.7742], device='cuda:0', grad_fn=<ViewBackward0>)
value loss is 7547.51904296875, policy loss is 0.265937477350235, reward loss is 849.2332153320312
reward tensor([-69., -83., -43., -72., -23., -43., -51., -55., -78., -55., -60., -49.,
        -22., -74., -81., -41., -70., -88., -94., -78.], device='cuda:0'), pred reward tensor([-82.5730, -82.0313, -96.1551, -93.2087, -79.8022, -82.1655, -87.4130,
        -86.5829, -76.6933, -84.8617, -95.2682, -76.3510, -87.2700, -79.6496,
        -89.4408, -78.0124, -81.4205, -80.2942, -75.6210, -88.8633],
       device='cuda:0', grad_fn=<ViewBackward0>)
value is tensor([-325., -283., -274., -346., -282., -275., -273., -281., -284., -266.,
        -268., -267., -305., -276., -269., -345., -304., -323., -303., -347.],
       device='cuda:0'), pred value tensor([-254.4925, -304.7501, -237.3293, -267.0484, -252.7585, -257.8093,
        -262.9962, -246.0218, -268.5028, -346.6345, -241.2605, -279.3957,
        -301.7341, -299.4738, -310.2536, -265.9995, -306.9524, -323.5962,
        -316.9029, -290.5856], device='cuda:0', grad_fn=<ViewBackward0>)
value loss is 1749.846923828125, policy loss is 0.21337492763996124, reward loss is 990.4226684570312
reward tensor([-69., -83., -43., -72., -23., -43., -51., -55., -78., -55., -60., -49.,
        -22., -74., -81., -41., -70., -88., -94., -78.], device='cuda:0'), pred reward tensor([ -77.4131,  -83.4666,  -94.7880,  -90.0395,  -72.2085, -116.4444,
         -78.1241,  -84.4258,  -80.7565,  -77.2259,  -87.5673,  -77.5896,
         -74.1466,  -96.9979,  -95.9733,  -87.9021,  -84.0238,  -86.3945,
         -80.8926,  -73.6066], device='cuda:0', grad_fn=<ViewBackward0>)
value is tensor([-325., -283., -274., -346., -282., -275., -273., -281., -284., -266.,
        -268., -267., -305., -276., -269., -345., -304., -323., -303., -347.],
       device='cuda:0'), pred value tensor([-343.6147, -348.8250, -345.3854, -352.0717, -352.1134, -380.2335,
        -342.5450, -285.5811, -350.3973, -293.2460, -392.3761, -387.2028,
        -391.4399, -347.2271, -406.1071, -276.3598, -383.7266, -335.5016,
        -273.4776, -390.7937], device='cuda:0', grad_fn=<ViewBackward0>)
value loss is 5554.28955078125, policy loss is 0.14273537695407867, reward loss is 1031.8507080078125
reward tensor([-69., -83., -43., -72., -23., -43., -51., -55., -78., -55., -60., -49.,
        -22., -74., -81., -41., -70., -88., -94., -78.], device='cuda:0'), pred reward tensor([-59.6353, -64.4978, -63.2940, -55.1873, -73.7422, -74.2634, -75.1624,
        -49.2266, -65.0006, -59.1933, -66.3663, -69.2911, -74.4084, -68.8560,
        -67.7370, -59.4922, -69.3617, -78.2282, -68.7325, -74.8227],
       device='cuda:0', grad_fn=<ViewBackward0>)
value is tensor([-325., -283., -274., -346., -282., -275., -273., -281., -284., -266.,
        -268., -267., -305., -276., -269., -345., -304., -323., -303., -347.],
       device='cuda:0'), pred value tensor([-337.9885, -450.0994, -410.1609, -441.0957, -350.3281, -379.8351,
        -387.7648, -381.0923, -359.3554, -388.7821, -397.1181, -360.0173,
        -435.7238, -411.9302, -336.6938, -382.7721, -358.7159, -422.6620,
        -435.7885, -479.7618], device='cuda:0', grad_fn=<ViewBackward0>)
value loss is 11517.9873046875, policy loss is 0.08964521437883377, reward loss is 498.4046325683594
reward tensor([-69., -83., -43., -72., -23., -43., -51., -55., -78., -55., -60., -49.,
        -22., -74., -81., -41., -70., -88., -94., -78.], device='cuda:0'), pred reward tensor([-58.4709, -51.0802, -50.9773, -48.1110, -58.7156, -52.8150, -46.2209,
        -63.9275, -53.0712, -51.2778, -43.7096, -56.4345, -39.0315, -56.3921,
        -55.3402, -40.8364, -55.7669, -46.0265, -41.1413, -43.6603],
       device='cuda:0', grad_fn=<ViewBackward0>)
value is tensor([-325., -283., -274., -346., -282., -275., -273., -281., -284., -266.,
        -268., -267., -305., -276., -269., -345., -304., -323., -303., -347.],
       device='cuda:0'), pred value tensor([-360.9025, -374.6714, -415.2378, -420.3227, -441.6910, -442.6115,
        -399.4798, -351.8487, -433.1361, -427.7465, -421.0497, -376.4522,
        -345.2645, -414.2153, -407.5446, -413.6987, -379.1913, -348.2800,
        -376.7060, -429.4381], device='cuda:0', grad_fn=<ViewBackward0>)
value loss is 12837.193359375, policy loss is 0.07890268415212631, reward loss is 569.5330200195312
reward tensor([-69., -83., -43., -72., -23., -43., -51., -55., -78., -55., -60., -49.,
        -22., -74., -81., -41., -70., -88., -94., -78.], device='cuda:0'), pred reward tensor([-29.5874, -36.2406, -40.8500, -26.9358, -43.4042, -42.1966, -47.4292,
        -42.1082, -52.7522, -40.4934, -25.8888, -37.0023, -43.1709, -36.8529,
        -42.8016, -30.1197, -38.0701, -26.3154, -38.0292, -37.7483],
       device='cuda:0', grad_fn=<ViewBackward0>)
value is tensor([-325., -283., -274., -346., -282., -275., -273., -281., -284., -266.,
        -268., -267., -305., -276., -269., -345., -304., -323., -303., -347.],
       device='cuda:0'), pred value tensor([-348.6931, -357.6964, -451.7029, -337.0963, -366.2491, -365.8366,
        -354.6956, -443.2113, -484.2903, -321.1196, -496.9969, -383.2769,
        -350.9957, -341.4527, -388.9600, -378.0084, -341.5788, -329.5469,
        -371.1266, -433.1212], device='cuda:0', grad_fn=<ViewBackward0>)
value loss is 11532.0703125, policy loss is 0.08505871891975403, reward loss is 1075.4794921875
reward tensor([-69., -83., -43., -72., -23., -43., -51., -55., -78., -55., -60., -49.,
        -22., -74., -81., -41., -70., -88., -94., -78.], device='cuda:0'), pred reward tensor([-51.6913, -46.7507, -47.7505, -36.5166, -39.6672, -32.4238, -57.1256,
        -34.1623, -34.6868, -42.4992, -39.3096, -34.6883, -34.9470, -47.1458,
        -43.4075, -44.2387, -40.6502, -36.9278, -38.5164, -31.7954],
       device='cuda:0', grad_fn=<ViewBackward0>)
value is tensor([-325., -283., -274., -346., -282., -275., -273., -281., -284., -266.,
        -268., -267., -305., -276., -269., -345., -304., -323., -303., -347.],
       device='cuda:0'), pred value tensor([-276.2203, -386.4487, -345.6203, -345.8187, -371.0235, -363.4383,
        -365.4117, -329.9268, -332.5622, -320.3234, -340.8785, -325.2729,
        -408.5027, -406.0246, -349.9929, -377.9303, -363.9344, -353.2369,
        -343.5080, -319.1276], device='cuda:0', grad_fn=<ViewBackward0>)
value loss is 5054.7392578125, policy loss is 0.07569915056228638, reward loss is 870.8685913085938
reward tensor([-69., -83., -43., -72., -23., -43., -51., -55., -78., -55., -60., -49.,
        -22., -74., -81., -41., -70., -88., -94., -78.], device='cuda:0'), pred reward tensor([-41.8548, -53.8259, -61.5660, -45.3846, -47.2844, -38.2261, -50.3260,
        -41.3162, -50.9011, -47.8250, -47.5842, -57.0355, -55.4438, -56.0698,
        -65.9783, -51.0980, -48.9669, -40.0883, -63.9799, -56.1482],
       device='cuda:0', grad_fn=<ViewBackward0>)
value is tensor([-325., -283., -274., -346., -282., -275., -273., -281., -284., -266.,
        -268., -267., -305., -276., -269., -345., -304., -323., -303., -347.],
       device='cuda:0'), pred value tensor([-233.6060, -313.1750, -292.7137, -277.2024, -273.3188, -291.5557,
        -311.7945, -319.4114, -269.4921, -251.0708, -298.9413, -339.4924,
        -273.7738, -303.9747, -287.0656, -293.8532, -300.6208, -294.5150,
        -333.7616, -298.7096], device='cuda:0', grad_fn=<ViewBackward0>)
value loss is 1656.177978515625, policy loss is 0.05148407444357872, reward loss is 516.5038452148438
reward tensor([-69., -83., -43., -72., -23., -43., -51., -55., -78., -55., -60., -49.,
        -22., -74., -81., -41., -70., -88., -94., -78.], device='cuda:0'), pred reward tensor([-46.8533, -60.8037, -72.5346, -62.6331, -54.4849, -65.4519, -44.2740,
        -59.8968, -63.0994, -61.3100, -62.8352, -58.6736, -46.5582, -69.3199,
        -67.1987, -77.1216, -52.5816, -52.5769, -54.0617, -81.3073],
       device='cuda:0', grad_fn=<ViewBackward0>)
value is tensor([-325., -283., -274., -346., -282., -275., -273., -281., -284., -266.,
        -268., -267., -305., -276., -269., -345., -304., -323., -303., -347.],
       device='cuda:0'), pred value tensor([-310.2014, -320.2674, -287.1690, -276.0669, -285.9156, -282.9952,
        -240.7153, -264.9510, -237.3324, -238.7718, -232.3112, -256.2836,
        -256.0607, -311.6200, -256.6578, -256.7874, -296.4780, -254.3070,
        -233.8507, -246.4021], device='cuda:0', grad_fn=<ViewBackward0>)
value loss is 2181.666015625, policy loss is 0.025666972622275352, reward loss is 457.7853698730469
reward tensor([-69., -83., -43., -72., -23., -43., -51., -55., -78., -55., -60., -49.,
        -22., -74., -81., -41., -70., -88., -94., -78.], device='cuda:0'), pred reward tensor([-84.5506, -70.5569, -54.1161, -70.1500, -78.5608, -81.9752, -60.0821,
        -82.2026, -66.3637, -69.2465, -67.4537, -60.0568, -68.8435, -71.3269,
        -73.4169, -53.9467, -70.8796, -73.5192, -64.8343, -63.4890],
       device='cuda:0', grad_fn=<ViewBackward0>)
value is tensor([-325., -283., -274., -346., -282., -275., -273., -281., -284., -266.,
        -268., -267., -305., -276., -269., -345., -304., -323., -303., -347.],
       device='cuda:0'), pred value tensor([-197.9118, -271.0651, -257.0281, -242.8264, -224.9053, -234.8095,
        -264.8235, -240.4880, -248.1249, -234.2429, -233.6146, -276.9578,
        -269.2065, -231.4233, -250.4144, -233.3504, -223.2957, -216.0169,
        -243.3487, -259.5104], device='cuda:0', grad_fn=<ViewBackward0>)
value loss is 4131.87353515625, policy loss is 0.018510447815060616, reward loss is 508.330078125
reward tensor([-69., -83., -43., -72., -23., -43., -51., -55., -78., -55., -60., -49.,
        -22., -74., -81., -41., -70., -88., -94., -78.], device='cuda:0'), pred reward tensor([-61.3695, -58.8552, -69.1892, -63.7416, -66.4025, -65.2829, -77.0654,
        -58.0575, -80.6236, -70.6641, -62.8345, -69.3343, -77.2279, -64.0707,
        -78.4915, -74.0206, -58.5493, -70.9697, -69.1182, -80.0883],
       device='cuda:0', grad_fn=<ViewBackward0>)
value is tensor([-325., -283., -274., -346., -282., -275., -273., -281., -284., -266.,
        -268., -267., -305., -276., -269., -345., -304., -323., -303., -347.],
       device='cuda:0'), pred value tensor([-259.5462, -225.4108, -255.8078, -245.3709, -219.5971, -251.5434,
        -221.6477, -266.0623, -249.3362, -242.7626, -213.0818, -238.3557,
        -205.3450, -291.2571, -225.7814, -220.9037, -229.0249, -233.4078,
        -241.8244, -228.6352], device='cuda:0', grad_fn=<ViewBackward0>)
value loss is 4488.642578125, policy loss is 0.029769012704491615, reward loss is 521.4039916992188
reward tensor([-69., -83., -43., -72., -23., -43., -51., -55., -78., -55., -60., -49.,
        -22., -74., -81., -41., -70., -88., -94., -78.], device='cuda:0'), pred reward tensor([-63.4618, -68.6208, -75.9887, -65.7547, -76.9219, -71.5198, -83.2743,
        -80.6341, -63.8040, -69.6329, -79.2221, -66.1813, -68.0158, -78.6226,
        -84.0536, -65.7530, -72.5656, -65.3685, -71.8361, -68.4604],
       device='cuda:0', grad_fn=<ViewBackward0>)
value is tensor([-325., -283., -274., -346., -282., -275., -273., -281., -284., -266.,
        -268., -267., -305., -276., -269., -345., -304., -323., -303., -347.],
       device='cuda:0'), pred value tensor([-210.4501, -194.1309, -210.4370, -215.2138, -283.6631, -248.5987,
        -283.5470, -176.7747, -208.5052, -218.2218, -184.3623, -228.7006,
        -286.0189, -247.6312, -232.4599, -214.7548, -210.7086, -191.6132,
        -217.9785, -209.2612], device='cuda:0', grad_fn=<ViewBackward0>)
value loss is 7095.671875, policy loss is 0.0440015085041523, reward loss is 586.3289184570312
reward tensor([-69., -83., -43., -72., -23., -43., -51., -55., -78., -55., -60., -49.,
        -22., -74., -81., -41., -70., -88., -94., -78.], device='cuda:0'), pred reward tensor([-82.7034, -65.8568, -73.5750, -77.0211, -67.1077, -87.5188, -67.0276,
        -73.0910, -60.1260, -73.5448, -82.7611, -71.6012, -72.3624, -79.1861,
        -69.1488, -64.5382, -59.9928, -73.1694, -68.0962, -82.0617],
       device='cuda:0', grad_fn=<ViewBackward0>)
value is tensor([-325., -283., -274., -346., -282., -275., -273., -281., -284., -266.,
        -268., -267., -305., -276., -269., -345., -304., -323., -303., -347.],
       device='cuda:0'), pred value tensor([-216.6654, -274.2183, -237.7731, -254.9460, -256.4390, -232.3510,
        -237.0853, -270.0912, -203.2916, -246.3209, -228.6553, -246.6877,
        -226.7563, -273.5565, -257.3169, -213.4639, -209.3612, -229.5007,
        -215.3884, -258.4547], device='cuda:0', grad_fn=<ViewBackward0>)
value loss is 4547.0283203125, policy loss is 0.06438984721899033, reward loss is 595.5458374023438
reward tensor([-69., -83., -43., -72., -23., -43., -51., -55., -78., -55., -60., -49.,
        -22., -74., -81., -41., -70., -88., -94., -78.], device='cuda:0'), pred reward tensor([-65.9760, -82.0390, -82.0517, -67.5681, -67.4230, -78.2981, -72.7496,
        -77.7755, -77.2192, -78.4809, -74.0255, -72.8034, -78.8364, -73.3619,
        -75.2627, -77.0611, -80.3027, -68.3612, -71.7932, -75.6392],
       device='cuda:0', grad_fn=<ViewBackward0>)
value is tensor([-325., -283., -274., -346., -282., -275., -273., -281., -284., -266.,
        -268., -267., -305., -276., -269., -345., -304., -323., -303., -347.],
       device='cuda:0'), pred value tensor([-244.0879, -240.9220, -235.6123, -245.3726, -324.7205, -285.1753,
        -287.1767, -253.2129, -251.6294, -297.8465, -225.1299, -249.6914,
        -253.9133, -250.9285, -247.8214, -265.5081, -260.9643, -269.5525,
        -276.6180, -273.4482], device='cuda:0', grad_fn=<ViewBackward0>)
value loss is 2391.924072265625, policy loss is 0.05977749824523926, reward loss is 631.7901000976562
reward tensor([-69., -83., -43., -72., -23., -43., -51., -55., -78., -55., -60., -49.,
        -22., -74., -81., -41., -70., -88., -94., -78.], device='cuda:0'), pred reward tensor([-68.2018, -72.1641, -78.9639, -89.9012, -63.8169, -69.3087, -78.1591,
        -80.1776, -66.8536, -69.9886, -75.8740, -71.7229, -72.4436, -81.3156,
        -86.3801, -69.1040, -81.7273, -77.3206, -65.0444, -74.8642],
       device='cuda:0', grad_fn=<ViewBackward0>)
value is tensor([-325., -283., -274., -346., -282., -275., -273., -281., -284., -266.,
        -268., -267., -305., -276., -269., -345., -304., -323., -303., -347.],
       device='cuda:0'), pred value tensor([-259.6432, -279.5662, -278.6010, -285.1865, -243.9395, -264.8993,
        -231.2474, -259.9573, -263.2428, -266.4564, -246.1105, -283.6657,
        -291.1137, -325.1688, -260.7130, -251.4801, -280.8893, -303.6576,
        -251.8931, -244.4194], device='cuda:0', grad_fn=<ViewBackward0>)
value loss is 1919.7703857421875, policy loss is 0.046270884573459625, reward loss is 554.7755737304688
reward tensor([-69., -83., -43., -72., -23., -43., -51., -55., -78., -55., -60., -49.,
        -22., -74., -81., -41., -70., -88., -94., -78.], device='cuda:0'), pred reward tensor([-70.9361, -81.2813, -68.5310, -61.8915, -76.6384, -71.3927, -69.2108,
        -67.7161, -76.8959, -71.0560, -83.9834, -63.8624, -64.4109, -75.8985,
        -68.9244, -73.0858, -63.1034, -65.4072, -62.3984, -58.7076],
       device='cuda:0', grad_fn=<ViewBackward0>)
value is tensor([-325., -283., -274., -346., -282., -275., -273., -281., -284., -266.,
        -268., -267., -305., -276., -269., -345., -304., -323., -303., -347.],
       device='cuda:0'), pred value tensor([-274.9882, -333.5766, -283.9644, -260.7513, -361.5265, -314.5684,
        -324.8441, -320.0818, -359.3085, -330.4710, -306.5756, -338.6700,
        -299.9036, -299.8594, -329.6555, -274.6485, -370.7487, -285.6760,
        -257.9046, -272.4870], device='cuda:0', grad_fn=<ViewBackward0>)
value loss is 3182.07958984375, policy loss is 0.03999502584338188, reward loss is 544.9415893554688
reward tensor([-69., -83., -43., -72., -23., -43., -51., -55., -78., -55., -60., -49.,
        -22., -74., -81., -41., -70., -88., -94., -78.], device='cuda:0'), pred reward tensor([-68.3676, -47.8849, -61.1255, -51.2422, -65.1725, -50.1107, -64.9397,
        -63.7950, -64.8482, -44.8257, -63.9579, -66.4445, -66.3632, -50.3519,
        -68.3969, -52.8309, -73.7538, -62.4234, -58.8002, -49.9120],
       device='cuda:0', grad_fn=<ViewBackward0>)
value is tensor([-325., -283., -274., -346., -282., -275., -273., -281., -284., -266.,
        -268., -267., -305., -276., -269., -345., -304., -323., -303., -347.],
       device='cuda:0'), pred value tensor([-306.8558, -317.4337, -376.9431, -271.7249, -236.2973, -285.8522,
        -356.9471, -280.9471, -311.4145, -330.5857, -406.3681, -317.8436,
        -339.7640, -360.8152, -289.9468, -307.3813, -321.1673, -349.6522,
        -309.7257, -272.8773], device='cuda:0', grad_fn=<ViewBackward0>)
value loss is 3516.840576171875, policy loss is 0.04390658438205719, reward loss is 510.62255859375
kl:0.00001,lr_multiplier:3.375,loss:4027.507080078125,entropy:8.033310017196982e-09,explained_var_old:-0.240,explained_var_new:-1.442
state_batch: [<state.MappingState object at 0x7f94ac113640>, <state.MappingState object at 0x7f94e0bed9d0>, <state.MappingState object at 0x7f94e0d09c40>, <state.MappingState object at 0x7f94e0bed9d0>, <state.MappingState object at 0x7f94ac4515e0>, <state.MappingState object at 0x7f94e0bed9d0>, <state.MappingState object at 0x7f94e0d09c40>, <state.MappingState object at 0x7f94e0bed9d0>, <state.MappingState object at 0x7f94ac113640>, <state.MappingState object at 0x7f94ac113640>, <state.MappingState object at 0x7f94e0d09c40>, <state.MappingState object at 0x7f94e0d09c40>, <state.MappingState object at 0x7f94e0bed9d0>, <state.MappingState object at 0x7f94ac4515e0>, <state.MappingState object at 0x7f94e0a520d0>, <state.MappingState object at 0x7f94e01442b0>, <state.MappingState object at 0x7f94e01442b0>, <state.MappingState object at 0x7f94ac4515e0>, <state.MappingState object at 0x7f94e01442b0>, <state.MappingState object at 0x7f94e0d09c40>]
value loss is 33787.7578125, policy loss is 12.30775260925293
value loss is 21472.748046875, policy loss is 12.270848274230957
value loss is 9107.212890625, policy loss is 12.207897186279297
value loss is 5665.09765625, policy loss is 12.167556762695312
value loss is 5782.46240234375, policy loss is 12.13271427154541
value loss is 8556.888671875, policy loss is 12.093645095825195
value loss is 9824.2734375, policy loss is 12.044898986816406
value loss is 10804.505859375, policy loss is 11.991499900817871
value loss is 12100.666015625, policy loss is 11.92408275604248
value loss is 12429.1201171875, policy loss is 11.829963684082031
value loss is 12417.923828125, policy loss is 11.705589294433594
value loss is 11508.3740234375, policy loss is 11.530731201171875
value loss is 10356.294921875, policy loss is 11.295016288757324
value loss is 8329.2822265625, policy loss is 10.918572425842285
value loss is 6748.42919921875, policy loss is 10.38943099975586
value loss is 5483.2177734375, policy loss is 9.79659652709961
value loss is 4370.859375, policy loss is 8.809743881225586
value loss is 5303.09521484375, policy loss is 7.718845844268799
value loss is 8091.17724609375, policy loss is 7.1245808601379395
value loss is 7538.01416015625, policy loss is 7.1044721603393555
kl:0.00061,lr_multiplier:5.062,loss:7545.11865234375,entropy:0.15517687797546387,explained_var_old:0.106,explained_var_new:-0.166
current batch: 7
313
Mask initialization completed successfully
action type is <class 'numpy.int64'>
pre_reward is 0
WARNING: the state has no route legal actions
action type is <class 'numpy.int64'>
pre_reward is -1
WARNING: the state has no route legal actions
action type is <class 'numpy.int64'>
pre_reward is -2
WARNING: the state has no route legal actions
action type is <class 'numpy.int64'>
pre_reward is -3
WARNING: the state has no route legal actions
pre_reward is -4
cur reward is 68
action type is <class 'numpy.int64'>
pre_reward is -72
WARNING: the state has no route legal actions
pre_reward is -73
cur reward is 18
pre_reward is -91
cur reward is 82
pre_reward is -173
cur reward is 59
pre_reward is -232
cur reward is 23
WARNING: the state has no legal actions
cur move is -1
the mapping is success
current latency: 255.0
313
Mask initialization completed successfully
action type is <class 'numpy.int64'>
pre_reward is 0
WARNING: the state has no route legal actions
action type is <class 'numpy.int64'>
pre_reward is -1
WARNING: the state has no route legal actions
action type is <class 'numpy.int64'>
pre_reward is -2
WARNING: the state has no route legal actions
action type is <class 'numpy.int64'>
pre_reward is -3
WARNING: the state has no route legal actions
pre_reward is -4
cur reward is 49
action type is <class 'numpy.int64'>
pre_reward is -53
WARNING: the state has no route legal actions
pre_reward is -54
WARNING: the state don't need to route actions
pre_reward is -214
WARNING: the state don't need to route actions
pre_reward is -311
WARNING: the state don't need to route actions
pre_reward is -377
cur reward is 19
WARNING: the state has no legal actions
cur move is -1
the mapping is success
collect data... | current latency: -396
reward tensor([ -55.,  -69.,  -49.,  -46.,  -72.,  -61.,  -41.,  -43.,  -81., -109.,
         -78.,  -55.,  -74.,  -94.,  -23.,  -68.,  -78.,  -43.,  -27.,  -51.],
       device='cuda:0'), pred reward tensor([-40.5490, -39.6672, -33.9398, -37.2774, -46.2049, -34.9816, -39.4723,
        -31.9239, -31.7407, -39.4504, -34.1940, -33.2138, -43.8969, -34.9054,
        -37.5066, -26.7501, -30.6109, -35.6743, -31.3830, -31.8332],
       device='cuda:0', grad_fn=<ViewBackward0>)
value is tensor([-266., -325., -396., -313., -346., -277., -345., -275., -269., -315.,
        -347., -281., -276., -303., -282., -314., -284., -274., -324., -273.],
       device='cuda:0'), pred value tensor([-217.0951, -186.3392, -200.5440, -240.5339, -193.7922, -186.7910,
        -192.6914, -204.4381, -217.9927, -223.8818, -189.8490, -193.1627,
        -178.5921, -227.6003, -199.6986, -184.0572, -166.2533, -182.5544,
        -170.1261, -192.2060], device='cuda:0', grad_fn=<ViewBackward0>)
value loss is 12956.7109375, policy loss is 0.04889049008488655, reward loss is 1074.6527099609375
reward tensor([ -55.,  -69.,  -49.,  -46.,  -72.,  -61.,  -41.,  -43.,  -81., -109.,
         -78.,  -55.,  -74.,  -94.,  -23.,  -68.,  -78.,  -43.,  -27.,  -51.],
       device='cuda:0'), pred reward tensor([-37.7202, -36.6559, -34.6412, -39.1417, -39.9526, -43.1878, -50.7694,
        -41.8944, -46.8893, -41.0343, -41.5654, -46.1848, -45.9937, -43.1796,
        -39.7973, -37.3644, -43.0172, -43.3741, -38.1497, -43.6507],
       device='cuda:0', grad_fn=<ViewBackward0>)
value is tensor([-266., -325., -396., -313., -346., -277., -345., -275., -269., -315.,
        -347., -281., -276., -303., -282., -314., -284., -274., -324., -273.],
       device='cuda:0'), pred value tensor([-229.1138, -178.6804, -214.3179, -217.1939, -211.3504, -209.3090,
        -220.3873, -246.0119, -252.2984, -211.6753, -223.1545, -214.3753,
        -205.0929, -222.9250, -234.4610, -178.7934, -188.9562, -203.8555,
        -264.3378, -207.6846], device='cuda:0', grad_fn=<ViewBackward0>)
value loss is 9426.490234375, policy loss is 0.056726276874542236, reward loss is 810.8501586914062
reward tensor([ -55.,  -69.,  -49.,  -46.,  -72.,  -61.,  -41.,  -43.,  -81., -109.,
         -78.,  -55.,  -74.,  -94.,  -23.,  -68.,  -78.,  -43.,  -27.,  -51.],
       device='cuda:0'), pred reward tensor([-73.6063, -67.3054, -71.5979, -59.3113, -56.3119, -65.3410, -63.5830,
        -98.2977, -61.2856, -63.5265, -62.9360, -66.7116, -57.5327, -64.6391,
        -72.8790, -58.8612, -62.7630, -75.4263, -65.4658, -68.1218],
       device='cuda:0', grad_fn=<ViewBackward0>)
value is tensor([-266., -325., -396., -313., -346., -277., -345., -275., -269., -315.,
        -347., -281., -276., -303., -282., -314., -284., -274., -324., -273.],
       device='cuda:0'), pred value tensor([-320.4193, -267.6934, -266.8027, -287.2828, -251.3608, -261.6329,
        -238.2537, -304.4461, -272.1329, -257.0217, -218.7955, -252.4637,
        -236.4326, -250.7727, -283.4642, -206.6310, -303.6470, -269.7748,
        -266.6356, -317.7017], device='cuda:0', grad_fn=<ViewBackward0>)
value loss is 4359.58349609375, policy loss is 0.06324326992034912, reward loss is 722.568359375
reward tensor([ -55.,  -69.,  -49.,  -46.,  -72.,  -61.,  -41.,  -43.,  -81., -109.,
         -78.,  -55.,  -74.,  -94.,  -23.,  -68.,  -78.,  -43.,  -27.,  -51.],
       device='cuda:0'), pred reward tensor([ -86.8273,  -71.7252,  -82.3449,  -73.8463,  -75.2012,  -73.7307,
         -77.6292,  -90.9823,  -97.0023,  -80.4720,  -82.0015,  -91.1195,
         -99.6392,  -93.8956,  -83.1085,  -89.0132,  -87.1056, -102.1044,
         -78.6207,  -82.3309], device='cuda:0', grad_fn=<ViewBackward0>)
value is tensor([-266., -325., -396., -313., -346., -277., -345., -275., -269., -315.,
        -347., -281., -276., -303., -282., -314., -284., -274., -324., -273.],
       device='cuda:0'), pred value tensor([-273.1096, -403.4023, -335.2400, -336.2528, -286.3799, -303.7618,
        -309.5425, -344.0201, -277.1783, -324.0708, -307.9899, -292.9745,
        -341.4088, -354.2877, -325.4998, -336.3022, -308.3578, -347.5441,
        -306.4066, -304.5002], device='cuda:0', grad_fn=<ViewBackward0>)
value loss is 1956.911376953125, policy loss is 0.05023875832557678, reward loss is 1052.4549560546875
reward tensor([ -55.,  -69.,  -49.,  -46.,  -72.,  -61.,  -41.,  -43.,  -81., -109.,
         -78.,  -55.,  -74.,  -94.,  -23.,  -68.,  -78.,  -43.,  -27.,  -51.],
       device='cuda:0'), pred reward tensor([-97.5929, -92.2567, -66.3686, -70.2129, -70.6311, -72.1408, -76.0792,
        -77.4934, -87.7731, -71.3177, -78.0514, -96.0429, -76.4286, -76.6999,
        -80.2932, -66.4626, -79.5580, -65.3935, -92.7529, -83.6028],
       device='cuda:0', grad_fn=<ViewBackward0>)
value is tensor([-266., -325., -396., -313., -346., -277., -345., -275., -269., -315.,
        -347., -281., -276., -303., -282., -314., -284., -274., -324., -273.],
       device='cuda:0'), pred value tensor([-353.3310, -374.6948, -383.0266, -390.4060, -346.3033, -417.5980,
        -397.0785, -374.9080, -398.4946, -343.2518, -325.6237, -342.9872,
        -355.6718, -323.8929, -335.7316, -345.8319, -317.3810, -354.6937,
        -386.3213, -327.5186], device='cuda:0', grad_fn=<ViewBackward0>)
value loss is 4787.53857421875, policy loss is 0.03250069171190262, reward loss is 921.0
reward tensor([ -55.,  -69.,  -49.,  -46.,  -72.,  -61.,  -41.,  -43.,  -81., -109.,
         -78.,  -55.,  -74.,  -94.,  -23.,  -68.,  -78.,  -43.,  -27.,  -51.],
       device='cuda:0'), pred reward tensor([-59.2104, -53.1533, -58.8074, -52.7834, -66.8846, -55.8754, -54.1294,
        -48.5271, -54.9732, -54.4726, -64.9320, -62.6838, -48.6133, -57.0093,
        -55.4051, -52.9087, -65.1592, -53.3112, -58.2464, -58.2542],
       device='cuda:0', grad_fn=<ViewBackward0>)
value is tensor([-266., -325., -396., -313., -346., -277., -345., -275., -269., -315.,
        -347., -281., -276., -303., -282., -314., -284., -274., -324., -273.],
       device='cuda:0'), pred value tensor([-410.4406, -365.2067, -362.6563, -349.5048, -400.7925, -380.7327,
        -364.5209, -372.2251, -360.5696, -388.4581, -396.2472, -395.6751,
        -303.9555, -400.8501, -348.4828, -398.7019, -304.1815, -397.1686,
        -360.5666, -351.3700], device='cuda:0', grad_fn=<ViewBackward0>)
value loss is 6144.23046875, policy loss is 0.04471754655241966, reward loss is 456.8828125
reward tensor([ -55.,  -69.,  -49.,  -46.,  -72.,  -61.,  -41.,  -43.,  -81., -109.,
         -78.,  -55.,  -74.,  -94.,  -23.,  -68.,  -78.,  -43.,  -27.,  -51.],
       device='cuda:0'), pred reward tensor([-29.6176, -36.9655, -29.9003, -29.4345, -29.7462, -31.0317, -31.1980,
        -32.3533, -40.9275, -34.7679, -30.1548, -44.7238, -36.0005, -30.9471,
        -36.9712, -28.6881, -36.9912, -40.1710, -38.9013, -35.4553],
       device='cuda:0', grad_fn=<ViewBackward0>)
value is tensor([-266., -325., -396., -313., -346., -277., -345., -275., -269., -315.,
        -347., -281., -276., -303., -282., -314., -284., -274., -324., -273.],
       device='cuda:0'), pred value tensor([-305.4659, -256.7399, -393.3150, -287.3335, -359.3256, -334.7693,
        -335.1320, -349.1199, -341.9330, -320.1059, -372.2006, -419.7712,
        -323.4630, -318.9348, -411.3431, -318.1854, -410.2372, -339.6879,
        -300.6774, -319.8044], device='cuda:0', grad_fn=<ViewBackward0>)
value loss is 4173.296875, policy loss is 0.04155372455716133, reward loss is 1197.341064453125
reward tensor([ -55.,  -69.,  -49.,  -46.,  -72.,  -61.,  -41.,  -43.,  -81., -109.,
         -78.,  -55.,  -74.,  -94.,  -23.,  -68.,  -78.,  -43.,  -27.,  -51.],
       device='cuda:0'), pred reward tensor([-33.3438, -30.1923, -28.1517, -29.9539, -35.5755, -37.5183, -30.5753,
        -32.2170, -32.2845, -27.9062, -29.7165, -27.5615, -30.8899, -30.4289,
        -32.0971, -27.9824, -30.4599, -28.7879, -28.5382, -27.5463],
       device='cuda:0', grad_fn=<ViewBackward0>)
value is tensor([-266., -325., -396., -313., -346., -277., -345., -275., -269., -315.,
        -347., -281., -276., -303., -282., -314., -284., -274., -324., -273.],
       device='cuda:0'), pred value tensor([-367.2238, -312.2512, -334.0706, -293.5997, -302.7240, -371.0656,
        -312.9899, -304.2533, -281.3619, -300.7689, -330.2391, -305.8052,
        -296.2081, -348.8403, -356.3846, -300.9009, -428.3824, -328.8189,
        -376.0551, -336.6846], device='cuda:0', grad_fn=<ViewBackward0>)
value loss is 3365.238037109375, policy loss is 0.033796895295381546, reward loss is 1370.111083984375
reward tensor([ -55.,  -69.,  -49.,  -46.,  -72.,  -61.,  -41.,  -43.,  -81., -109.,
         -78.,  -55.,  -74.,  -94.,  -23.,  -68.,  -78.,  -43.,  -27.,  -51.],
       device='cuda:0'), pred reward tensor([-37.7341, -40.8579, -43.2408, -38.7261, -45.3255, -44.7559, -44.2650,
        -39.8484, -41.7446, -39.7306, -41.9110, -40.8809, -31.9183, -41.5922,
        -43.9267, -39.4244, -43.5254, -39.0055, -47.8194, -37.7112],
       device='cuda:0', grad_fn=<ViewBackward0>)
value is tensor([-266., -325., -396., -313., -346., -277., -345., -275., -269., -315.,
        -347., -281., -276., -303., -282., -314., -284., -274., -324., -273.],
       device='cuda:0'), pred value tensor([-214.3327, -251.9725, -262.9644, -309.1203, -253.3991, -236.4526,
        -266.6068, -317.5757, -266.9857, -251.4606, -277.9395, -278.9501,
        -206.7494, -236.5158, -251.9410, -241.2424, -268.0256, -280.3233,
        -232.1046, -246.9328], device='cuda:0', grad_fn=<ViewBackward0>)
value loss is 3877.028076171875, policy loss is 0.018805362284183502, reward loss is 879.97998046875
reward tensor([ -55.,  -69.,  -49.,  -46.,  -72.,  -61.,  -41.,  -43.,  -81., -109.,
         -78.,  -55.,  -74.,  -94.,  -23.,  -68.,  -78.,  -43.,  -27.,  -51.],
       device='cuda:0'), pred reward tensor([-55.5124, -65.0051, -48.7686, -56.9019, -49.1679, -55.8183, -56.3931,
        -54.7987, -53.0091, -62.5607, -53.7174, -59.8144, -54.4521, -54.2587,
        -52.0805, -58.0352, -56.5011, -51.5544, -49.7608, -53.4710],
       device='cuda:0', grad_fn=<ViewBackward0>)
value is tensor([-266., -325., -396., -313., -346., -277., -345., -275., -269., -315.,
        -347., -281., -276., -303., -282., -314., -284., -274., -324., -273.],
       device='cuda:0'), pred value tensor([-272.3243, -187.4134, -213.0404, -217.3260, -295.8975, -258.0027,
        -240.7242, -218.1853, -244.8037, -242.1805, -259.7951, -316.6086,
        -260.5887, -252.5351, -242.4797, -240.1578, -268.2226, -297.0752,
        -254.0015, -228.5927], device='cuda:0', grad_fn=<ViewBackward0>)
value loss is 5539.1533203125, policy loss is 0.020803919062018394, reward loss is 428.91845703125
reward tensor([ -55.,  -69.,  -49.,  -46.,  -72.,  -61.,  -41.,  -43.,  -81., -109.,
         -78.,  -55.,  -74.,  -94.,  -23.,  -68.,  -78.,  -43.,  -27.,  -51.],
       device='cuda:0'), pred reward tensor([-60.7926, -65.8469, -57.1062, -66.4227, -64.0437, -58.2258, -74.8124,
        -74.1520, -60.0712, -76.0973, -67.6504, -72.7107, -67.1646, -71.1494,
        -90.2889, -67.5121, -70.7624, -69.0675, -67.0982, -76.3746],
       device='cuda:0', grad_fn=<ViewBackward0>)
value is tensor([-266., -325., -396., -313., -346., -277., -345., -275., -269., -315.,
        -347., -281., -276., -303., -282., -314., -284., -274., -324., -273.],
       device='cuda:0'), pred value tensor([-254.6943, -265.1265, -211.2860, -245.6166, -221.1396, -266.1645,
        -211.0136, -260.6283, -277.2037, -213.6871, -226.3324, -252.0921,
        -253.8561, -243.2886, -238.9337, -251.8124, -228.0130, -268.5814,
        -251.5758, -258.2366], device='cuda:0', grad_fn=<ViewBackward0>)
value loss is 6018.5859375, policy loss is 0.020923493430018425, reward loss is 636.647705078125
reward tensor([ -55.,  -69.,  -49.,  -46.,  -72.,  -61.,  -41.,  -43.,  -81., -109.,
         -78.,  -55.,  -74.,  -94.,  -23.,  -68.,  -78.,  -43.,  -27.,  -51.],
       device='cuda:0'), pred reward tensor([ -89.9034,  -80.4481,  -82.1531,  -78.0193,  -77.9613,  -80.0514,
         -92.6830, -100.5637,  -84.1816,  -81.9889,  -82.1084,  -79.5291,
         -85.3207,  -91.8837,  -72.8660,  -87.5290,  -83.1513,  -82.1723,
         -82.1087,  -85.0787], device='cuda:0', grad_fn=<ViewBackward0>)
value is tensor([-266., -325., -396., -313., -346., -277., -345., -275., -269., -315.,
        -347., -281., -276., -303., -282., -314., -284., -274., -324., -273.],
       device='cuda:0'), pred value tensor([-292.4775, -230.0145, -194.1322, -259.0688, -272.2473, -297.7053,
        -239.3383, -287.1396, -272.5425, -231.7388, -234.6875, -247.7258,
        -253.5181, -272.9109, -225.7135, -208.5525, -248.0910, -242.4801,
        -236.8612, -237.3987], device='cuda:0', grad_fn=<ViewBackward0>)
value loss is 5903.51904296875, policy loss is 0.034511033445596695, reward loss is 998.7569580078125
reward tensor([ -55.,  -69.,  -49.,  -46.,  -72.,  -61.,  -41.,  -43.,  -81., -109.,
         -78.,  -55.,  -74.,  -94.,  -23.,  -68.,  -78.,  -43.,  -27.,  -51.],
       device='cuda:0'), pred reward tensor([ -74.7177,  -72.0096,  -86.3666,  -84.5764,  -97.7506,  -85.7150,
         -89.0720,  -95.0197,  -89.5997,  -90.9553,  -76.6731,  -88.6846,
        -106.0764,  -95.8859, -108.9687,  -93.4465, -100.6824,  -87.3870,
         -82.9637,  -96.8843], device='cuda:0', grad_fn=<ViewBackward0>)
value is tensor([-266., -325., -396., -313., -346., -277., -345., -275., -269., -315.,
        -347., -281., -276., -303., -282., -314., -284., -274., -324., -273.],
       device='cuda:0'), pred value tensor([-280.4976, -248.1687, -240.4854, -271.8842, -297.9529, -236.7578,
        -300.2524, -302.5767, -261.4484, -243.9346, -252.2617, -260.6837,
        -332.7905, -248.7079, -313.2547, -273.9101, -282.0609, -280.1968,
        -256.5447, -298.9571], device='cuda:0', grad_fn=<ViewBackward0>)
value loss is 3359.88525390625, policy loss is 0.027922559529542923, reward loss is 1395.0860595703125
reward tensor([ -55.,  -69.,  -49.,  -46.,  -72.,  -61.,  -41.,  -43.,  -81., -109.,
         -78.,  -55.,  -74.,  -94.,  -23.,  -68.,  -78.,  -43.,  -27.,  -51.],
       device='cuda:0'), pred reward tensor([ -95.4256,  -70.8487,  -84.1394,  -91.0611,  -63.3808,  -85.8021,
         -79.1017,  -80.9380,  -95.8020,  -96.8195,  -90.6720,  -88.8052,
         -94.8954,  -87.7003,  -86.0108,  -80.8844,  -97.7570,  -88.0327,
        -100.9550,  -94.4172], device='cuda:0', grad_fn=<ViewBackward0>)
value is tensor([-266., -325., -396., -313., -346., -277., -345., -275., -269., -315.,
        -347., -281., -276., -303., -282., -314., -284., -274., -324., -273.],
       device='cuda:0'), pred value tensor([-289.5652, -274.1717, -334.5434, -281.9412, -306.2400, -359.2738,
        -272.6404, -313.5056, -316.7225, -291.2951, -268.7381, -315.4662,
        -324.9341, -281.2338, -291.5648, -337.9985, -366.8718, -333.5067,
        -267.8264, -269.6938], device='cuda:0', grad_fn=<ViewBackward0>)
value loss is 2510.596435546875, policy loss is 0.016267940402030945, reward loss is 1226.9796142578125
reward tensor([ -55.,  -69.,  -49.,  -46.,  -72.,  -61.,  -41.,  -43.,  -81., -109.,
         -78.,  -55.,  -74.,  -94.,  -23.,  -68.,  -78.,  -43.,  -27.,  -51.],
       device='cuda:0'), pred reward tensor([ -75.7557,  -80.0856,  -81.0113,  -73.2893,  -81.6334,  -75.5472,
         -77.0522,  -76.2626,  -66.8158,  -74.1551,  -87.3676,  -64.5118,
         -67.2267,  -77.9361,  -73.4958,  -77.8223,  -71.8717,  -69.8885,
         -66.6533, -100.2375], device='cuda:0', grad_fn=<ViewBackward0>)
value is tensor([-266., -325., -396., -313., -346., -277., -345., -275., -269., -315.,
        -347., -281., -276., -303., -282., -314., -284., -274., -324., -273.],
       device='cuda:0'), pred value tensor([-334.3661, -321.3793, -317.9707, -271.6589, -375.2161, -304.1183,
        -328.2137, -353.2789, -288.0590, -320.1100, -328.4867, -287.8826,
        -337.4128, -294.0503, -290.8860, -328.1963, -328.3184, -323.1809,
        -333.7207, -324.9137], device='cuda:0', grad_fn=<ViewBackward0>)
value loss is 1628.3515625, policy loss is 0.017193494364619255, reward loss is 716.7394409179688
reward tensor([ -55.,  -69.,  -49.,  -46.,  -72.,  -61.,  -41.,  -43.,  -81., -109.,
         -78.,  -55.,  -74.,  -94.,  -23.,  -68.,  -78.,  -43.,  -27.,  -51.],
       device='cuda:0'), pred reward tensor([-53.4943, -52.2383, -57.0691, -52.4779, -57.3643, -51.7834, -51.0118,
        -47.7513, -48.2235, -55.6051, -52.3773, -57.7068, -56.7336, -53.0277,
        -62.6912, -50.6481, -55.4117, -58.4667, -54.0601, -52.7771],
       device='cuda:0', grad_fn=<ViewBackward0>)
value is tensor([-266., -325., -396., -313., -346., -277., -345., -275., -269., -315.,
        -347., -281., -276., -303., -282., -314., -284., -274., -324., -273.],
       device='cuda:0'), pred value tensor([-308.4222, -334.2616, -330.9826, -336.1611, -340.0906, -353.4411,
        -369.2784, -369.0114, -411.4207, -338.1838, -328.3295, -369.3872,
        -397.9787, -339.1133, -345.8644, -325.3335, -344.7423, -398.8214,
        -330.0753, -315.3339], device='cuda:0', grad_fn=<ViewBackward0>)
value loss is 4621.3017578125, policy loss is 0.03051423840224743, reward loss is 536.9805908203125
reward tensor([ -55.,  -69.,  -49.,  -46.,  -72.,  -61.,  -41.,  -43.,  -81., -109.,
         -78.,  -55.,  -74.,  -94.,  -23.,  -68.,  -78.,  -43.,  -27.,  -51.],
       device='cuda:0'), pred reward tensor([-39.2949, -30.1883, -31.5855, -35.7291, -37.8304, -33.1535, -34.5496,
        -34.2903, -30.1631, -33.4843, -31.8376, -36.3158, -37.9848, -38.7544,
        -38.2724, -28.4312, -37.8472, -33.5868, -34.6830, -31.9469],
       device='cuda:0', grad_fn=<ViewBackward0>)
value is tensor([-266., -325., -396., -313., -346., -277., -345., -275., -269., -315.,
        -347., -281., -276., -303., -282., -314., -284., -274., -324., -273.],
       device='cuda:0'), pred value tensor([-348.9745, -378.0587, -310.5470, -255.3497, -295.0927, -422.7700,
        -345.8048, -342.5796, -320.2168, -303.6834, -284.6411, -334.8790,
        -377.9865, -334.6650, -276.7178, -289.7682, -364.5901, -360.8875,
        -304.5321, -403.2917], device='cuda:0', grad_fn=<ViewBackward0>)
value loss is 5084.73828125, policy loss is 0.021341264247894287, reward loss is 1163.0152587890625
reward tensor([ -55.,  -69.,  -49.,  -46.,  -72.,  -61.,  -41.,  -43.,  -81., -109.,
         -78.,  -55.,  -74.,  -94.,  -23.,  -68.,  -78.,  -43.,  -27.,  -51.],
       device='cuda:0'), pred reward tensor([-29.8286, -21.9751, -29.1305, -25.9070, -26.5718, -25.1370, -30.4868,
        -26.1889, -27.9733, -22.5538, -25.2073, -26.4169, -30.9250, -29.1510,
        -24.6868, -28.0975, -25.3976, -30.5966, -23.9810, -28.7851],
       device='cuda:0', grad_fn=<ViewBackward0>)
value is tensor([-266., -325., -396., -313., -346., -277., -345., -275., -269., -315.,
        -347., -281., -276., -303., -282., -314., -284., -274., -324., -273.],
       device='cuda:0'), pred value tensor([-331.8362, -242.2865, -267.1878, -328.2172, -299.7034, -353.4574,
        -289.7267, -350.7544, -398.9772, -332.2249, -294.7194, -365.8739,
        -338.7191, -309.3303, -376.6742, -296.3549, -291.5526, -308.7532,
        -296.5452, -303.6842], device='cuda:0', grad_fn=<ViewBackward0>)
value loss is 4405.95458984375, policy loss is 0.0176739189773798, reward loss is 1617.7354736328125
reward tensor([ -55.,  -69.,  -49.,  -46.,  -72.,  -61.,  -41.,  -43.,  -81., -109.,
         -78.,  -55.,  -74.,  -94.,  -23.,  -68.,  -78.,  -43.,  -27.,  -51.],
       device='cuda:0'), pred reward tensor([-25.9424, -27.8382, -30.5193, -29.6447, -30.8147, -31.8717, -29.9388,
        -29.4913, -29.2143, -30.6959, -27.9457, -30.9881, -26.9226, -32.5081,
        -30.4429, -28.3428, -30.1943, -32.2233, -29.3894, -29.9485],
       device='cuda:0', grad_fn=<ViewBackward0>)
value is tensor([-266., -325., -396., -313., -346., -277., -345., -275., -269., -315.,
        -347., -281., -276., -303., -282., -314., -284., -274., -324., -273.],
       device='cuda:0'), pred value tensor([-292.0088, -258.4666, -236.9144, -269.2364, -309.8616, -275.4302,
        -329.0738, -292.6155, -315.3449, -247.7396, -281.2967, -265.2965,
        -263.8443, -282.5998, -308.3608, -295.4165, -274.5960, -248.2888,
        -326.1694, -283.9791], device='cuda:0', grad_fn=<ViewBackward0>)
value loss is 2395.663818359375, policy loss is 0.02280457504093647, reward loss is 1418.4251708984375
reward tensor([ -55.,  -69.,  -49.,  -46.,  -72.,  -61.,  -41.,  -43.,  -81., -109.,
         -78.,  -55.,  -74.,  -94.,  -23.,  -68.,  -78.,  -43.,  -27.,  -51.],
       device='cuda:0'), pred reward tensor([-39.1948, -32.2342, -44.3936, -42.5465, -44.7865, -46.6935, -38.0505,
        -38.5886, -41.3635, -32.7757, -40.8372, -44.4489, -38.2570, -42.0939,
        -40.7017, -35.2662, -40.7127, -40.4532, -38.9130, -37.7692],
       device='cuda:0', grad_fn=<ViewBackward0>)
value is tensor([-266., -325., -396., -313., -346., -277., -345., -275., -269., -315.,
        -347., -281., -276., -303., -282., -314., -284., -274., -324., -273.],
       device='cuda:0'), pred value tensor([-275.1667, -232.1369, -298.5804, -276.4944, -300.0175, -285.8610,
        -269.6462, -295.3544, -255.0540, -275.6736, -296.4764, -258.7123,
        -286.3054, -275.3105, -248.2235, -248.9519, -266.8474, -272.4830,
        -316.4284, -242.3194], device='cuda:0', grad_fn=<ViewBackward0>)
value loss is 2007.341064453125, policy loss is 0.02300179935991764, reward loss is 927.6073608398438
kl:0.00001,lr_multiplier:7.594,loss:2934.971435546875,entropy:0.3537096679210663,explained_var_old:-0.090,explained_var_new:-0.355
state_batch: [<state.MappingState object at 0x7f94ace35d00>, <state.MappingState object at 0x7f94ac113640>, <state.MappingState object at 0x7f94e01442b0>, <state.MappingState object at 0x7f94e01442b0>, <state.MappingState object at 0x7f94e0bed9d0>, <state.MappingState object at 0x7f94ace35d00>, <state.MappingState object at 0x7f94ac4515e0>, <state.MappingState object at 0x7f94ac113640>, <state.MappingState object at 0x7f94ace35d00>, <state.MappingState object at 0x7f94e01442b0>, <state.MappingState object at 0x7f94ac523940>, <state.MappingState object at 0x7f94e0a520d0>, <state.MappingState object at 0x7f94e0bed9d0>, <state.MappingState object at 0x7f94ac4515e0>, <state.MappingState object at 0x7f94e0d09c40>, <state.MappingState object at 0x7f94ac113640>, <state.MappingState object at 0x7f94e01442b0>, <state.MappingState object at 0x7f94ac4515e0>, <state.MappingState object at 0x7f94ac4515e0>, <state.MappingState object at 0x7f94e0bed9d0>]
value loss is 17563.078125, policy loss is 15.079241752624512
value loss is 11017.861328125, policy loss is 13.508607864379883
value loss is 6210.30224609375, policy loss is 10.948323249816895
value loss is 7316.17822265625, policy loss is 10.682157516479492
value loss is 9973.134765625, policy loss is 10.671307563781738
value loss is 11695.7763671875, policy loss is 10.674178123474121
value loss is 12990.3525390625, policy loss is 10.317489624023438
value loss is 12395.8720703125, policy loss is 10.0123929977417
value loss is 10539.6376953125, policy loss is 9.225882530212402
value loss is 8466.671875, policy loss is 8.565170288085938
value loss is 7505.1953125, policy loss is 8.52058219909668
value loss is 6356.89990234375, policy loss is 8.464349746704102
value loss is 6690.2080078125, policy loss is 7.913897514343262
value loss is 9497.1162109375, policy loss is 7.030397891998291
value loss is 9669.5966796875, policy loss is 5.8592987060546875
value loss is 9535.0048828125, policy loss is 5.316730976104736
value loss is 8063.42822265625, policy loss is 5.128378391265869
value loss is 7205.44091796875, policy loss is 5.256569862365723
value loss is 6887.92529296875, policy loss is 5.198318004608154
value loss is 8345.9404296875, policy loss is 5.174668788909912
kl:0.00075,lr_multiplier:11.391,loss:8351.115234375,entropy:0.2370692938566208,explained_var_old:-0.129,explained_var_new:-0.010
current batch: 8
313
Mask initialization completed successfully
action type is <class 'numpy.int64'>
pre_reward is 0
WARNING: the state has no route legal actions
action type is <class 'numpy.int64'>
pre_reward is -1
WARNING: the state has no route legal actions
action type is <class 'numpy.int64'>
pre_reward is -2
WARNING: the state has no route legal actions
action type is <class 'numpy.int64'>
pre_reward is -3
WARNING: the state has no route legal actions
action type is <class 'numpy.int64'>
pre_reward is -4
WARNING: the state has no route legal actions
pre_reward is -5
cur reward is 69
pre_reward is -74
cur reward is 138
pre_reward is -212
WARNING: the state don't need to route actions
pre_reward is -326
WARNING: the state don't need to route actions
pre_reward is -359
cur reward is 15
WARNING: the state has no legal actions
cur move is -1
the mapping is success
current latency: 374.0
313
Mask initialization completed successfully
action type is <class 'numpy.int64'>
pre_reward is 0
WARNING: the state has no route legal actions
action type is <class 'numpy.int64'>
pre_reward is -1
WARNING: the state has no route legal actions
action type is <class 'numpy.int64'>
pre_reward is -2
WARNING: the state has no route legal actions
action type is <class 'numpy.int64'>
pre_reward is -3
WARNING: the state has no route legal actions
action type is <class 'numpy.int64'>
pre_reward is -4
WARNING: the state has no route legal actions
pre_reward is -5
cur reward is 46
pre_reward is -51
cur reward is 50
pre_reward is -101
cur reward is 70
pre_reward is -171
cur reward is 56
pre_reward is -227
cur reward is 14
WARNING: the state has no legal actions
cur move is -1
the mapping is success
collect data... | current latency: -241
reward tensor([ -49.,  -46.,  -88.,  -27.,  -19.,  -50.,  -51.,  -55.,  -94.,  -83.,
        -109.,  -46.,  -69.,  -22.,  -49.,  -68.,  -61.,  -72.,  -56.,  -70.],
       device='cuda:0'), pred reward tensor([-33.8095, -30.7633, -32.3708, -35.0074, -35.8183, -35.3764, -37.1161,
        -31.7905, -37.4261, -32.5762, -34.7461, -29.2844, -35.4985, -38.1482,
        -35.4344, -36.0108, -37.6376, -33.6575, -37.5270, -33.0268],
       device='cuda:0', grad_fn=<ViewBackward0>)
value is tensor([-267., -313., -323., -324., -395., -240., -273., -281., -303., -283.,
        -315., -241., -325., -305., -396., -314., -277., -346., -238., -239.],
       device='cuda:0'), pred value tensor([-136.9100, -141.5375, -126.1240, -146.0989, -130.1799, -137.5358,
        -118.9572, -135.4645, -138.9027, -134.5696, -125.2652, -135.7258,
        -124.6452, -139.5944, -131.3229, -158.4835, -126.9907, -131.1056,
        -120.0881, -136.1229], device='cuda:0', grad_fn=<ViewBackward0>)
value loss is 29661.068359375, policy loss is 0.11760564148426056, reward loss is 1135.0335693359375
reward tensor([ -49.,  -46.,  -88.,  -27.,  -19.,  -50.,  -51.,  -55.,  -94.,  -83.,
        -109.,  -46.,  -69.,  -22.,  -49.,  -68.,  -61.,  -72.,  -56.,  -70.],
       device='cuda:0'), pred reward tensor([-67.7951, -60.2014, -63.8027, -54.4370, -73.1436, -61.2404, -76.9900,
        -75.0680, -74.5400, -72.2941, -56.7546, -74.7765, -63.5869, -65.1804,
        -63.3314, -68.5056, -59.0477, -66.5803, -79.0869, -72.4310],
       device='cuda:0', grad_fn=<ViewBackward0>)
value is tensor([-267., -313., -323., -324., -395., -240., -273., -281., -303., -283.,
        -315., -241., -325., -305., -396., -314., -277., -346., -238., -239.],
       device='cuda:0'), pred value tensor([-171.1087, -172.9356, -156.0297, -129.8710, -167.5538, -172.8055,
        -159.6231, -172.7034, -152.2208, -152.3126, -151.5437, -142.0369,
        -180.7922, -143.6290, -170.2077, -160.7840, -161.0505, -161.7965,
        -192.5808, -159.7152], device='cuda:0', grad_fn=<ViewBackward0>)
value loss is 21427.54296875, policy loss is 0.03791353851556778, reward loss is 637.59423828125
reward tensor([ -49.,  -46.,  -88.,  -27.,  -19.,  -50.,  -51.,  -55.,  -94.,  -83.,
        -109.,  -46.,  -69.,  -22.,  -49.,  -68.,  -61.,  -72.,  -56.,  -70.],
       device='cuda:0'), pred reward tensor([-127.0700, -108.7329, -103.2567, -113.7629, -118.8298, -100.1602,
        -102.7155,  -92.6770, -109.2480, -154.2814,  -93.0796, -100.4639,
        -104.8626, -117.6290, -102.2470, -105.9934, -127.6509, -107.4899,
        -109.1161, -116.5211], device='cuda:0', grad_fn=<ViewBackward0>)
value is tensor([-267., -313., -323., -324., -395., -240., -273., -281., -303., -283.,
        -315., -241., -325., -305., -396., -314., -277., -346., -238., -239.],
       device='cuda:0'), pred value tensor([-238.4295, -218.3711, -238.1127, -213.3422, -240.3059, -265.5276,
        -244.7306, -200.5107, -231.7096, -226.7788, -223.7861, -238.6100,
        -197.0715, -252.5728, -203.9817, -221.2769, -228.8719, -240.1565,
        -248.4976, -275.5470], device='cuda:0', grad_fn=<ViewBackward0>)
value loss is 7859.9150390625, policy loss is 0.03476078808307648, reward loss is 3414.87548828125
reward tensor([ -49.,  -46.,  -88.,  -27.,  -19.,  -50.,  -51.,  -55.,  -94.,  -83.,
        -109.,  -46.,  -69.,  -22.,  -49.,  -68.,  -61.,  -72.,  -56.,  -70.],
       device='cuda:0'), pred reward tensor([-149.4080, -120.2317, -129.1790, -135.7400, -155.2156, -141.0979,
        -144.5584, -145.6153, -145.8708, -175.0769, -139.8411, -173.0533,
        -142.5805, -137.9294, -154.0304, -149.3676, -149.6393, -137.2110,
        -152.6030, -125.5343], device='cuda:0', grad_fn=<ViewBackward0>)
value is tensor([-267., -313., -323., -324., -395., -240., -273., -281., -303., -283.,
        -315., -241., -325., -305., -396., -314., -277., -346., -238., -239.],
       device='cuda:0'), pred value tensor([-310.9076, -307.3391, -293.4684, -370.8977, -335.2401, -349.4314,
        -312.4295, -360.3471, -402.1955, -311.3429, -358.3642, -389.3953,
        -321.5810, -342.3431, -321.1979, -384.5717, -324.4317, -323.1084,
        -309.6195, -390.0101], device='cuda:0', grad_fn=<ViewBackward0>)
value loss is 5283.11669921875, policy loss is 0.059668220579624176, reward loss is 8111.1923828125
reward tensor([ -49.,  -46.,  -88.,  -27.,  -19.,  -50.,  -51.,  -55.,  -94.,  -83.,
        -109.,  -46.,  -69.,  -22.,  -49.,  -68.,  -61.,  -72.,  -56.,  -70.],
       device='cuda:0'), pred reward tensor([-104.9219,  -80.3140, -100.7963,  -92.8488, -101.3849,  -87.1511,
         -95.8873,  -88.8497,  -86.5845, -102.4308,  -95.6146, -101.5331,
         -93.9718,  -86.2742, -100.1173,  -84.5577,  -98.7706, -108.8023,
        -104.9184,  -79.2973], device='cuda:0', grad_fn=<ViewBackward0>)
value is tensor([-267., -313., -323., -324., -395., -240., -273., -281., -303., -283.,
        -315., -241., -325., -305., -396., -314., -277., -346., -238., -239.],
       device='cuda:0'), pred value tensor([-424.5551, -462.1080, -390.7824, -407.1610, -368.6896, -387.1251,
        -407.9614, -403.9327, -400.7900, -463.4377, -353.5145, -435.9949,
        -405.2922, -496.2885, -445.1499, -372.2132, -360.2195, -380.4930,
        -459.3530, -380.3822], device='cuda:0', grad_fn=<ViewBackward0>)
value loss is 16090.1533203125, policy loss is 0.047827135771512985, reward loss is 1836.5341796875
reward tensor([ -49.,  -46.,  -88.,  -27.,  -19.,  -50.,  -51.,  -55.,  -94.,  -83.,
        -109.,  -46.,  -69.,  -22.,  -49.,  -68.,  -61.,  -72.,  -56.,  -70.],
       device='cuda:0'), pred reward tensor([-37.4577, -37.8183, -37.9104, -35.3266, -38.2532, -38.1635, -43.9248,
        -40.2804, -37.8397, -37.5971, -35.5181, -32.4882, -37.9249, -34.6475,
        -41.0328, -43.2115, -47.2273, -38.2065, -42.2482, -41.9162],
       device='cuda:0', grad_fn=<ViewBackward0>)
value is tensor([-267., -313., -323., -324., -395., -240., -273., -281., -303., -283.,
        -315., -241., -325., -305., -396., -314., -277., -346., -238., -239.],
       device='cuda:0'), pred value tensor([-332.7642, -275.3861, -301.3687, -377.5839, -328.6021, -337.9889,
        -409.3443, -348.7179, -335.6753, -329.4946, -327.4647, -337.6236,
        -325.0164, -267.8932, -298.9337, -346.3665, -322.2891, -408.4038,
        -355.4105, -308.0009], device='cuda:0', grad_fn=<ViewBackward0>)
value loss is 4766.1923828125, policy loss is 0.08359257876873016, reward loss is 923.330078125
reward tensor([ -49.,  -46.,  -88.,  -27.,  -19.,  -50.,  -51.,  -55.,  -94.,  -83.,
        -109.,  -46.,  -69.,  -22.,  -49.,  -68.,  -61.,  -72.,  -56.,  -70.],
       device='cuda:0'), pred reward tensor([-11.1043, -11.2523, -10.1273,  -9.8485, -10.9517,  -8.7581, -10.4269,
         -8.9107, -11.4146,  -9.0704, -10.3750, -11.4983,  -9.7749,  -9.7076,
        -11.0704, -11.9413, -12.5247, -12.7547, -11.9096, -10.3900],
       device='cuda:0', grad_fn=<ViewBackward0>)
value is tensor([-267., -313., -323., -324., -395., -240., -273., -281., -303., -283.,
        -315., -241., -325., -305., -396., -314., -277., -346., -238., -239.],
       device='cuda:0'), pred value tensor([-299.5064, -242.5003, -246.1712, -241.8331, -305.2561, -279.2545,
        -227.0552, -231.1310, -248.7261, -225.3812, -247.0152, -271.8340,
        -283.5751, -229.0800, -224.3441, -263.5394, -258.7736, -245.0084,
        -289.4691, -251.1824], device='cuda:0', grad_fn=<ViewBackward0>)
value loss is 4876.63916015625, policy loss is 0.05675061047077179, reward loss is 2866.91064453125
reward tensor([ -49.,  -46.,  -88.,  -27.,  -19.,  -50.,  -51.,  -55.,  -94.,  -83.,
        -109.,  -46.,  -69.,  -22.,  -49.,  -68.,  -61.,  -72.,  -56.,  -70.],
       device='cuda:0'), pred reward tensor([-1.1546, -1.4049, -0.8226, -0.8722, -1.1454, -1.0871, -1.2652, -0.8286,
        -1.8155, -1.0828, -1.4983, -1.0293, -1.0869, -2.1064, -1.3943, -1.6625,
        -0.4398, -1.4272, -1.1744, -1.5624], device='cuda:0',
       grad_fn=<ViewBackward0>)
value is tensor([-267., -313., -323., -324., -395., -240., -273., -281., -303., -283.,
        -315., -241., -325., -305., -396., -314., -277., -346., -238., -239.],
       device='cuda:0'), pred value tensor([-214.2103, -183.4739, -232.6913, -199.5060, -184.5287, -236.6298,
        -225.9651, -231.8702, -223.2669, -244.9433, -239.9740, -222.3698,
        -212.0244, -241.5454, -247.5596, -226.4026, -226.5252, -254.8634,
        -266.3137, -240.3546], device='cuda:0', grad_fn=<ViewBackward0>)
value loss is 8204.513671875, policy loss is 0.07173524796962738, reward loss is 3873.986083984375
reward tensor([ -49.,  -46.,  -88.,  -27.,  -19.,  -50.,  -51.,  -55.,  -94.,  -83.,
        -109.,  -46.,  -69.,  -22.,  -49.,  -68.,  -61.,  -72.,  -56.,  -70.],
       device='cuda:0'), pred reward tensor([-1.3750, -0.9439, -1.0433, -1.5524, -1.1396, -0.5723, -0.7021, -0.9351,
        -0.9256, -0.9184, -0.8103, -1.0466, -0.7148, -1.1270, -0.9018, -0.8408,
        -0.7686, -0.8135, -0.6126, -1.1522], device='cuda:0',
       grad_fn=<ViewBackward0>)
value is tensor([-267., -313., -323., -324., -395., -240., -273., -281., -303., -283.,
        -315., -241., -325., -305., -396., -314., -277., -346., -238., -239.],
       device='cuda:0'), pred value tensor([-213.3924, -229.4269, -212.9064, -193.4808, -215.3401, -228.1113,
        -220.8239, -229.1280, -202.5173, -204.4101, -219.7224, -231.0508,
        -252.8459, -252.7198, -192.2551, -210.4071, -242.5511, -211.2244,
        -244.3024, -184.6549], device='cuda:0', grad_fn=<ViewBackward0>)
value loss is 9241.166015625, policy loss is 0.04519926756620407, reward loss is 3913.6875
reward tensor([ -49.,  -46.,  -88.,  -27.,  -19.,  -50.,  -51.,  -55.,  -94.,  -83.,
        -109.,  -46.,  -69.,  -22.,  -49.,  -68.,  -61.,  -72.,  -56.,  -70.],
       device='cuda:0'), pred reward tensor([-5.3174, -4.6501, -4.8215, -3.6337, -5.1547, -6.5167, -5.1960, -5.2486,
        -4.5641, -5.7683, -4.3852, -5.1900, -5.4906, -5.3704, -4.2495, -4.8064,
        -6.0161, -5.8307, -4.9720, -5.3542], device='cuda:0',
       grad_fn=<ViewBackward0>)
value is tensor([-267., -313., -323., -324., -395., -240., -273., -281., -303., -283.,
        -315., -241., -325., -305., -396., -314., -277., -346., -238., -239.],
       device='cuda:0'), pred value tensor([-253.5727, -273.8412, -262.6774, -248.9200, -217.1923, -276.0827,
        -252.8675, -352.4096, -248.7220, -244.8793, -216.5889, -252.2675,
        -216.2609, -243.9922, -227.5798, -278.0623, -289.6437, -225.2997,
        -265.1329, -252.7531], device='cuda:0', grad_fn=<ViewBackward0>)
value loss is 6223.97509765625, policy loss is 0.07590894401073456, reward loss is 3440.105224609375
reward tensor([ -49.,  -46.,  -88.,  -27.,  -19.,  -50.,  -51.,  -55.,  -94.,  -83.,
        -109.,  -46.,  -69.,  -22.,  -49.,  -68.,  -61.,  -72.,  -56.,  -70.],
       device='cuda:0'), pred reward tensor([-16.9322, -14.2428, -13.8857, -11.0178, -13.7567, -13.1126, -16.6650,
        -13.3386, -14.4688, -11.5487, -12.7468, -11.8330, -12.3579, -12.3020,
        -14.2692, -12.8891, -15.0030,  -9.7064, -13.1225, -17.4480],
       device='cuda:0', grad_fn=<ViewBackward0>)
value is tensor([-267., -313., -323., -324., -395., -240., -273., -281., -303., -283.,
        -315., -241., -325., -305., -396., -314., -277., -346., -238., -239.],
       device='cuda:0'), pred value tensor([-305.9819, -280.8769, -312.8971, -274.5493, -282.5126, -271.9309,
        -304.4437, -326.5906, -342.8085, -356.7943, -324.1845, -276.0109,
        -310.6826, -286.0865, -326.4888, -297.2543, -273.9099, -305.1818,
        -305.0380, -290.9857], device='cuda:0', grad_fn=<ViewBackward0>)
value loss is 2236.339111328125, policy loss is 0.07511748373508453, reward loss is 2604.637451171875
reward tensor([ -49.,  -46.,  -88.,  -27.,  -19.,  -50.,  -51.,  -55.,  -94.,  -83.,
        -109.,  -46.,  -69.,  -22.,  -49.,  -68.,  -61.,  -72.,  -56.,  -70.],
       device='cuda:0'), pred reward tensor([-27.0639, -24.2864, -24.0910, -26.5598, -30.7889, -26.7792, -28.1341,
        -27.2216, -27.6699, -25.4281, -27.5672, -23.0291, -22.8369, -25.5265,
        -27.2484, -30.9629, -25.6579, -28.0206, -24.7080, -28.1976],
       device='cuda:0', grad_fn=<ViewBackward0>)
value is tensor([-267., -313., -323., -324., -395., -240., -273., -281., -303., -283.,
        -315., -241., -325., -305., -396., -314., -277., -346., -238., -239.],
       device='cuda:0'), pred value tensor([-349.9027, -473.5969, -395.9093, -327.5100, -376.2029, -378.2460,
        -374.8893, -286.8000, -396.1913, -360.4950, -335.5751, -363.9795,
        -369.4501, -313.3703, -382.8777, -400.5902, -322.8012, -389.6060,
        -388.1456, -367.6618], device='cuda:0', grad_fn=<ViewBackward0>)
value loss is 7546.1376953125, policy loss is 0.13866223394870758, reward loss is 1589.065185546875
reward tensor([ -49.,  -46.,  -88.,  -27.,  -19.,  -50.,  -51.,  -55.,  -94.,  -83.,
        -109.,  -46.,  -69.,  -22.,  -49.,  -68.,  -61.,  -72.,  -56.,  -70.],
       device='cuda:0'), pred reward tensor([-33.8232, -35.6372, -40.9438, -41.7868, -36.5905, -40.5569, -41.7070,
        -38.5004, -35.6916, -35.4128, -40.4660, -37.8148, -40.2757, -34.1791,
        -37.7022, -42.2059, -45.0511, -41.0583, -42.3688, -43.6918],
       device='cuda:0', grad_fn=<ViewBackward0>)
value is tensor([-267., -313., -323., -324., -395., -240., -273., -281., -303., -283.,
        -315., -241., -325., -305., -396., -314., -277., -346., -238., -239.],
       device='cuda:0'), pred value tensor([-359.3674, -373.1405, -326.9175, -375.0419, -319.7431, -341.1915,
        -361.9413, -308.6098, -329.9167, -390.3822, -313.7999, -336.6985,
        -414.8327, -410.4956, -373.1665, -351.5792, -349.0050, -318.6843,
        -384.3558, -369.4156], device='cuda:0', grad_fn=<ViewBackward0>)
value loss is 6312.61865234375, policy loss is 0.11463761329650879, reward loss is 890.6124877929688
reward tensor([ -49.,  -46.,  -88.,  -27.,  -19.,  -50.,  -51.,  -55.,  -94.,  -83.,
        -109.,  -46.,  -69.,  -22.,  -49.,  -68.,  -61.,  -72.,  -56.,  -70.],
       device='cuda:0'), pred reward tensor([-56.3365, -55.5363, -59.4524, -55.7394, -53.3499, -55.6437, -56.6839,
        -64.1755, -62.3999, -55.3532, -50.2419, -65.3496, -50.8934, -48.0756,
        -42.4313, -51.5925, -66.5530, -50.6120, -49.3496, -63.3961],
       device='cuda:0', grad_fn=<ViewBackward0>)
value is tensor([-267., -313., -323., -324., -395., -240., -273., -281., -303., -283.,
        -315., -241., -325., -305., -396., -314., -277., -346., -238., -239.],
       device='cuda:0'), pred value tensor([-324.7512, -259.0692, -308.6563, -331.2551, -345.3855, -290.3080,
        -283.5376, -352.6223, -353.2684, -355.5992, -273.5018, -298.1888,
        -270.1353, -302.0033, -286.9191, -281.8281, -322.3634, -293.3308,
        -341.1481, -329.2457], device='cuda:0', grad_fn=<ViewBackward0>)
value loss is 3454.70556640625, policy loss is 0.07396126538515091, reward loss is 530.0021362304688
reward tensor([ -49.,  -46.,  -88.,  -27.,  -19.,  -50.,  -51.,  -55.,  -94.,  -83.,
        -109.,  -46.,  -69.,  -22.,  -49.,  -68.,  -61.,  -72.,  -56.,  -70.],
       device='cuda:0'), pred reward tensor([-52.8003, -66.8351, -48.9355, -51.9286, -63.2309, -70.2759, -60.1705,
        -64.8262, -54.4637, -52.8715, -59.0092, -57.6293, -46.1821, -55.9664,
        -55.0326, -56.6859, -49.8136, -48.5301, -50.5444, -49.2609],
       device='cuda:0', grad_fn=<ViewBackward0>)
value is tensor([-267., -313., -323., -324., -395., -240., -273., -281., -303., -283.,
        -315., -241., -325., -305., -396., -314., -277., -346., -238., -239.],
       device='cuda:0'), pred value tensor([-248.1218, -229.8706, -203.3542, -234.8297, -210.4372, -212.9700,
        -211.6594, -171.8977, -209.4789, -208.2888, -223.8073, -240.9234,
        -236.1122, -253.2639, -202.2036, -208.0367, -215.8977, -215.6073,
        -238.1595, -219.4084], device='cuda:0', grad_fn=<ViewBackward0>)
value loss is 9155.9990234375, policy loss is 0.04983590915799141, reward loss is 661.196533203125
reward tensor([ -49.,  -46.,  -88.,  -27.,  -19.,  -50.,  -51.,  -55.,  -94.,  -83.,
        -109.,  -46.,  -69.,  -22.,  -49.,  -68.,  -61.,  -72.,  -56.,  -70.],
       device='cuda:0'), pred reward tensor([ -91.3084,  -98.2922,  -85.3871,  -82.3519,  -98.8152, -106.0315,
        -103.1244,  -93.6238, -100.8630, -103.3932, -109.6461, -100.0192,
        -100.4162, -113.0390, -106.5370,  -92.2961, -104.4488,  -92.2309,
         -92.2841, -106.5921], device='cuda:0', grad_fn=<ViewBackward0>)
value is tensor([-267., -313., -323., -324., -395., -240., -273., -281., -303., -283.,
        -315., -241., -325., -305., -396., -314., -277., -346., -238., -239.],
       device='cuda:0'), pred value tensor([-297.6641, -233.4245, -230.1855, -216.9203, -264.3066, -248.0701,
        -218.0701, -271.4576, -255.6129, -235.8596, -225.2245, -322.3896,
        -224.1756, -227.6253, -296.0146, -204.2306, -235.8048, -215.5652,
        -264.5280, -242.3481], device='cuda:0', grad_fn=<ViewBackward0>)
value loss is 6219.15576171875, policy loss is 0.06212086230516434, reward loss is 2141.193115234375
reward tensor([ -49.,  -46.,  -88.,  -27.,  -19.,  -50.,  -51.,  -55.,  -94.,  -83.,
        -109.,  -46.,  -69.,  -22.,  -49.,  -68.,  -61.,  -72.,  -56.,  -70.],
       device='cuda:0'), pred reward tensor([ -85.1404, -102.4168,  -93.8647,  -82.8589, -100.5912, -100.4989,
         -96.6131,  -87.2971,  -98.2627,  -91.6482, -104.3588, -100.7472,
         -96.2382,  -85.9013,  -96.2627, -116.4520,  -79.2645,  -92.7333,
         -92.4091,  -93.5966], device='cuda:0', grad_fn=<ViewBackward0>)
value is tensor([-267., -313., -323., -324., -395., -240., -273., -281., -303., -283.,
        -315., -241., -325., -305., -396., -314., -277., -346., -238., -239.],
       device='cuda:0'), pred value tensor([-278.8773, -265.1691, -345.4066, -312.7316, -260.7633, -267.2259,
        -300.1395, -333.4389, -309.8715, -271.4492, -252.0214, -230.0578,
        -238.3946, -273.4514, -237.4333, -232.7158, -276.0851, -333.2409,
        -249.7210, -275.5784], device='cuda:0', grad_fn=<ViewBackward0>)
value loss is 3572.849609375, policy loss is 0.06425213068723679, reward loss is 1756.9404296875
reward tensor([ -49.,  -46.,  -88.,  -27.,  -19.,  -50.,  -51.,  -55.,  -94.,  -83.,
        -109.,  -46.,  -69.,  -22.,  -49.,  -68.,  -61.,  -72.,  -56.,  -70.],
       device='cuda:0'), pred reward tensor([-99.2537, -82.5404, -75.7187, -91.7590, -83.5037, -78.9786, -87.8330,
        -74.9589, -75.4567, -79.0526, -83.7437, -90.3958, -90.5045, -82.8306,
        -96.0069, -75.8286, -87.4269, -85.5943, -81.3906, -81.1998],
       device='cuda:0', grad_fn=<ViewBackward0>)
value is tensor([-267., -313., -323., -324., -395., -240., -273., -281., -303., -283.,
        -315., -241., -325., -305., -396., -314., -277., -346., -238., -239.],
       device='cuda:0'), pred value tensor([-327.0417, -314.2193, -278.9347, -279.4943, -314.1736, -309.7878,
        -338.5268, -328.6905, -296.2313, -329.4892, -351.4196, -352.2686,
        -277.5055, -302.4026, -296.4214, -286.3392, -301.9202, -314.1332,
        -262.8937, -359.7822], device='cuda:0', grad_fn=<ViewBackward0>)
value loss is 3560.12744140625, policy loss is 0.053024064749479294, reward loss is 1300.8026123046875
reward tensor([ -49.,  -46.,  -88.,  -27.,  -19.,  -50.,  -51.,  -55.,  -94.,  -83.,
        -109.,  -46.,  -69.,  -22.,  -49.,  -68.,  -61.,  -72.,  -56.,  -70.],
       device='cuda:0'), pred reward tensor([-70.6938, -51.5337, -64.3482, -56.7858, -67.3840, -69.4321, -58.1645,
        -65.1043, -57.3667, -62.4979, -62.6879, -62.4499, -58.3864, -51.9922,
        -54.6447, -63.6180, -65.6989, -69.6443, -72.3655, -67.9688],
       device='cuda:0', grad_fn=<ViewBackward0>)
value is tensor([-267., -313., -323., -324., -395., -240., -273., -281., -303., -283.,
        -315., -241., -325., -305., -396., -314., -277., -346., -238., -239.],
       device='cuda:0'), pred value tensor([-332.7424, -322.3270, -310.5910, -263.8853, -296.8608, -319.2505,
        -336.0356, -261.0698, -303.3675, -434.9609, -379.3748, -348.0002,
        -296.1323, -296.3109, -331.3692, -341.0623, -319.1333, -281.8801,
        -297.1543, -282.3619], device='cuda:0', grad_fn=<ViewBackward0>)
value loss is 4211.46435546875, policy loss is 0.05144466832280159, reward loss is 518.0231323242188
reward tensor([ -49.,  -46.,  -88.,  -27.,  -19.,  -50.,  -51.,  -55.,  -94.,  -83.,
        -109.,  -46.,  -69.,  -22.,  -49.,  -68.,  -61.,  -72.,  -56.,  -70.],
       device='cuda:0'), pred reward tensor([-44.7564, -48.6426, -46.0378, -47.0296, -41.6873, -53.4249, -42.6858,
        -45.8969, -58.3267, -48.1061, -44.4611, -53.9627, -41.2583, -47.9180,
        -59.4683, -43.8858, -59.0525, -49.4288, -51.2552, -43.4569],
       device='cuda:0', grad_fn=<ViewBackward0>)
value is tensor([-267., -313., -323., -324., -395., -240., -273., -281., -303., -283.,
        -315., -241., -325., -305., -396., -314., -277., -346., -238., -239.],
       device='cuda:0'), pred value tensor([-315.4529, -291.7162, -318.1847, -344.2351, -302.7008, -304.1441,
        -276.5068, -375.2507, -294.7011, -367.7505, -279.1877, -305.9909,
        -348.6194, -321.8680, -318.5299, -266.2933, -338.6011, -336.5522,
        -316.9560, -329.1166], device='cuda:0', grad_fn=<ViewBackward0>)
value loss is 3243.961669921875, policy loss is 0.05071233585476875, reward loss is 647.8500366210938
kl:0.00003,lr_multiplier:11.391,loss:3891.862548828125,entropy:0.03147020936012268,explained_var_old:-0.058,explained_var_new:-0.463
state_batch: [<state.MappingState object at 0x7f94e0a520d0>, <state.MappingState object at 0x7f94ac4515e0>, <state.MappingState object at 0x7f94ac4515e0>, <state.MappingState object at 0x7f94ace35d00>, <state.MappingState object at 0x7f94ac4515e0>, <state.MappingState object at 0x7f94e0d09c40>, <state.MappingState object at 0x7f94ac113640>, <state.MappingState object at 0x7f94ace35d00>, <state.MappingState object at 0x7f94ac113640>, <state.MappingState object at 0x7f94ac523940>, <state.MappingState object at 0x7f94e0d09c40>, <state.MappingState object at 0x7f94ac113640>, <state.MappingState object at 0x7f94e0a520d0>, <state.MappingState object at 0x7f94ac0fc3a0>, <state.MappingState object at 0x7f94e0d09c40>, <state.MappingState object at 0x7f94e01442b0>, <state.MappingState object at 0x7f94ac0fc3a0>, <state.MappingState object at 0x7f94e0d09c40>, <state.MappingState object at 0x7f94ac0fc3a0>, <state.MappingState object at 0x7f94ac113640>]
value loss is 30314.21875, policy loss is 16.02806854248047
value loss is 7375.67578125, policy loss is 12.456660270690918
value loss is 5508.08984375, policy loss is 11.554442405700684
value loss is 8420.123046875, policy loss is 11.778679847717285
value loss is 11975.5087890625, policy loss is 11.978975296020508
value loss is 13731.1083984375, policy loss is 12.102683067321777
value loss is 13816.8564453125, policy loss is 12.14981746673584
value loss is 11603.8037109375, policy loss is 12.04667854309082
value loss is 7373.22509765625, policy loss is 11.785483360290527
value loss is 4839.16552734375, policy loss is 11.201797485351562
value loss is 9093.6767578125, policy loss is 10.565252304077148
value loss is 4655.49169921875, policy loss is 10.371777534484863
value loss is 6393.71630859375, policy loss is 10.152438163757324
value loss is 6236.80078125, policy loss is 9.231724739074707
value loss is 5699.96728515625, policy loss is 8.059027671813965
value loss is 5231.42822265625, policy loss is 7.062633991241455
value loss is 6192.912109375, policy loss is 6.444341659545898
value loss is 4399.54052734375, policy loss is 6.196626663208008
value loss is 4424.0673828125, policy loss is 5.596211910247803
value loss is 4596.56787109375, policy loss is 5.531825542449951
kl:0.00075,lr_multiplier:11.391,loss:4602.099609375,entropy:0.003587709041312337,explained_var_old:-0.107,explained_var_new:0.029
current batch: 9
313
Mask initialization completed successfully
action type is <class 'numpy.int64'>
pre_reward is 0
WARNING: the state has no route legal actions
action type is <class 'numpy.int64'>
pre_reward is -1
WARNING: the state has no route legal actions
action type is <class 'numpy.int64'>
pre_reward is -2
WARNING: the state has no route legal actions
action type is <class 'numpy.int64'>
pre_reward is -3
WARNING: the state has no route legal actions
pre_reward is -4
cur reward is 64
action type is <class 'numpy.int64'>
pre_reward is -68
WARNING: the state has no route legal actions
pre_reward is -69
cur reward is 126
pre_reward is -195
cur reward is 70
pre_reward is -265
WARNING: the state don't need to route actions
pre_reward is -340
cur reward is 14
WARNING: the state has no legal actions
cur move is -1
the mapping is success
current latency: 354.0
313
Mask initialization completed successfully
action type is <class 'numpy.int64'>
pre_reward is 0
WARNING: the state has no route legal actions
action type is <class 'numpy.int64'>
pre_reward is -1
WARNING: the state has no route legal actions
action type is <class 'numpy.int64'>
pre_reward is -2
WARNING: the state has no route legal actions
action type is <class 'numpy.int64'>
pre_reward is -3
WARNING: the state has no route legal actions
pre_reward is -4
cur reward is 62
action type is <class 'numpy.int64'>
action type is <class 'numpy.int64'>
pre_reward is -66
WARNING: the state has no route legal actions
pre_reward is -67
cur reward is 118
pre_reward is -185
cur reward is 72
pre_reward is -257
WARNING: the state don't need to route actions
pre_reward is -317
cur reward is 15
WARNING: the state has no legal actions
cur move is -1
the mapping is success
collect data... | current latency: -332
reward tensor([ -22.,  -49.,  -94.,  -60.,  -41.,  -74.,  -50.,  -62.,  -43.,  -70.,
         -72.,  -56.,  -83.,  -61.,  -15., -118.,  -51.,  -78.,  -43.,  -70.],
       device='cuda:0'), pred reward tensor([-3.1876, -2.8491, -3.5866, -2.4980, -3.8215, -3.5448, -2.5512, -3.6546,
        -2.7778, -3.1028, -3.3444, -2.8395, -3.4449, -4.0177, -3.2367, -3.1878,
        -2.5457, -3.2153, -2.7866, -3.0196], device='cuda:0',
       grad_fn=<ViewBackward0>)
value is tensor([-305., -267., -303., -268., -345., -276., -240., -332., -275., -304.,
        -346., -238., -283., -277., -329., -331., -273., -347., -274., -239.],
       device='cuda:0'), pred value tensor([-118.8407, -140.7065, -153.9213, -108.5099, -155.8849, -133.2543,
        -136.9505, -155.2135, -109.7687, -133.3605, -130.8696, -125.9136,
        -117.1853, -104.5820, -115.3511, -111.3273, -111.8720, -133.1131,
        -104.6054, -119.8995], device='cuda:0', grad_fn=<ViewBackward0>)
value loss is 28862.890625, policy loss is 0.33058327436447144, reward loss is 3826.98046875
reward tensor([ -22.,  -49.,  -94.,  -60.,  -41.,  -74.,  -50.,  -62.,  -43.,  -70.,
         -72.,  -56.,  -83.,  -61.,  -15., -118.,  -51.,  -78.,  -43.,  -70.],
       device='cuda:0'), pred reward tensor([-15.3569, -17.1331, -19.4391, -18.6265, -16.3111, -14.5722, -16.0201,
        -14.8740, -16.8754, -13.7332, -16.7507, -19.5845, -14.7826, -18.8765,
        -14.4535, -14.0023, -13.2695, -16.5651, -16.0817, -16.9385],
       device='cuda:0', grad_fn=<ViewBackward0>)
value is tensor([-305., -267., -303., -268., -345., -276., -240., -332., -275., -304.,
        -346., -238., -283., -277., -329., -331., -273., -347., -274., -239.],
       device='cuda:0'), pred value tensor([-231.5343, -246.5253, -225.7936, -258.2895, -249.6864, -200.6555,
        -188.3493, -193.5631, -161.2785, -222.6821, -260.5261, -242.2852,
        -173.0480, -209.6466, -210.5711, -227.7122, -243.6503, -225.3667,
        -200.4855, -236.8063], device='cuda:0', grad_fn=<ViewBackward0>)
value loss is 6885.99365234375, policy loss is 0.2821553945541382, reward loss is 2502.81103515625
reward tensor([ -22.,  -49.,  -94.,  -60.,  -41.,  -74.,  -50.,  -62.,  -43.,  -70.,
         -72.,  -56.,  -83.,  -61.,  -15., -118.,  -51.,  -78.,  -43.,  -70.],
       device='cuda:0'), pred reward tensor([-68.2154, -62.3890, -60.6370, -66.6630, -70.8622, -68.7308, -62.2358,
        -57.3105, -62.2172, -61.3607, -56.1244, -69.5943, -71.0625, -63.5168,
        -51.8245, -56.5234, -59.2801, -65.3108, -63.7563, -56.3841],
       device='cuda:0', grad_fn=<ViewBackward0>)
value is tensor([-305., -267., -303., -268., -345., -276., -240., -332., -275., -304.,
        -346., -238., -283., -277., -329., -331., -273., -347., -274., -239.],
       device='cuda:0'), pred value tensor([-560.1359, -498.2881, -534.0214, -513.5491, -415.2707, -434.0812,
        -488.0656, -488.7247, -568.9312, -510.6540, -510.3633, -338.2615,
        -509.2697, -428.5052, -537.4061, -514.6335, -404.3550, -532.9092,
        -478.8707, -405.2999], device='cuda:0', grad_fn=<ViewBackward0>)
value loss is 39359.99609375, policy loss is 0.1466720998287201, reward loss is 578.73291015625
reward tensor([ -22.,  -49.,  -94.,  -60.,  -41.,  -74.,  -50.,  -62.,  -43.,  -70.,
         -72.,  -56.,  -83.,  -61.,  -15., -118.,  -51.,  -78.,  -43.,  -70.],
       device='cuda:0'), pred reward tensor([-72.6281, -68.2329, -80.7892, -71.9940, -83.7231, -69.5826, -58.9745,
        -64.9448, -62.0461, -88.8068, -93.6411, -68.6227, -72.0193, -73.9878,
        -78.0492, -61.5691, -64.0220, -64.9797, -76.9641, -81.1628],
       device='cuda:0', grad_fn=<ViewBackward0>)
value is tensor([-305., -267., -303., -268., -345., -276., -240., -332., -275., -304.,
        -346., -238., -283., -277., -329., -331., -273., -347., -274., -239.],
       device='cuda:0'), pred value tensor([-276.3702, -321.8458, -310.8712, -316.2874, -370.5675, -290.8594,
        -264.2846, -292.7313, -299.2667, -351.4085, -359.6168, -350.8116,
        -312.5202, -245.1904, -307.8464, -236.1905, -299.7683, -398.1577,
        -280.5977, -246.1162], device='cuda:0', grad_fn=<ViewBackward0>)
value loss is 1986.1688232421875, policy loss is 0.14782807230949402, reward loss is 779.7882690429688
reward tensor([ -22.,  -49.,  -94.,  -60.,  -41.,  -74.,  -50.,  -62.,  -43.,  -70.,
         -72.,  -56.,  -83.,  -61.,  -15., -118.,  -51.,  -78.,  -43.,  -70.],
       device='cuda:0'), pred reward tensor([-51.6492, -49.3172, -48.0479, -53.5711, -45.8362, -53.8453, -52.1704,
        -54.2132, -48.5782, -51.5277, -59.3127, -42.2471, -57.9548, -51.1513,
        -43.4385, -40.0938, -58.9555, -55.9667, -46.4077, -50.2452],
       device='cuda:0', grad_fn=<ViewBackward0>)
value is tensor([-305., -267., -303., -268., -345., -276., -240., -332., -275., -304.,
        -346., -238., -283., -277., -329., -331., -273., -347., -274., -239.],
       device='cuda:0'), pred value tensor([-159.1712, -195.8573, -181.3707, -164.7220, -233.4699, -203.2555,
        -209.3683, -172.4209, -166.3011, -183.1270, -210.7320, -193.3101,
        -182.3065, -197.8407, -176.8400, -177.6521, -190.1441, -226.9178,
        -174.7574, -197.6917], device='cuda:0', grad_fn=<ViewBackward0>)
value loss is 11927.806640625, policy loss is 0.14767293632030487, reward loss is 640.1254272460938
reward tensor([ -22.,  -49.,  -94.,  -60.,  -41.,  -74.,  -50.,  -62.,  -43.,  -70.,
         -72.,  -56.,  -83.,  -61.,  -15., -118.,  -51.,  -78.,  -43.,  -70.],
       device='cuda:0'), pred reward tensor([-60.1529, -53.1240, -42.6542, -55.6662, -49.5242, -43.5697, -50.4367,
        -49.9109, -49.9444, -49.0921, -62.6728, -44.1297, -62.7474, -52.1723,
        -45.5346, -42.9947, -50.3354, -50.3955, -48.2775, -56.7087],
       device='cuda:0', grad_fn=<ViewBackward0>)
value is tensor([-305., -267., -303., -268., -345., -276., -240., -332., -275., -304.,
        -346., -238., -283., -277., -329., -331., -273., -347., -274., -239.],
       device='cuda:0'), pred value tensor([-219.1093, -172.1514, -154.3360, -112.3979, -150.5134, -147.4441,
        -168.6880, -160.1301, -148.5153, -168.5064, -141.5551, -157.8018,
        -132.3816, -131.6355, -153.4736, -145.6307, -122.6643, -139.3526,
        -137.6323, -153.8843], device='cuda:0', grad_fn=<ViewBackward0>)
value loss is 21739.81640625, policy loss is 0.10736030340194702, reward loss is 699.9652709960938
reward tensor([ -22.,  -49.,  -94.,  -60.,  -41.,  -74.,  -50.,  -62.,  -43.,  -70.,
         -72.,  -56.,  -83.,  -61.,  -15., -118.,  -51.,  -78.,  -43.,  -70.],
       device='cuda:0'), pred reward tensor([-62.5954, -81.9408, -60.5869, -85.4339, -67.9887, -68.7186, -77.7109,
        -63.3046, -74.3679, -74.8938, -76.0401, -61.1812, -69.0228, -64.6803,
        -57.7064, -71.9141, -54.0468, -57.8812, -64.0316, -69.4486],
       device='cuda:0', grad_fn=<ViewBackward0>)
value is tensor([-305., -267., -303., -268., -345., -276., -240., -332., -275., -304.,
        -346., -238., -283., -277., -329., -331., -273., -347., -274., -239.],
       device='cuda:0'), pred value tensor([-143.5191, -168.0518, -202.4599, -224.2884, -178.5548, -165.1219,
        -147.0637, -147.6783, -152.2115, -184.1060, -151.7288, -187.3450,
        -144.0757, -154.3466, -154.1010, -178.9067, -152.4715, -179.9388,
        -155.0320, -151.0511], device='cuda:0', grad_fn=<ViewBackward0>)
value loss is 17632.251953125, policy loss is 0.055349331349134445, reward loss is 604.3341674804688
reward tensor([ -22.,  -49.,  -94.,  -60.,  -41.,  -74.,  -50.,  -62.,  -43.,  -70.,
         -72.,  -56.,  -83.,  -61.,  -15., -118.,  -51.,  -78.,  -43.,  -70.],
       device='cuda:0'), pred reward tensor([-112.4655, -100.0915, -124.7945, -129.2424,  -89.5559,  -97.8779,
         -84.7386,  -93.6114, -104.1127,  -98.1252, -100.5195,  -92.8082,
         -93.0388,  -89.2111,  -90.2635,  -72.9176,  -95.3741, -125.9010,
         -95.5796, -103.5171], device='cuda:0', grad_fn=<ViewBackward0>)
value is tensor([-305., -267., -303., -268., -345., -276., -240., -332., -275., -304.,
        -346., -238., -283., -277., -329., -331., -273., -347., -274., -239.],
       device='cuda:0'), pred value tensor([-285.9830, -204.2870, -225.7169, -215.9150, -254.8847, -198.5781,
        -232.5863, -215.1004, -227.0315, -218.0970, -222.2668, -236.6884,
        -271.6810, -182.4259, -236.5395, -230.8463, -245.6854, -253.3171,
        -253.3651, -236.1976], device='cuda:0', grad_fn=<ViewBackward0>)
value loss is 5170.7861328125, policy loss is 0.0819290429353714, reward loss is 2255.513671875
reward tensor([ -22.,  -49.,  -94.,  -60.,  -41.,  -74.,  -50.,  -62.,  -43.,  -70.,
         -72.,  -56.,  -83.,  -61.,  -15., -118.,  -51.,  -78.,  -43.,  -70.],
       device='cuda:0'), pred reward tensor([ -84.8303,  -89.8143, -101.4101,  -88.3678,  -80.4614,  -77.9202,
         -97.6506, -109.2941,  -97.6415, -102.2977,  -87.2659, -108.5490,
         -98.5750,  -96.0685,  -95.3435,  -74.8101,  -96.6629, -104.6039,
         -79.9816,  -97.3454], device='cuda:0', grad_fn=<ViewBackward0>)
value is tensor([-305., -267., -303., -268., -345., -276., -240., -332., -275., -304.,
        -346., -238., -283., -277., -329., -331., -273., -347., -274., -239.],
       device='cuda:0'), pred value tensor([-412.2611, -373.1634, -371.9464, -376.7355, -362.1873, -268.0306,
        -333.8049, -295.4232, -295.7666, -361.6283, -391.5568, -330.2940,
        -342.9315, -395.0587, -293.8274, -298.7109, -306.4015, -376.5543,
        -247.8554, -313.4802], device='cuda:0', grad_fn=<ViewBackward0>)
value loss is 4611.197265625, policy loss is 0.0869905948638916, reward loss is 1713.8671875
reward tensor([ -22.,  -49.,  -94.,  -60.,  -41.,  -74.,  -50.,  -62.,  -43.,  -70.,
         -72.,  -56.,  -83.,  -61.,  -15., -118.,  -51.,  -78.,  -43.,  -70.],
       device='cuda:0'), pred reward tensor([-63.3090, -64.1371, -61.4419, -55.8551, -58.0590, -57.5540, -73.7823,
        -75.4121, -67.7094, -67.2295, -74.1074, -70.2761, -67.5530, -60.5157,
        -57.2672, -51.8699, -59.9788, -67.3019, -62.9492, -55.3328],
       device='cuda:0', grad_fn=<ViewBackward0>)
value is tensor([-305., -267., -303., -268., -345., -276., -240., -332., -275., -304.,
        -346., -238., -283., -277., -329., -331., -273., -347., -274., -239.],
       device='cuda:0'), pred value tensor([-394.9381, -324.1290, -481.9405, -398.5326, -382.0927, -349.9778,
        -408.8120, -381.6040, -319.1304, -365.3464, -331.5165, -337.1649,
        -392.1417, -379.1437, -487.8773, -329.1402, -407.4591, -421.8996,
        -347.9239, -388.6356], device='cuda:0', grad_fn=<ViewBackward0>)
value loss is 10655.3720703125, policy loss is 0.14839057624340057, reward loss is 617.6461181640625
reward tensor([ -22.,  -49.,  -94.,  -60.,  -41.,  -74.,  -50.,  -62.,  -43.,  -70.,
         -72.,  -56.,  -83.,  -61.,  -15., -118.,  -51.,  -78.,  -43.,  -70.],
       device='cuda:0'), pred reward tensor([-29.9210, -34.4045, -36.2140, -33.7934, -28.9665, -28.7227, -33.1099,
        -38.6702, -28.7579, -28.5691, -29.8278, -27.6913, -33.1604, -25.9893,
        -29.3830, -28.2658, -25.8105, -35.9780, -31.9883, -31.3697],
       device='cuda:0', grad_fn=<ViewBackward0>)
value is tensor([-305., -267., -303., -268., -345., -276., -240., -332., -275., -304.,
        -346., -238., -283., -277., -329., -331., -273., -347., -274., -239.],
       device='cuda:0'), pred value tensor([-382.0655, -325.2055, -352.2256, -313.8391, -350.2823, -306.1454,
        -355.5949, -292.5457, -345.4216, -386.1072, -386.0379, -337.8651,
        -328.2354, -378.4454, -348.4597, -361.6494, -339.5811, -433.8185,
        -358.9802, -351.3653], device='cuda:0', grad_fn=<ViewBackward0>)
value loss is 4922.86376953125, policy loss is 0.1442142128944397, reward loss is 1390.407470703125
reward tensor([ -22.,  -49.,  -94.,  -60.,  -41.,  -74.,  -50.,  -62.,  -43.,  -70.,
         -72.,  -56.,  -83.,  -61.,  -15., -118.,  -51.,  -78.,  -43.,  -70.],
       device='cuda:0'), pred reward tensor([-19.8871, -20.6491, -18.5424, -19.6500, -16.6539, -15.8027, -22.9456,
        -16.1166, -19.2211, -18.1693, -15.8431, -21.3088, -22.1226, -16.0226,
        -16.9033, -19.7310, -16.3320, -17.0276, -17.6523, -21.7536],
       device='cuda:0', grad_fn=<ViewBackward0>)
value is tensor([-305., -267., -303., -268., -345., -276., -240., -332., -275., -304.,
        -346., -238., -283., -277., -329., -331., -273., -347., -274., -239.],
       device='cuda:0'), pred value tensor([-245.5850, -284.3969, -303.9300, -272.5734, -290.4430, -223.6363,
        -249.9098, -225.4258, -251.9503, -246.4560, -264.4694, -257.1865,
        -212.4040, -269.2546, -329.3817, -269.5911, -256.2551, -344.2261,
        -249.3267, -256.0105], device='cuda:0', grad_fn=<ViewBackward0>)
value loss is 2094.42236328125, policy loss is 0.08596821874380112, reward loss is 2291.759765625
reward tensor([ -22.,  -49.,  -94.,  -60.,  -41.,  -74.,  -50.,  -62.,  -43.,  -70.,
         -72.,  -56.,  -83.,  -61.,  -15., -118.,  -51.,  -78.,  -43.,  -70.],
       device='cuda:0'), pred reward tensor([-14.6627, -18.4580, -14.1258, -17.7487, -19.4332, -14.9886, -15.7352,
        -12.0514, -16.9414, -14.8011, -15.5274, -15.3201, -17.7298, -15.8367,
        -14.0065, -13.6327, -12.9460, -15.7839, -17.0063, -16.4341],
       device='cuda:0', grad_fn=<ViewBackward0>)
value is tensor([-305., -267., -303., -268., -345., -276., -240., -332., -275., -304.,
        -346., -238., -283., -277., -329., -331., -273., -347., -274., -239.],
       device='cuda:0'), pred value tensor([-284.4791, -225.6408, -226.5432, -217.6610, -225.9832, -210.2437,
        -190.2634, -242.7321, -210.3518, -196.3005, -250.6496, -213.7282,
        -264.2917, -199.1167, -239.4035, -238.1298, -227.3172, -245.4577,
        -218.9664, -239.7751], device='cuda:0', grad_fn=<ViewBackward0>)
value loss is 5169.86962890625, policy loss is 0.12133142352104187, reward loss is 2569.774169921875
reward tensor([ -22.,  -49.,  -94.,  -60.,  -41.,  -74.,  -50.,  -62.,  -43.,  -70.,
         -72.,  -56.,  -83.,  -61.,  -15., -118.,  -51.,  -78.,  -43.,  -70.],
       device='cuda:0'), pred reward tensor([-21.0433, -19.8930, -22.7922, -21.6482, -22.7506, -16.9888, -16.3708,
        -21.4570, -20.6798, -17.6210, -20.3644, -19.5331, -17.9928, -14.7807,
        -18.5566, -19.4232, -21.1468, -27.4831, -19.1065, -22.1749],
       device='cuda:0', grad_fn=<ViewBackward0>)
value is tensor([-305., -267., -303., -268., -345., -276., -240., -332., -275., -304.,
        -346., -238., -283., -277., -329., -331., -273., -347., -274., -239.],
       device='cuda:0'), pred value tensor([-213.9837, -203.8993, -240.9115, -217.9723, -253.5246, -223.4615,
        -192.7658, -248.3415, -255.0155, -230.6792, -232.7217, -180.3586,
        -237.8856, -228.1940, -242.8512, -200.9669, -173.6975, -228.2135,
        -183.9703, -214.6901], device='cuda:0', grad_fn=<ViewBackward0>)
value loss is 6116.31103515625, policy loss is 0.11504554748535156, reward loss is 2168.9423828125
reward tensor([ -22.,  -49.,  -94.,  -60.,  -41.,  -74.,  -50.,  -62.,  -43.,  -70.,
         -72.,  -56.,  -83.,  -61.,  -15., -118.,  -51.,  -78.,  -43.,  -70.],
       device='cuda:0'), pred reward tensor([-32.7988, -32.7507, -28.9069, -29.1739, -32.0915, -26.7957, -29.2929,
        -24.7426, -23.6573, -33.1435, -35.7311, -27.6052, -29.1751, -28.1558,
        -26.8339, -30.2978, -21.2098, -22.0892, -22.9357, -25.7276],
       device='cuda:0', grad_fn=<ViewBackward0>)
value is tensor([-305., -267., -303., -268., -345., -276., -240., -332., -275., -304.,
        -346., -238., -283., -277., -329., -331., -273., -347., -274., -239.],
       device='cuda:0'), pred value tensor([-220.3100, -267.4553, -215.6609, -224.3213, -226.0036, -218.8132,
        -218.0564, -233.4326, -206.4815, -272.2575, -283.0609, -304.9948,
        -254.5274, -244.8489, -234.7481, -236.0301, -222.2622, -269.2471,
        -190.1356, -268.5967], device='cuda:0', grad_fn=<ViewBackward0>)
value loss is 4738.2109375, policy loss is 0.0568053275346756, reward loss is 1586.5213623046875
reward tensor([ -22.,  -49.,  -94.,  -60.,  -41.,  -74.,  -50.,  -62.,  -43.,  -70.,
         -72.,  -56.,  -83.,  -61.,  -15., -118.,  -51.,  -78.,  -43.,  -70.],
       device='cuda:0'), pred reward tensor([-35.8798, -43.6243, -33.4340, -36.1164, -33.5860, -40.1286, -41.4285,
        -38.0017, -36.0748, -41.2950, -38.3478, -38.0616, -46.5019, -39.5321,
        -35.4529, -43.5697, -34.2558, -38.1866, -40.9542, -39.3806],
       device='cuda:0', grad_fn=<ViewBackward0>)
value is tensor([-305., -267., -303., -268., -345., -276., -240., -332., -275., -304.,
        -346., -238., -283., -277., -329., -331., -273., -347., -274., -239.],
       device='cuda:0'), pred value tensor([-265.0220, -324.9221, -313.6041, -364.4457, -315.1417, -276.0456,
        -353.8086, -263.8986, -271.6076, -343.1735, -306.9268, -346.3235,
        -259.8449, -269.0961, -291.5247, -284.5357, -254.0910, -248.9188,
        -245.9062, -295.0257], device='cuda:0', grad_fn=<ViewBackward0>)
value loss is 3286.173583984375, policy loss is 0.08456974476575851, reward loss is 959.8209228515625
reward tensor([ -22.,  -49.,  -94.,  -60.,  -41.,  -74.,  -50.,  -62.,  -43.,  -70.,
         -72.,  -56.,  -83.,  -61.,  -15., -118.,  -51.,  -78.,  -43.,  -70.],
       device='cuda:0'), pred reward tensor([-80.2006, -54.0236, -72.8942, -65.3642, -66.5802, -57.1906, -59.8446,
        -57.4287, -81.6398, -59.0969, -60.2757, -55.7493, -67.3640, -44.6057,
        -49.3247, -69.2904, -47.5366, -52.8858, -57.0325, -63.4084],
       device='cuda:0', grad_fn=<ViewBackward0>)
value is tensor([-305., -267., -303., -268., -345., -276., -240., -332., -275., -304.,
        -346., -238., -283., -277., -329., -331., -273., -347., -274., -239.],
       device='cuda:0'), pred value tensor([-317.2723, -372.0405, -376.4702, -341.2335, -332.6968, -311.1653,
        -321.5360, -344.7656, -334.6707, -265.3886, -330.0865, -410.4899,
        -272.5205, -312.8961, -365.6106, -350.8518, -444.5213, -339.0683,
        -359.4099, -387.9952], device='cuda:0', grad_fn=<ViewBackward0>)
value loss is 6365.56396484375, policy loss is 0.12764866650104523, reward loss is 581.9035034179688
reward tensor([ -22.,  -49.,  -94.,  -60.,  -41.,  -74.,  -50.,  -62.,  -43.,  -70.,
         -72.,  -56.,  -83.,  -61.,  -15., -118.,  -51.,  -78.,  -43.,  -70.],
       device='cuda:0'), pred reward tensor([-79.3378, -72.2984, -78.6006, -79.0590, -92.7952, -63.0789, -80.0705,
        -74.5133, -74.2595, -70.8032, -96.6710, -68.6575, -71.1418, -69.4555,
        -79.2257, -69.6782, -69.0014, -71.7313, -66.5238, -85.0875],
       device='cuda:0', grad_fn=<ViewBackward0>)
value is tensor([-305., -267., -303., -268., -345., -276., -240., -332., -275., -304.,
        -346., -238., -283., -277., -329., -331., -273., -347., -274., -239.],
       device='cuda:0'), pred value tensor([-307.3000, -393.1728, -368.2916, -285.7028, -299.9315, -367.2621,
        -341.3905, -350.2676, -329.7997, -326.8036, -322.5856, -320.8089,
        -335.3758, -330.0498, -304.4121, -324.9823, -315.4895, -348.7054,
        -307.8351, -303.3282], device='cuda:0', grad_fn=<ViewBackward0>)
value loss is 3284.647216796875, policy loss is 0.1061691865324974, reward loss is 892.8357543945312
reward tensor([ -22.,  -49.,  -94.,  -60.,  -41.,  -74.,  -50.,  -62.,  -43.,  -70.,
         -72.,  -56.,  -83.,  -61.,  -15., -118.,  -51.,  -78.,  -43.,  -70.],
       device='cuda:0'), pred reward tensor([-87.7846, -91.0199, -84.8573, -77.4770, -88.9336, -81.8501, -96.7282,
        -69.5517, -75.0387, -81.4360, -93.4562, -71.3868, -73.4386, -82.7320,
        -80.2744, -67.1193, -70.0846, -82.7451, -80.7324, -66.1012],
       device='cuda:0', grad_fn=<ViewBackward0>)
value is tensor([-305., -267., -303., -268., -345., -276., -240., -332., -275., -304.,
        -346., -238., -283., -277., -329., -331., -273., -347., -274., -239.],
       device='cuda:0'), pred value tensor([-344.6550, -304.3878, -331.9903, -295.2399, -361.1390, -388.5154,
        -286.2296, -393.8418, -270.7315, -314.7281, -275.5649, -318.5441,
        -319.2079, -296.0299, -336.5744, -313.4799, -293.7748, -288.4911,
        -319.1550, -367.7344], device='cuda:0', grad_fn=<ViewBackward0>)
value loss is 2976.010498046875, policy loss is 0.16106337308883667, reward loss is 1108.7740478515625
reward tensor([ -22.,  -49.,  -94.,  -60.,  -41.,  -74.,  -50.,  -62.,  -43.,  -70.,
         -72.,  -56.,  -83.,  -61.,  -15., -118.,  -51.,  -78.,  -43.,  -70.],
       device='cuda:0'), pred reward tensor([-74.5269, -81.6432, -71.9988, -69.9097, -70.6987, -68.7024, -71.1500,
        -65.2468, -77.8014, -74.0675, -79.8216, -66.8835, -78.9213, -72.6347,
        -77.9655, -76.1711, -56.3413, -64.6582, -65.6432, -76.2070],
       device='cuda:0', grad_fn=<ViewBackward0>)
value is tensor([-305., -267., -303., -268., -345., -276., -240., -332., -275., -304.,
        -346., -238., -283., -277., -329., -331., -273., -347., -274., -239.],
       device='cuda:0'), pred value tensor([-299.0681, -258.6729, -229.1682, -242.9433, -307.6793, -241.6717,
        -242.9211, -222.0186, -281.5971, -267.9242, -266.0911, -270.3951,
        -250.7424, -227.1317, -272.8458, -234.2699, -210.4982, -281.6828,
        -248.2382, -257.2393], device='cuda:0', grad_fn=<ViewBackward0>)
value loss is 2742.281982421875, policy loss is 0.16035757958889008, reward loss is 690.3121337890625
kl:0.00001,lr_multiplier:11.391,loss:3432.75439453125,entropy:1.4739507392391715e-08,explained_var_old:-0.170,explained_var_new:-0.437
state_batch: [<state.MappingState object at 0x7f94ace35d00>, <state.MappingState object at 0x7f94e01442b0>, <state.MappingState object at 0x7f94e0d09c40>, <state.MappingState object at 0x7f94ac0fd820>, <state.MappingState object at 0x7f94e0d09c40>, <state.MappingState object at 0x7f94ac0fd820>, <state.MappingState object at 0x7f94ac113640>, <state.MappingState object at 0x7f94e01442b0>, <state.MappingState object at 0x7f94e01442b0>, <state.MappingState object at 0x7f94e0bed9d0>, <state.MappingState object at 0x7f94ac0fd820>, <state.MappingState object at 0x7f94ac4515e0>, <state.MappingState object at 0x7f94ac4515e0>, <state.MappingState object at 0x7f94ace35d00>, <state.MappingState object at 0x7f94e01442b0>, <state.MappingState object at 0x7f94ac113640>, <state.MappingState object at 0x7f94e0d09c40>, <state.MappingState object at 0x7f94e0d09c40>, <state.MappingState object at 0x7f94e0bed9d0>, <state.MappingState object at 0x7f94ace35d00>]
value loss is 15929.6982421875, policy loss is 30.35405158996582
value loss is 8424.845703125, policy loss is 23.6436710357666
value loss is 6291.21240234375, policy loss is 16.627429962158203
value loss is 8066.52099609375, policy loss is 11.680191040039062
value loss is 9488.1953125, policy loss is 10.074060440063477
value loss is 11555.6787109375, policy loss is 10.34140682220459
value loss is 9446.8466796875, policy loss is 10.225883483886719
value loss is 5887.96826171875, policy loss is 9.590253829956055
value loss is 26035.490234375, policy loss is 8.835579872131348
value loss is 7054.27880859375, policy loss is 9.297406196594238
value loss is 10825.4296875, policy loss is 10.17966365814209
value loss is 12425.5400390625, policy loss is 10.493002891540527
value loss is 13515.9130859375, policy loss is 10.475680351257324
value loss is 13394.6201171875, policy loss is 10.191475868225098
value loss is 12315.4326171875, policy loss is 9.708946228027344
value loss is 11511.1142578125, policy loss is 8.836108207702637
value loss is 8816.8349609375, policy loss is 6.979940414428711
value loss is 6588.3017578125, policy loss is 4.534745216369629
value loss is 4616.39794921875, policy loss is 4.2799272537231445
value loss is 7698.3564453125, policy loss is 4.278754234313965
kl:0.00075,lr_multiplier:11.391,loss:7702.63525390625,entropy:0.0007442817441187799,explained_var_old:-0.048,explained_var_new:-0.239
current batch: 10
313
Mask initialization completed successfully
action type is <class 'numpy.int64'>
pre_reward is 0
WARNING: the state has no route legal actions
action type is <class 'numpy.int64'>
pre_reward is -1
WARNING: the state has no route legal actions
action type is <class 'numpy.int64'>
pre_reward is -2
WARNING: the state has no route legal actions
action type is <class 'numpy.int64'>
pre_reward is -3
WARNING: the state has no route legal actions
action type is <class 'numpy.int64'>
pre_reward is -4
WARNING: the state has no route legal actions
pre_reward is -5
cur reward is 34
pre_reward is -39
cur reward is 32
pre_reward is -71
cur reward is 48
pre_reward is -119
WARNING: the state don't need to route actions
pre_reward is -191
cur reward is 5
WARNING: the state has no legal actions
cur move is -1
the mapping is success
current latency: 196.0
313
Mask initialization completed successfully
action type is <class 'numpy.int64'>
pre_reward is 0
WARNING: the state has no route legal actions
action type is <class 'numpy.int64'>
pre_reward is -1
WARNING: the state has no route legal actions
action type is <class 'numpy.int64'>
pre_reward is -2
WARNING: the state has no route legal actions
action type is <class 'numpy.int64'>
pre_reward is -3
WARNING: the state has no route legal actions
action type is <class 'numpy.int64'>
pre_reward is -4
WARNING: the state has no route legal actions
pre_reward is -5
cur reward is 76
pre_reward is -81
cur reward is 19
pre_reward is -100
cur reward is 20
pre_reward is -120
cur reward is 67
pre_reward is -187
cur reward is 5
WARNING: the state has no legal actions
cur move is -1
the mapping is success
collect data... | current latency: -192
reward tensor([ -69., -118.,  -19.,  -72.,  -51.,  -61.,  -55.,  -46.,  -43.,  -78.,
         -46.,  -22.,  -15.,  -88.,  -83.,  -43.,  -72.,  -68.,  -94.,  -74.],
       device='cuda:0'), pred reward tensor([-59.6610, -68.0613, -58.8335, -77.0043, -56.1970, -64.5406, -61.4940,
        -60.2539, -64.4229, -71.8945, -70.2922, -72.7276, -61.4336, -75.7327,
        -67.8367, -77.1351, -68.6782, -69.2755, -72.8059, -54.4822],
       device='cuda:0', grad_fn=<ViewBackward0>)
value is tensor([-325., -331., -395., -330., -273., -277., -266., -241., -275., -347.,
        -313., -305., -329., -323., -283., -274., -346., -314., -303., -276.],
       device='cuda:0'), pred value tensor([-197.5510, -200.4730, -223.2084, -148.4087, -185.2936, -150.9518,
        -212.2693, -171.4493, -184.5943, -168.3159, -183.6017, -169.3296,
        -176.9079, -180.4245, -210.0287, -202.5117, -201.4894, -221.0993,
        -219.3256, -184.8729], device='cuda:0', grad_fn=<ViewBackward0>)
value loss is 15051.9658203125, policy loss is 0.24405546486377716, reward loss is 634.0925903320312
reward tensor([ -69., -118.,  -19.,  -72.,  -51.,  -61.,  -55.,  -46.,  -43.,  -78.,
         -46.,  -22.,  -15.,  -88.,  -83.,  -43.,  -72.,  -68.,  -94.,  -74.],
       device='cuda:0'), pred reward tensor([-65.9045, -68.4736, -64.5336, -70.6737, -73.0061, -93.6159, -86.6997,
        -75.2402, -79.5345, -77.5362, -71.9059, -69.6555, -80.0040, -72.4095,
        -75.0318, -81.1451, -66.1350, -83.8935, -74.3085, -76.9818],
       device='cuda:0', grad_fn=<ViewBackward0>)
value is tensor([-325., -331., -395., -330., -273., -277., -266., -241., -275., -347.,
        -313., -305., -329., -323., -283., -274., -346., -314., -303., -276.],
       device='cuda:0'), pred value tensor([-197.8059, -260.7292, -253.5302, -310.1247, -291.5627, -168.2172,
        -272.8808, -230.6931, -239.7704, -228.6732, -257.1378, -241.4875,
        -231.9333, -218.2313, -239.5915, -252.1289, -225.6143, -232.0755,
        -266.1622, -217.5327], device='cuda:0', grad_fn=<ViewBackward0>)
value loss is 6249.72802734375, policy loss is 0.24242155253887177, reward loss is 944.66796875
reward tensor([ -69., -118.,  -19.,  -72.,  -51.,  -61.,  -55.,  -46.,  -43.,  -78.,
         -46.,  -22.,  -15.,  -88.,  -83.,  -43.,  -72.,  -68.,  -94.,  -74.],
       device='cuda:0'), pred reward tensor([ -78.3055,  -73.9715,  -70.0027,  -84.0576,  -95.8674,  -79.6291,
         -88.2638,  -95.1402,  -75.1523,  -72.7764, -115.9710,  -82.6554,
         -80.1929,  -73.9409,  -90.0774,  -63.6887,  -90.2646,  -76.6452,
         -95.0485,  -70.7187], device='cuda:0', grad_fn=<ViewBackward0>)
value is tensor([-325., -331., -395., -330., -273., -277., -266., -241., -275., -347.,
        -313., -305., -329., -323., -283., -274., -346., -314., -303., -276.],
       device='cuda:0'), pred value tensor([-316.1452, -322.3982, -329.9045, -347.6255, -338.5740, -309.9580,
        -331.1320, -321.2693, -357.7430, -315.2073, -356.5039, -307.7357,
        -341.6817, -344.1016, -370.3964, -275.6263, -453.3236, -388.7876,
        -411.8083, -307.5164], device='cuda:0', grad_fn=<ViewBackward0>)
value loss is 3436.010498046875, policy loss is 0.30080729722976685, reward loss is 1281.7645263671875
reward tensor([ -69., -118.,  -19.,  -72.,  -51.,  -61.,  -55.,  -46.,  -43.,  -78.,
         -46.,  -22.,  -15.,  -88.,  -83.,  -43.,  -72.,  -68.,  -94.,  -74.],
       device='cuda:0'), pred reward tensor([ -70.0486,  -62.3976,  -77.5404,  -77.2960,  -70.0140, -100.9228,
         -77.5722,  -67.6949,  -77.4877,  -75.1655,  -64.8787,  -77.3998,
         -68.9522,  -66.8083,  -65.3442,  -61.7105,  -75.4164,  -70.1143,
         -74.2672,  -64.3108], device='cuda:0', grad_fn=<ViewBackward0>)
value is tensor([-325., -331., -395., -330., -273., -277., -266., -241., -275., -347.,
        -313., -305., -329., -323., -283., -274., -346., -314., -303., -276.],
       device='cuda:0'), pred value tensor([-363.0734, -383.2739, -391.4908, -374.9703, -367.8400, -310.7242,
        -443.9893, -412.0059, -382.8002, -464.9630, -383.3492, -430.7439,
        -394.7704, -369.9751, -423.0470, -371.3707, -576.3196, -396.8453,
        -444.1608, -391.5256], device='cuda:0', grad_fn=<ViewBackward0>)
value loss is 12618.9150390625, policy loss is 0.2717410624027252, reward loss is 931.3703002929688
reward tensor([ -69., -118.,  -19.,  -72.,  -51.,  -61.,  -55.,  -46.,  -43.,  -78.,
         -46.,  -22.,  -15.,  -88.,  -83.,  -43.,  -72.,  -68.,  -94.,  -74.],
       device='cuda:0'), pred reward tensor([-46.8757, -44.7496, -54.0197, -56.3041, -41.9388, -61.7305, -46.4985,
        -48.9723, -52.6340, -45.7520, -52.4904, -46.2140, -39.7362, -43.7481,
        -49.8704, -52.0321, -52.2310, -49.2101, -54.7968, -55.8729],
       device='cuda:0', grad_fn=<ViewBackward0>)
value is tensor([-325., -331., -395., -330., -273., -277., -266., -241., -275., -347.,
        -313., -305., -329., -323., -283., -274., -346., -314., -303., -276.],
       device='cuda:0'), pred value tensor([-411.7541, -414.6858, -438.7847, -452.4228, -360.8507, -391.5228,
        -353.6231, -369.5290, -390.3664, -445.5950, -300.1781, -361.9783,
        -344.1900, -385.1451, -353.3170, -341.0158, -403.7241, -384.0127,
        -318.1957, -324.7559], device='cuda:0', grad_fn=<ViewBackward0>)
value loss is 6363.81591796875, policy loss is 0.16849741339683533, reward loss is 780.5702514648438
reward tensor([ -69., -118.,  -19.,  -72.,  -51.,  -61.,  -55.,  -46.,  -43.,  -78.,
         -46.,  -22.,  -15.,  -88.,  -83.,  -43.,  -72.,  -68.,  -94.,  -74.],
       device='cuda:0'), pred reward tensor([-32.9483, -35.8543, -31.0222, -40.7503, -33.6154, -36.1502, -32.1309,
        -41.9127, -31.6852, -35.2568, -37.4778, -39.8356, -36.2024, -31.7019,
        -30.6590, -36.8962, -37.0243, -37.4914, -40.4630, -38.1076],
       device='cuda:0', grad_fn=<ViewBackward0>)
value is tensor([-325., -331., -395., -330., -273., -277., -266., -241., -275., -347.,
        -313., -305., -329., -323., -283., -274., -346., -314., -303., -276.],
       device='cuda:0'), pred value tensor([-291.2275, -296.1088, -275.4024, -246.1196, -249.4029, -239.2663,
        -373.2042, -335.7778, -390.6856, -262.3738, -332.1123, -307.9335,
        -225.1653, -267.2817, -250.6122, -360.6646, -316.7652, -324.2326,
        -304.7096, -323.7863], device='cuda:0', grad_fn=<ViewBackward0>)
value loss is 4638.20361328125, policy loss is 0.06397737562656403, reward loss is 1283.9146728515625
reward tensor([ -69., -118.,  -19.,  -72.,  -51.,  -61.,  -55.,  -46.,  -43.,  -78.,
         -46.,  -22.,  -15.,  -88.,  -83.,  -43.,  -72.,  -68.,  -94.,  -74.],
       device='cuda:0'), pred reward tensor([-28.1029, -25.9962, -27.3659, -27.9505, -24.6256, -28.3200, -33.1554,
        -24.0255, -24.6665, -32.4598, -27.4681, -27.1890, -22.5578, -22.3536,
        -28.5156, -23.1393, -36.4407, -24.7746, -21.7403, -31.2191],
       device='cuda:0', grad_fn=<ViewBackward0>)
value is tensor([-325., -331., -395., -330., -273., -277., -266., -241., -275., -347.,
        -313., -305., -329., -323., -283., -274., -346., -314., -303., -276.],
       device='cuda:0'), pred value tensor([-253.0279, -265.8515, -228.6220, -208.8374, -267.3700, -200.3107,
        -287.0938, -224.8630, -215.6299, -251.1828, -227.1022, -287.2846,
        -244.3366, -248.5863, -205.3793, -240.2176, -208.2534, -242.8489,
        -245.8701, -237.8606], device='cuda:0', grad_fn=<ViewBackward0>)
value loss is 6371.458984375, policy loss is 0.05790286138653755, reward loss is 1778.2908935546875
reward tensor([ -69., -118.,  -19.,  -72.,  -51.,  -61.,  -55.,  -46.,  -43.,  -78.,
         -46.,  -22.,  -15.,  -88.,  -83.,  -43.,  -72.,  -68.,  -94.,  -74.],
       device='cuda:0'), pred reward tensor([-26.0716, -24.0254, -25.0540, -22.2247, -22.6147, -28.4545, -29.4920,
        -26.0569, -28.1886, -30.4346, -24.1915, -26.3463, -26.0820, -20.4188,
        -26.6813, -23.4857, -24.9639, -32.0902, -33.6240, -28.7337],
       device='cuda:0', grad_fn=<ViewBackward0>)
value is tensor([-325., -331., -395., -330., -273., -277., -266., -241., -275., -347.,
        -313., -305., -329., -323., -283., -274., -346., -314., -303., -276.],
       device='cuda:0'), pred value tensor([-251.5285, -246.8190, -223.9825, -199.3478, -173.9289, -213.1221,
        -235.5661, -194.0533, -200.0708, -239.2400, -244.8321, -212.1720,
        -183.3715, -221.9428, -225.1476, -282.0113, -223.8634, -251.7087,
        -204.5481, -232.4371], device='cuda:0', grad_fn=<ViewBackward0>)
value loss is 8576.8505859375, policy loss is 0.0587502047419548, reward loss is 1825.841064453125
reward tensor([ -69., -118.,  -19.,  -72.,  -51.,  -61.,  -55.,  -46.,  -43.,  -78.,
         -46.,  -22.,  -15.,  -88.,  -83.,  -43.,  -72.,  -68.,  -94.,  -74.],
       device='cuda:0'), pred reward tensor([-33.9870, -42.7330, -32.2037, -26.1072, -24.1892, -40.6495, -27.9530,
        -32.6253, -28.8927, -35.8099, -36.5978, -33.9570, -27.7193, -33.3199,
        -28.6507, -33.7338, -33.9792, -28.1941, -30.4666, -25.2778],
       device='cuda:0', grad_fn=<ViewBackward0>)
value is tensor([-325., -331., -395., -330., -273., -277., -266., -241., -275., -347.,
        -313., -305., -329., -323., -283., -274., -346., -314., -303., -276.],
       device='cuda:0'), pred value tensor([-249.1788, -260.0005, -239.0456, -219.2477, -219.3782, -230.3204,
        -195.6709, -246.4913, -269.7648, -234.6932, -266.1130, -204.8793,
        -263.9866, -197.1326, -205.7493, -188.0452, -266.9631, -256.9827,
        -209.0364, -225.2410], device='cuda:0', grad_fn=<ViewBackward0>)
value loss is 6829.98828125, policy loss is 0.05706537887454033, reward loss is 1452.8564453125
reward tensor([ -69., -118.,  -19.,  -72.,  -51.,  -61.,  -55.,  -46.,  -43.,  -78.,
         -46.,  -22.,  -15.,  -88.,  -83.,  -43.,  -72.,  -68.,  -94.,  -74.],
       device='cuda:0'), pred reward tensor([-31.7562, -34.3789, -41.0471, -38.9988, -44.9770, -42.5197, -46.9404,
        -42.4357, -46.8620, -46.4307, -43.7249, -47.0066, -47.4258, -48.1695,
        -45.9731, -41.1822, -46.1155, -42.2029, -47.4738, -41.4328],
       device='cuda:0', grad_fn=<ViewBackward0>)
value is tensor([-325., -331., -395., -330., -273., -277., -266., -241., -275., -347.,
        -313., -305., -329., -323., -283., -274., -346., -314., -303., -276.],
       device='cuda:0'), pred value tensor([-239.1806, -219.7597, -306.0817, -276.1028, -274.9722, -270.6307,
        -321.3746, -270.5271, -232.3767, -320.6570, -324.1021, -272.8019,
        -279.7776, -280.4513, -277.3419, -221.9914, -295.1971, -298.4589,
        -278.5458, -239.1325], device='cuda:0', grad_fn=<ViewBackward0>)
value loss is 2497.69482421875, policy loss is 0.07404162734746933, reward loss is 1031.2618408203125
reward tensor([ -69., -118.,  -19.,  -72.,  -51.,  -61.,  -55.,  -46.,  -43.,  -78.,
         -46.,  -22.,  -15.,  -88.,  -83.,  -43.,  -72.,  -68.,  -94.,  -74.],
       device='cuda:0'), pred reward tensor([-51.6165, -50.7009, -60.5028, -92.4172, -54.4671, -55.1893, -63.3418,
        -68.8304, -52.9238, -63.2568, -75.8322, -65.4806, -66.2615, -57.1072,
        -69.8256, -63.5520, -65.5249, -57.9108, -69.5270, -54.8654],
       device='cuda:0', grad_fn=<ViewBackward0>)
value is tensor([-325., -331., -395., -330., -273., -277., -266., -241., -275., -347.,
        -313., -305., -329., -323., -283., -274., -346., -314., -303., -276.],
       device='cuda:0'), pred value tensor([-354.5556, -332.0341, -287.1641, -340.6050, -307.4518, -310.7479,
        -361.6964, -313.6745, -297.7133, -302.2703, -345.5508, -382.5279,
        -324.2378, -284.4625, -403.7341, -318.4911, -334.6506, -338.4491,
        -332.0114, -302.7281], device='cuda:0', grad_fn=<ViewBackward0>)
value loss is 2965.714111328125, policy loss is 0.07902594655752182, reward loss is 799.5247802734375
reward tensor([ -69., -118.,  -19.,  -72.,  -51.,  -61.,  -55.,  -46.,  -43.,  -78.,
         -46.,  -22.,  -15.,  -88.,  -83.,  -43.,  -72.,  -68.,  -94.,  -74.],
       device='cuda:0'), pred reward tensor([ -68.3883,  -72.3890,  -77.3406,  -61.3511,  -97.4815,  -73.8428,
         -90.0782,  -86.2657,  -67.6763, -103.1456,  -77.4830,  -76.7079,
         -59.2970,  -68.6277,  -89.3068,  -65.9050,  -77.7822,  -95.4628,
         -80.2273,  -79.9310], device='cuda:0', grad_fn=<ViewBackward0>)
value is tensor([-325., -331., -395., -330., -273., -277., -266., -241., -275., -347.,
        -313., -305., -329., -323., -283., -274., -346., -314., -303., -276.],
       device='cuda:0'), pred value tensor([-306.9422, -333.0840, -358.0357, -367.9973, -417.9849, -325.1521,
        -420.6711, -467.0287, -258.0780, -349.0569, -404.9844, -351.6243,
        -396.5999, -297.8559, -334.9149, -307.3456, -302.7576, -393.0429,
        -320.9308, -451.3593], device='cuda:0', grad_fn=<ViewBackward0>)
value loss is 8030.83203125, policy loss is 0.08211196213960648, reward loss is 995.7415161132812
reward tensor([ -69., -118.,  -19.,  -72.,  -51.,  -61.,  -55.,  -46.,  -43.,  -78.,
         -46.,  -22.,  -15.,  -88.,  -83.,  -43.,  -72.,  -68.,  -94.,  -74.],
       device='cuda:0'), pred reward tensor([-90.0165, -88.9135, -79.8150, -66.5783, -68.0670, -76.1727, -80.1871,
        -73.9058, -78.4947, -92.5259, -92.5859, -82.7135, -73.1896, -65.7091,
        -96.7406, -70.9577, -90.7625, -78.0489, -77.8057, -76.1292],
       device='cuda:0', grad_fn=<ViewBackward0>)
value is tensor([-325., -331., -395., -330., -273., -277., -266., -241., -275., -347.,
        -313., -305., -329., -323., -283., -274., -346., -314., -303., -276.],
       device='cuda:0'), pred value tensor([-302.9075, -346.5800, -327.6800, -415.9183, -395.7766, -349.5476,
        -406.6783, -343.6111, -319.1169, -346.9633, -339.4378, -379.2292,
        -435.8682, -302.9813, -311.6133, -379.6418, -415.5826, -344.5130,
        -327.4447, -323.0116], device='cuda:0', grad_fn=<ViewBackward0>)
value loss is 5191.87646484375, policy loss is 0.08928340673446655, reward loss is 992.52978515625
reward tensor([ -69., -118.,  -19.,  -72.,  -51.,  -61.,  -55.,  -46.,  -43.,  -78.,
         -46.,  -22.,  -15.,  -88.,  -83.,  -43.,  -72.,  -68.,  -94.,  -74.],
       device='cuda:0'), pred reward tensor([-64.8061, -73.8957, -78.5273, -61.8532, -68.9120, -66.0998, -88.0814,
        -96.8892, -61.6822, -75.0778, -65.4186, -89.7482, -64.1871, -57.5355,
        -72.4119, -75.9122, -60.6948, -73.9587, -89.6185, -74.3796],
       device='cuda:0', grad_fn=<ViewBackward0>)
value is tensor([-325., -331., -395., -330., -273., -277., -266., -241., -275., -347.,
        -313., -305., -329., -323., -283., -274., -346., -314., -303., -276.],
       device='cuda:0'), pred value tensor([-290.7081, -278.2125, -289.8406, -285.6732, -338.1105, -336.3665,
        -335.8758, -307.9762, -309.4190, -268.2048, -341.8463, -304.2537,
        -291.3573, -296.8891, -319.9667, -299.8398, -331.0945, -298.6275,
        -369.6187, -273.3694], device='cuda:0', grad_fn=<ViewBackward0>)
value loss is 2569.02392578125, policy loss is 0.10004337131977081, reward loss is 984.5035400390625
reward tensor([ -69., -118.,  -19.,  -72.,  -51.,  -61.,  -55.,  -46.,  -43.,  -78.,
         -46.,  -22.,  -15.,  -88.,  -83.,  -43.,  -72.,  -68.,  -94.,  -74.],
       device='cuda:0'), pred reward tensor([-54.5499, -60.9346, -49.1695, -65.7728, -61.5865, -69.2962, -62.8459,
        -67.9051, -57.9106, -54.7748, -54.7756, -57.4913, -65.6811, -67.5243,
        -66.7371, -52.8437, -60.5077, -71.8873, -63.6398, -51.0670],
       device='cuda:0', grad_fn=<ViewBackward0>)
value is tensor([-325., -331., -395., -330., -273., -277., -266., -241., -275., -347.,
        -313., -305., -329., -323., -283., -274., -346., -314., -303., -276.],
       device='cuda:0'), pred value tensor([-254.9187, -281.2323, -250.2416, -272.9439, -257.7812, -268.2271,
        -253.4309, -298.4234, -269.6432, -278.3130, -316.9237, -247.6726,
        -290.0294, -271.2771, -229.5418, -264.1685, -346.6059, -343.2581,
        -271.2363, -267.8282], device='cuda:0', grad_fn=<ViewBackward0>)
value loss is 2624.577880859375, policy loss is 0.09530878812074661, reward loss is 608.9490356445312
reward tensor([ -69., -118.,  -19.,  -72.,  -51.,  -61.,  -55.,  -46.,  -43.,  -78.,
         -46.,  -22.,  -15.,  -88.,  -83.,  -43.,  -72.,  -68.,  -94.,  -74.],
       device='cuda:0'), pred reward tensor([-44.7161, -54.6150, -50.1231, -44.9181, -50.7073, -46.8104, -57.1351,
        -47.3084, -38.5661, -52.9436, -63.4794, -47.0931, -57.7432, -55.9352,
        -54.9850, -60.8661, -59.7364, -58.6876, -55.1178, -45.6955],
       device='cuda:0', grad_fn=<ViewBackward0>)
value is tensor([-325., -331., -395., -330., -273., -277., -266., -241., -275., -347.,
        -313., -305., -329., -323., -283., -274., -346., -314., -303., -276.],
       device='cuda:0'), pred value tensor([-235.6086, -230.2037, -235.3807, -223.6138, -271.8156, -290.3658,
        -279.5812, -301.3342, -253.3113, -284.2521, -295.5501, -296.8939,
        -295.9245, -223.9039, -236.9940, -225.1697, -233.7846, -298.8120,
        -249.6927, -252.6186], device='cuda:0', grad_fn=<ViewBackward0>)
value loss is 4767.80029296875, policy loss is 0.09305436164140701, reward loss is 730.4537963867188
reward tensor([ -69., -118.,  -19.,  -72.,  -51.,  -61.,  -55.,  -46.,  -43.,  -78.,
         -46.,  -22.,  -15.,  -88.,  -83.,  -43.,  -72.,  -68.,  -94.,  -74.],
       device='cuda:0'), pred reward tensor([-43.4051, -50.6974, -48.8993, -45.9517, -42.2671, -44.8360, -54.3011,
        -49.6009, -48.5561, -49.1823, -39.7280, -51.1906, -54.1079, -44.7766,
        -43.6565, -48.5415, -52.0530, -53.7665, -57.1587, -45.8762],
       device='cuda:0', grad_fn=<ViewBackward0>)
value is tensor([-325., -331., -395., -330., -273., -277., -266., -241., -275., -347.,
        -313., -305., -329., -323., -283., -274., -346., -314., -303., -276.],
       device='cuda:0'), pred value tensor([-229.1657, -253.2457, -294.0521, -254.7667, -286.5538, -272.0409,
        -246.5359, -247.2879, -249.5169, -238.6356, -291.5132, -290.9694,
        -245.7560, -286.7149, -280.6851, -200.7786, -250.9679, -309.0299,
        -282.2759, -242.2998], device='cuda:0', grad_fn=<ViewBackward0>)
value loss is 3449.59033203125, policy loss is 0.09934434294700623, reward loss is 829.2994995117188
reward tensor([ -69., -118.,  -19.,  -72.,  -51.,  -61.,  -55.,  -46.,  -43.,  -78.,
         -46.,  -22.,  -15.,  -88.,  -83.,  -43.,  -72.,  -68.,  -94.,  -74.],
       device='cuda:0'), pred reward tensor([-51.0611, -45.2991, -39.6618, -52.3382, -45.9932, -46.4717, -50.6363,
        -47.3224, -49.4577, -58.1695, -60.0767, -55.5374, -46.6286, -43.5919,
        -44.9030, -40.9017, -54.8794, -45.4800, -58.4987, -42.6138],
       device='cuda:0', grad_fn=<ViewBackward0>)
value is tensor([-325., -331., -395., -330., -273., -277., -266., -241., -275., -347.,
        -313., -305., -329., -323., -283., -274., -346., -314., -303., -276.],
       device='cuda:0'), pred value tensor([-243.2196, -255.6259, -293.5297, -269.8708, -288.9783, -248.2846,
        -341.6691, -332.9206, -214.2948, -426.9326, -340.4361, -298.6964,
        -248.1701, -295.3818, -245.9159, -260.6546, -260.3103, -287.0604,
        -285.0742, -231.2050], device='cuda:0', grad_fn=<ViewBackward0>)
value loss is 3582.44384765625, policy loss is 0.10070747882127762, reward loss is 795.4721069335938
reward tensor([ -69., -118.,  -19.,  -72.,  -51.,  -61.,  -55.,  -46.,  -43.,  -78.,
         -46.,  -22.,  -15.,  -88.,  -83.,  -43.,  -72.,  -68.,  -94.,  -74.],
       device='cuda:0'), pred reward tensor([-42.1126, -50.6304, -60.0014, -42.9126, -49.8961, -50.6130, -59.0472,
        -49.5757, -45.6466, -70.1917, -50.6153, -53.4376, -41.4158, -53.2225,
        -62.1409, -48.8952, -55.8021, -60.6921, -60.3410, -51.3550],
       device='cuda:0', grad_fn=<ViewBackward0>)
value is tensor([-325., -331., -395., -330., -273., -277., -266., -241., -275., -347.,
        -313., -305., -329., -323., -283., -274., -346., -314., -303., -276.],
       device='cuda:0'), pred value tensor([-300.1222, -246.8740, -320.7118, -365.2885, -279.3711, -300.7951,
        -386.3417, -287.0509, -294.7175, -297.6019, -324.9983, -294.2661,
        -269.8971, -259.7861, -289.7255, -268.2916, -403.3122, -341.5443,
        -345.0603, -292.8127], device='cuda:0', grad_fn=<ViewBackward0>)
value loss is 2420.99609375, policy loss is 0.08929193019866943, reward loss is 667.1644897460938
reward tensor([ -69., -118.,  -19.,  -72.,  -51.,  -61.,  -55.,  -46.,  -43.,  -78.,
         -46.,  -22.,  -15.,  -88.,  -83.,  -43.,  -72.,  -68.,  -94.,  -74.],
       device='cuda:0'), pred reward tensor([-58.7509, -48.4454, -51.6353, -61.8169, -52.0764, -43.2690, -70.2586,
        -48.2543, -54.6057, -56.9827, -63.8758, -59.1362, -57.5161, -48.4336,
        -68.4702, -44.7059, -69.2766, -54.5426, -57.0169, -65.1620],
       device='cuda:0', grad_fn=<ViewBackward0>)
value is tensor([-325., -331., -395., -330., -273., -277., -266., -241., -275., -347.,
        -313., -305., -329., -323., -283., -274., -346., -314., -303., -276.],
       device='cuda:0'), pred value tensor([-247.1178, -323.1394, -316.5589, -318.1203, -312.1651, -303.3177,
        -329.1698, -342.1565, -306.9875, -412.4691, -410.2386, -345.1501,
        -362.2325, -253.8745, -341.3767, -356.1293, -299.5340, -356.0724,
        -412.4712, -260.8127], device='cuda:0', grad_fn=<ViewBackward0>)
value loss is 3871.374267578125, policy loss is 0.1007172167301178, reward loss is 708.08447265625
kl:0.00003,lr_multiplier:11.391,loss:4579.5595703125,entropy:1.8088941533165424e-30,explained_var_old:-0.198,explained_var_new:-2.096
state_batch: [<state.MappingState object at 0x7f94ac4515e0>, <state.MappingState object at 0x7f94ace35d00>, <state.MappingState object at 0x7f94e0d09c40>, <state.MappingState object at 0x7f94ac0fc3a0>, <state.MappingState object at 0x7f94ac4515e0>, <state.MappingState object at 0x7f94a4262c70>, <state.MappingState object at 0x7f94ac113640>, <state.MappingState object at 0x7f94ac0fc3a0>, <state.MappingState object at 0x7f94ac0fc3a0>, <state.MappingState object at 0x7f94ace35d00>, <state.MappingState object at 0x7f94ac0fd820>, <state.MappingState object at 0x7f94ac4515e0>, <state.MappingState object at 0x7f94ace35d00>, <state.MappingState object at 0x7f94ac4515e0>, <state.MappingState object at 0x7f94ac0fc3a0>, <state.MappingState object at 0x7f94ace35d00>, <state.MappingState object at 0x7f94e01442b0>, <state.MappingState object at 0x7f94ac0fd820>, <state.MappingState object at 0x7f94ac113640>, <state.MappingState object at 0x7f94e0d09c40>]
value loss is 53617.5078125, policy loss is 31.20692253112793
value loss is 21348.3828125, policy loss is 24.048181533813477
value loss is 6464.08447265625, policy loss is 15.173713684082031
value loss is 5636.60498046875, policy loss is 10.283530235290527
value loss is 7829.9970703125, policy loss is 10.327048301696777
value loss is 9553.943359375, policy loss is 10.806251525878906
value loss is 11439.7275390625, policy loss is 11.232185363769531
value loss is 12517.759765625, policy loss is 11.467914581298828
value loss is 13393.9833984375, policy loss is 11.641942024230957
value loss is 13876.5234375, policy loss is 11.737508773803711
value loss is 14161.1640625, policy loss is 11.811888694763184
value loss is 14325.4814453125, policy loss is 11.826215744018555
value loss is 14474.1875, policy loss is 11.82383918762207
value loss is 14553.7705078125, policy loss is 11.78588581085205
value loss is 14588.6005859375, policy loss is 11.718522071838379
value loss is 14614.7998046875, policy loss is 11.592772483825684
value loss is 14598.21875, policy loss is 11.365050315856934
value loss is 14415.3017578125, policy loss is 10.684197425842285
value loss is 14017.9013671875, policy loss is 9.475932121276855
value loss is 12585.267578125, policy loss is 6.910958290100098
kl:0.00075,lr_multiplier:11.391,loss:12592.1787109375,entropy:0.533407986164093,explained_var_old:-0.434,explained_var_new:-0.045
current batch: 11
313
Mask initialization completed successfully
action type is <class 'numpy.int64'>
pre_reward is 0
WARNING: the state has no route legal actions
action type is <class 'numpy.int64'>
action type is <class 'numpy.int64'>
pre_reward is -1
WARNING: the state has no route legal actions
action type is <class 'numpy.int64'>
pre_reward is -2
WARNING: the state has no route legal actions
action type is <class 'numpy.int64'>
pre_reward is -3
WARNING: the state has no route legal actions
pre_reward is -4
cur reward is 80
action type is <class 'numpy.int64'>
pre_reward is -84
WARNING: the state has no route legal actions
pre_reward is -85
WARNING: the state don't need to route actions
pre_reward is -191
cur reward is 102
pre_reward is -293
WARNING: the state don't need to route actions
pre_reward is -395
WARNING: the state don't need to route actions
WARNING: the state has no legal actions
cur move is -1
the mapping is success
current latency: 433.0
313
Mask initialization completed successfully
action type is <class 'numpy.int64'>
pre_reward is 0
WARNING: the state has no route legal actions
action type is <class 'numpy.int64'>
action type is <class 'numpy.int64'>
pre_reward is -1
WARNING: the state has no route legal actions
action type is <class 'numpy.int64'>
pre_reward is -2
WARNING: the state has no route legal actions
action type is <class 'numpy.int64'>
pre_reward is -3
WARNING: the state has no route legal actions
action type is <class 'numpy.int64'>
pre_reward is -4
WARNING: the state has no route legal actions
pre_reward is -5
cur reward is 87
pre_reward is -92
cur reward is 80
pre_reward is -172
WARNING: the state don't need to route actions
pre_reward is -280
WARNING: the state don't need to route actions
pre_reward is -357
cur reward is 11
WARNING: the state has no legal actions
cur move is -1
the mapping is success
collect data... | current latency: -368
reward tensor([-51., -55., -49., -62., -60., -22., -27., -74.,  -5., -72., -67., -43.,
        -46., -43., -19., -78., -20., -78., -61., -70.], device='cuda:0'), pred reward tensor([ 6.9641, 11.3691,  8.2415,  9.9508,  4.8398,  5.6257,  4.2878,  0.2856,
         6.3832,  6.5518,  4.2025,  3.6860,  5.5229,  6.6020,  6.1373,  7.3123,
         7.4851,  5.0614,  3.7544,  6.9029], device='cuda:0',
       grad_fn=<ViewBackward0>)
value is tensor([-273., -266., -267., -332., -268., -305., -324., -276., -188., -330.,
        -189., -275., -241., -274., -395., -347., -190., -284., -277., -239.],
       device='cuda:0'), pred value tensor([-19.9644, -21.1554, -31.9014, -28.9814, -23.7025, -37.1323, -24.1594,
        -21.7860, -19.4492, -33.7329, -19.4575, -30.3725, -44.3512, -16.9195,
        -28.6873, -26.1404, -13.4868, -29.3408, -30.9014, -27.7939],
       device='cuda:0', grad_fn=<ViewBackward0>)
value loss is 65243.98828125, policy loss is 0.3764335811138153, reward loss is 3600.952392578125
reward tensor([-51., -55., -49., -62., -60., -22., -27., -74.,  -5., -72., -67., -43.,
        -46., -43., -19., -78., -20., -78., -61., -70.], device='cuda:0'), pred reward tensor([-10.3586, -10.6141,  -9.9224, -13.9360, -17.0295, -10.9832, -11.1220,
        -17.2812, -12.4680, -11.9410,  -9.2898,  -8.5770, -15.6202,  -8.8756,
        -12.2333, -14.5062,  -7.4135, -10.0626,  -9.7633, -12.8128],
       device='cuda:0', grad_fn=<ViewBackward0>)
value is tensor([-273., -266., -267., -332., -268., -305., -324., -276., -188., -330.,
        -189., -275., -241., -274., -395., -347., -190., -284., -277., -239.],
       device='cuda:0'), pred value tensor([-53.0797, -60.2635, -58.8266, -54.1315, -47.5973, -39.3023, -62.9754,
        -46.7382, -43.0615, -35.7558, -44.2348, -47.4580, -37.7692, -36.1835,
        -59.2672, -50.8106, -39.2712, -66.1872, -35.4916, -61.4045],
       device='cuda:0', grad_fn=<ViewBackward0>)
value loss is 54487.9140625, policy loss is 0.35878652334213257, reward loss is 1895.419921875
reward tensor([-51., -55., -49., -62., -60., -22., -27., -74.,  -5., -72., -67., -43.,
        -46., -43., -19., -78., -20., -78., -61., -70.], device='cuda:0'), pred reward tensor([-52.2556, -57.4418, -69.5869, -73.5282, -72.9569, -57.4520, -71.3982,
        -62.4836, -49.7379, -51.3491, -48.4039, -47.7083, -49.9079, -59.4305,
        -55.1819, -65.4074, -38.7330, -63.4644, -60.3599, -66.4201],
       device='cuda:0', grad_fn=<ViewBackward0>)
value is tensor([-273., -266., -267., -332., -268., -305., -324., -276., -188., -330.,
        -189., -275., -241., -274., -395., -347., -190., -284., -277., -239.],
       device='cuda:0'), pred value tensor([ -73.9177, -131.9242, -146.1303,  -90.8399, -115.5435, -112.1038,
        -109.5682, -107.1185, -120.5114, -141.8365,  -76.5633,  -74.8856,
         -68.4408,  -80.8948, -142.1041, -132.3496, -118.7591, -136.0954,
         -94.0880, -102.8049], device='cuda:0', grad_fn=<ViewBackward0>)
value loss is 30701.701171875, policy loss is 0.3069148659706116, reward loss is 460.85504150390625
reward tensor([-51., -55., -49., -62., -60., -22., -27., -74.,  -5., -72., -67., -43.,
        -46., -43., -19., -78., -20., -78., -61., -70.], device='cuda:0'), pred reward tensor([-104.1891, -177.3343, -204.2692, -122.3338, -158.1334, -129.4896,
        -178.6304, -119.5321,  -92.0837, -106.1646, -100.4445, -152.7514,
        -125.1830,  -88.5021, -153.2771, -177.3112, -115.6612, -117.4379,
        -129.5499, -148.6013], device='cuda:0', grad_fn=<ViewBackward0>)
value is tensor([-273., -266., -267., -332., -268., -305., -324., -276., -188., -330.,
        -189., -275., -241., -274., -395., -347., -190., -284., -277., -239.],
       device='cuda:0'), pred value tensor([-223.9618, -348.3947, -303.4773, -220.7690, -235.5489, -281.5887,
        -214.9767, -237.3580, -204.0728, -260.6682, -158.2454, -190.7951,
        -312.3075, -287.1117, -176.2352, -369.0244, -233.2594, -395.1287,
        -184.8649, -220.5219], device='cuda:0', grad_fn=<ViewBackward0>)
value loss is 6381.48046875, policy loss is 0.17480874061584473, reward loss is 8576.220703125
reward tensor([-51., -55., -49., -62., -60., -22., -27., -74.,  -5., -72., -67., -43.,
        -46., -43., -19., -78., -20., -78., -61., -70.], device='cuda:0'), pred reward tensor([ -79.9942, -127.7455, -129.6243,  -95.4996,  -90.4242, -133.9221,
         -92.1182,  -87.9095,  -45.4521, -107.6927,  -61.4203, -104.5435,
        -105.5287,  -99.9354,  -86.5961, -137.3255,  -87.9488,  -96.0508,
         -84.6453,  -84.8818], device='cuda:0', grad_fn=<ViewBackward0>)
value is tensor([-273., -266., -267., -332., -268., -305., -324., -276., -188., -330.,
        -189., -275., -241., -274., -395., -347., -190., -284., -277., -239.],
       device='cuda:0'), pred value tensor([-520.7353, -381.1710, -369.8117, -421.4984, -515.3254, -478.3120,
        -372.1307, -373.4106, -431.0711, -629.7969, -452.0565, -285.8596,
        -719.5042, -582.4415, -433.2593, -444.4276, -322.7650, -443.9355,
        -359.6889, -404.1172], device='cuda:0', grad_fn=<ViewBackward0>)
value loss is 41343.671875, policy loss is 0.10330862551927567, reward loss is 2948.384521484375
reward tensor([-51., -55., -49., -62., -60., -22., -27., -74.,  -5., -72., -67., -43.,
        -46., -43., -19., -78., -20., -78., -61., -70.], device='cuda:0'), pred reward tensor([-30.0688, -25.5991, -31.3591, -40.4629, -37.8184, -31.2229, -38.9769,
        -27.7916, -34.0318, -38.3623, -22.5107, -28.5606, -43.3896, -33.2571,
        -30.0510, -34.4076, -23.6401, -32.0484, -21.0546, -37.9092],
       device='cuda:0', grad_fn=<ViewBackward0>)
value is tensor([-273., -266., -267., -332., -268., -305., -324., -276., -188., -330.,
        -189., -275., -241., -274., -395., -347., -190., -284., -277., -239.],
       device='cuda:0'), pred value tensor([-375.9740, -298.5779, -431.9254, -269.6224, -330.2668, -354.5815,
        -297.2181, -266.3167, -207.7897, -284.4476, -155.1293, -260.5632,
        -349.1778, -288.0839, -285.5386, -371.2862, -251.7771, -329.6270,
        -343.6037, -365.1734], device='cuda:0', grad_fn=<ViewBackward0>)
value loss is 5222.57763671875, policy loss is 0.09745722264051437, reward loss is 798.4938354492188
reward tensor([-51., -55., -49., -62., -60., -22., -27., -74.,  -5., -72., -67., -43.,
        -46., -43., -19., -78., -20., -78., -61., -70.], device='cuda:0'), pred reward tensor([ -5.1090,  -5.7246,  -5.3906,  -6.7566, -11.4424,  -9.7497,  -6.8579,
         -8.6163,  -5.3483,  -6.7167,  -7.9223,  -8.4455,  -9.7577,  -5.8957,
         -7.2922,  -9.0871,  -4.9621,  -8.4172,  -6.4949,  -6.7951],
       device='cuda:0', grad_fn=<ViewBackward0>)
value is tensor([-273., -266., -267., -332., -268., -305., -324., -276., -188., -330.,
        -189., -275., -241., -274., -395., -347., -190., -284., -277., -239.],
       device='cuda:0'), pred value tensor([-131.0951, -239.4232, -296.5216, -176.5855, -251.6497, -242.7206,
        -233.7657, -182.7423, -163.0748, -297.4105, -113.0899, -232.5800,
        -211.1824, -140.8970, -277.7104, -223.8186, -169.2398, -251.4794,
        -149.8454, -211.9400], device='cuda:0', grad_fn=<ViewBackward0>)
value loss is 7101.20263671875, policy loss is 0.08689799159765244, reward loss is 2261.619140625
reward tensor([-51., -55., -49., -62., -60., -22., -27., -74.,  -5., -72., -67., -43.,
        -46., -43., -19., -78., -20., -78., -61., -70.], device='cuda:0'), pred reward tensor([-0.3242, -1.0407, -1.1282, -1.5978, -2.2028, -1.3335, -2.2166, -3.3247,
        -2.1300, -0.5732, -1.1783, -1.9104, -2.0394, -0.3924, -0.6749, -1.3319,
        -2.4000, -2.8303, -2.5427, -1.6218], device='cuda:0',
       grad_fn=<ViewBackward0>)
value is tensor([-273., -266., -267., -332., -268., -305., -324., -276., -188., -330.,
        -189., -275., -241., -274., -395., -347., -190., -284., -277., -239.],
       device='cuda:0'), pred value tensor([-141.0917, -204.2179, -186.3547, -235.8120, -166.6322, -202.0567,
        -274.6371, -124.2861, -155.3609, -204.6358, -116.7577, -205.6273,
        -147.1539, -198.4254, -157.6617, -174.1837, -115.2237, -168.6986,
        -132.1698, -263.7913], device='cuda:0', grad_fn=<ViewBackward0>)
value loss is 12565.1005859375, policy loss is 0.07934307307004929, reward loss is 2797.117431640625
reward tensor([-51., -55., -49., -62., -60., -22., -27., -74.,  -5., -72., -67., -43.,
        -46., -43., -19., -78., -20., -78., -61., -70.], device='cuda:0'), pred reward tensor([-1.1007,  0.4214, -1.2973, -1.4834, -0.9075, -1.7511, -1.3316, -3.1482,
        -1.6096,  0.5817, -0.8022, -2.0326, -1.4704,  0.4993,  0.1899, -0.6830,
        -0.0066, -0.6796, -0.8082, -0.7385], device='cuda:0',
       grad_fn=<ViewBackward0>)
value is tensor([-273., -266., -267., -332., -268., -305., -324., -276., -188., -330.,
        -189., -275., -241., -274., -395., -347., -190., -284., -277., -239.],
       device='cuda:0'), pred value tensor([-161.6311, -248.8215, -213.9455, -132.8537, -184.8854, -183.2800,
        -133.3997, -131.4447,  -80.9695, -161.7986, -126.8595, -126.4947,
        -210.9080, -149.5819, -167.4363, -250.8511, -140.0871, -195.8876,
        -144.7435, -163.7146], device='cuda:0', grad_fn=<ViewBackward0>)
value loss is 15530.65625, policy loss is 0.08645199239253998, reward loss is 2871.98828125
reward tensor([-51., -55., -49., -62., -60., -22., -27., -74.,  -5., -72., -67., -43.,
        -46., -43., -19., -78., -20., -78., -61., -70.], device='cuda:0'), pred reward tensor([-4.0124, -1.3554, -3.2755, -2.6448, -4.0892, -3.7403, -2.8722, -5.6442,
        -1.8579, -2.3308, -3.6899, -5.9362, -3.3120, -2.1697, -2.1474, -2.3739,
        -1.5961, -4.1661, -2.8186, -4.1058], device='cuda:0',
       grad_fn=<ViewBackward0>)
value is tensor([-273., -266., -267., -332., -268., -305., -324., -276., -188., -330.,
        -189., -275., -241., -274., -395., -347., -190., -284., -277., -239.],
       device='cuda:0'), pred value tensor([-248.8135, -193.0381, -210.3983, -139.7059, -330.9249, -168.4478,
        -210.7564, -171.1553, -218.3796, -156.4386, -183.6993, -249.6621,
        -224.8199, -153.7255, -190.0285, -272.4671, -219.6232, -193.1683,
        -154.2117, -175.8025], device='cuda:0', grad_fn=<ViewBackward0>)
value loss is 10736.1708984375, policy loss is 0.06665666401386261, reward loss is 2633.448486328125
reward tensor([-51., -55., -49., -62., -60., -22., -27., -74.,  -5., -72., -67., -43.,
        -46., -43., -19., -78., -20., -78., -61., -70.], device='cuda:0'), pred reward tensor([ -4.8565,  -7.2772,  -5.6279,  -8.3801,  -8.7962,  -6.8994,  -8.9228,
         -7.8591,  -5.1272,  -5.0771,  -6.0398,  -7.8368, -10.1086,  -5.4618,
         -7.3801,  -6.7717,  -7.1621,  -7.7437,  -6.8688,  -7.9431],
       device='cuda:0', grad_fn=<ViewBackward0>)
value is tensor([-273., -266., -267., -332., -268., -305., -324., -276., -188., -330.,
        -189., -275., -241., -274., -395., -347., -190., -284., -277., -239.],
       device='cuda:0'), pred value tensor([-192.6749, -240.6144, -342.7695, -362.7720, -242.9255, -307.0911,
        -201.8979, -289.6158, -177.7338, -277.5012, -234.1462, -229.9281,
        -248.5881, -233.7384, -232.6688, -384.4265, -220.1567, -318.8282,
        -295.8582, -223.9071], device='cuda:0', grad_fn=<ViewBackward0>)
value loss is 3428.984130859375, policy loss is 0.06815791130065918, reward loss is 2296.6630859375
reward tensor([-51., -55., -49., -62., -60., -22., -27., -74.,  -5., -72., -67., -43.,
        -46., -43., -19., -78., -20., -78., -61., -70.], device='cuda:0'), pred reward tensor([-14.6625, -16.5633, -15.5002, -13.2514, -21.0546, -14.9149, -14.4258,
        -16.2241, -12.0811, -13.7128, -12.2951, -14.9490, -16.6530,  -8.9249,
        -15.7598, -13.1258, -12.6008, -16.1526, -12.4148, -14.6920],
       device='cuda:0', grad_fn=<ViewBackward0>)
value is tensor([-273., -266., -267., -332., -268., -305., -324., -276., -188., -330.,
        -189., -275., -241., -274., -395., -347., -190., -284., -277., -239.],
       device='cuda:0'), pred value tensor([-235.6191, -362.6192, -356.8203, -328.7896, -305.8991, -449.3745,
        -283.9227, -427.3954, -310.6084, -363.5527, -248.7528, -369.0207,
        -301.1622, -479.3729, -301.0580, -397.0754, -251.7065, -340.2523,
        -302.3444, -262.7458], device='cuda:0', grad_fn=<ViewBackward0>)
value loss is 7974.7470703125, policy loss is 0.06314928829669952, reward loss is 1706.3736572265625
reward tensor([-51., -55., -49., -62., -60., -22., -27., -74.,  -5., -72., -67., -43.,
        -46., -43., -19., -78., -20., -78., -61., -70.], device='cuda:0'), pred reward tensor([-22.7528, -29.6145, -35.6096, -43.6181, -34.6417, -30.5609, -27.8585,
        -31.4825, -21.0271, -21.5994, -16.3611, -20.9602, -26.9816, -24.7542,
        -29.9215, -26.5933, -18.7255, -24.6018, -31.8463, -29.4154],
       device='cuda:0', grad_fn=<ViewBackward0>)
value is tensor([-273., -266., -267., -332., -268., -305., -324., -276., -188., -330.,
        -189., -275., -241., -274., -395., -347., -190., -284., -277., -239.],
       device='cuda:0'), pred value tensor([-362.4895, -441.3329, -300.1329, -367.5623, -475.2877, -469.7065,
        -266.8581, -356.7928, -317.0607, -340.1038, -248.7022, -282.5969,
        -319.2902, -288.9631, -348.5878, -456.2517, -258.2588, -343.9080,
        -224.0416, -293.9894], device='cuda:0', grad_fn=<ViewBackward0>)
value loss is 8795.1162109375, policy loss is 0.033280350267887115, reward loss is 956.9021606445312
reward tensor([-51., -55., -49., -62., -60., -22., -27., -74.,  -5., -72., -67., -43.,
        -46., -43., -19., -78., -20., -78., -61., -70.], device='cuda:0'), pred reward tensor([-41.4648, -50.0927, -46.6604, -35.5526, -47.4526, -45.6840, -41.9260,
        -42.0683, -38.3274, -45.2288, -34.4777, -47.2118, -38.2591, -42.7553,
        -52.9928, -53.0438, -31.8443, -47.1117, -42.6184, -39.3187],
       device='cuda:0', grad_fn=<ViewBackward0>)
value is tensor([-273., -266., -267., -332., -268., -305., -324., -276., -188., -330.,
        -189., -275., -241., -274., -395., -347., -190., -284., -277., -239.],
       device='cuda:0'), pred value tensor([-269.7715, -345.1332, -228.2492, -363.7339, -295.5715, -269.1245,
        -261.6991, -250.8544, -182.5419, -285.3008, -250.8897, -239.0233,
        -234.8990, -289.5332, -292.2658, -260.5788, -243.7587, -307.1292,
        -224.9552, -239.9347], device='cuda:0', grad_fn=<ViewBackward0>)
value loss is 2346.524658203125, policy loss is 0.024277323856949806, reward loss is 494.77423095703125
reward tensor([-51., -55., -49., -62., -60., -22., -27., -74.,  -5., -72., -67., -43.,
        -46., -43., -19., -78., -20., -78., -61., -70.], device='cuda:0'), pred reward tensor([-63.0604, -73.4793, -69.0669, -62.1188, -55.7061, -83.0819, -54.4828,
        -61.7090, -54.8126, -57.0583, -44.4125, -51.5085, -66.0077, -47.3887,
        -43.4253, -84.8227, -52.1203, -68.9166, -62.5215, -72.8672],
       device='cuda:0', grad_fn=<ViewBackward0>)
value is tensor([-273., -266., -267., -332., -268., -305., -324., -276., -188., -330.,
        -189., -275., -241., -274., -395., -347., -190., -284., -277., -239.],
       device='cuda:0'), pred value tensor([-290.1022, -237.3409, -279.4183, -332.1212, -320.4640, -232.3251,
        -252.0126, -236.4707, -172.7921, -315.1231, -174.8636, -263.3089,
        -295.1419, -249.0512, -227.4918, -280.8486, -159.8347, -214.3082,
        -266.4135, -227.8864], device='cuda:0', grad_fn=<ViewBackward0>)
value loss is 2941.364990234375, policy loss is 0.02901395969092846, reward loss is 551.0028686523438
reward tensor([-51., -55., -49., -62., -60., -22., -27., -74.,  -5., -72., -67., -43.,
        -46., -43., -19., -78., -20., -78., -61., -70.], device='cuda:0'), pred reward tensor([-62.8988, -92.6770, -68.5643, -73.5084, -73.1813, -67.2860, -91.5528,
        -82.1368, -55.9529, -55.6446, -52.4108, -83.2081, -73.0564, -56.6136,
        -80.1552, -78.4853, -48.3972, -78.3700, -71.3554, -78.4213],
       device='cuda:0', grad_fn=<ViewBackward0>)
value is tensor([-273., -266., -267., -332., -268., -305., -324., -276., -188., -330.,
        -189., -275., -241., -274., -395., -347., -190., -284., -277., -239.],
       device='cuda:0'), pred value tensor([-173.0143, -212.9466, -230.2952, -167.5112, -262.5925, -198.2332,
        -217.4371, -203.0614, -202.5700, -249.4936, -162.6552, -229.6130,
        -229.1529, -173.7090, -299.0329, -248.9867, -194.7668, -262.5880,
        -246.4126, -158.0226], device='cuda:0', grad_fn=<ViewBackward0>)
value loss is 5787.818359375, policy loss is 0.02950560301542282, reward loss is 943.4833984375
reward tensor([-51., -55., -49., -62., -60., -22., -27., -74.,  -5., -72., -67., -43.,
        -46., -43., -19., -78., -20., -78., -61., -70.], device='cuda:0'), pred reward tensor([-76.3628, -78.9899, -97.1856, -67.0146, -78.2327, -81.0225, -74.2128,
        -72.7366, -58.4032, -91.9299, -50.4680, -70.9494, -80.3971, -62.5385,
        -72.7586, -88.3911, -43.2199, -65.0752, -49.4365, -66.7783],
       device='cuda:0', grad_fn=<ViewBackward0>)
value is tensor([-273., -266., -267., -332., -268., -305., -324., -276., -188., -330.,
        -189., -275., -241., -274., -395., -347., -190., -284., -277., -239.],
       device='cuda:0'), pred value tensor([-205.8385, -236.4343, -265.6319, -305.5822, -268.5197, -287.8256,
        -219.6824, -199.6105, -203.4066, -202.7774, -158.0129, -205.8910,
        -230.3280, -216.5404, -197.3645, -217.6306, -189.1932, -249.9678,
        -203.1258, -280.0792], device='cuda:0', grad_fn=<ViewBackward0>)
value loss is 5638.60107421875, policy loss is 0.020069755613803864, reward loss is 966.4635620117188
reward tensor([-51., -55., -49., -62., -60., -22., -27., -74.,  -5., -72., -67., -43.,
        -46., -43., -19., -78., -20., -78., -61., -70.], device='cuda:0'), pred reward tensor([-71.4934, -60.3437, -52.9750, -84.5907, -70.4098, -77.0610, -71.2013,
        -68.9144, -65.5454, -57.8241, -47.6001, -55.6522, -66.6729, -51.9790,
        -52.0851, -76.2760, -46.3148, -54.7230, -54.7593, -56.2302],
       device='cuda:0', grad_fn=<ViewBackward0>)
value is tensor([-273., -266., -267., -332., -268., -305., -324., -276., -188., -330.,
        -189., -275., -241., -274., -395., -347., -190., -284., -277., -239.],
       device='cuda:0'), pred value tensor([-361.4300, -232.5957, -194.7410, -315.7744, -285.5099, -330.5482,
        -384.5832, -286.6959, -177.8297, -327.0917, -241.6816, -223.1653,
        -290.8868, -277.7606, -280.4101, -309.7073, -250.2773, -318.3962,
        -188.1570, -296.3142], device='cuda:0', grad_fn=<ViewBackward0>)
value loss is 2887.865966796875, policy loss is 0.03032814711332321, reward loss is 678.2973022460938
reward tensor([-51., -55., -49., -62., -60., -22., -27., -74.,  -5., -72., -67., -43.,
        -46., -43., -19., -78., -20., -78., -61., -70.], device='cuda:0'), pred reward tensor([-37.6635, -58.5881, -64.8674, -52.7190, -65.2005, -55.7953, -51.7062,
        -46.1605, -52.1133, -48.8019, -53.0091, -49.8738, -52.7029, -42.4586,
        -49.7591, -51.8910, -36.9911, -42.7680, -50.9067, -40.5182],
       device='cuda:0', grad_fn=<ViewBackward0>)
value is tensor([-273., -266., -267., -332., -268., -305., -324., -276., -188., -330.,
        -189., -275., -241., -274., -395., -347., -190., -284., -277., -239.],
       device='cuda:0'), pred value tensor([-366.3289, -330.7176, -343.4596, -245.9187, -215.1486, -368.7920,
        -359.6279, -226.9035, -192.5523, -345.7173, -213.4242, -267.9191,
        -365.5598, -294.5678, -284.0620, -410.3448, -252.1239, -246.4489,
        -232.7913, -363.5114], device='cuda:0', grad_fn=<ViewBackward0>)
value loss is 4629.83056640625, policy loss is 0.028131579980254173, reward loss is 512.90673828125
reward tensor([-51., -55., -49., -62., -60., -22., -27., -74.,  -5., -72., -67., -43.,
        -46., -43., -19., -78., -20., -78., -61., -70.], device='cuda:0'), pred reward tensor([-41.0054, -32.4090, -47.2452, -35.3573, -36.6497, -40.3175, -31.8171,
        -46.3665, -34.5845, -35.5691, -36.5906, -41.2067, -43.3330, -29.0643,
        -35.1265, -50.5675, -39.9673, -44.7949, -39.6290, -58.1778],
       device='cuda:0', grad_fn=<ViewBackward0>)
value is tensor([-273., -266., -267., -332., -268., -305., -324., -276., -188., -330.,
        -189., -275., -241., -274., -395., -347., -190., -284., -277., -239.],
       device='cuda:0'), pred value tensor([-252.8060, -273.5102, -417.5175, -261.0746, -348.9345, -296.1111,
        -255.6011, -231.8714, -232.3641, -282.4159, -183.9097, -217.0105,
        -363.0528, -244.0096, -276.7986, -297.8926, -215.1709, -246.6331,
        -217.6432, -402.0744], device='cuda:0', grad_fn=<ViewBackward0>)
value loss is 5667.60791015625, policy loss is 0.02056121826171875, reward loss is 471.64141845703125
kl:0.00000,lr_multiplier:11.391,loss:6139.27001953125,entropy:0.06007210537791252,explained_var_old:0.093,explained_var_new:-2.037
state_batch: [<state.MappingState object at 0x7f94ace35d00>, <state.MappingState object at 0x7f94ac0fc3a0>, <state.MappingState object at 0x7f94e0d09c40>, <state.MappingState object at 0x7f94ac0fc3a0>, <state.MappingState object at 0x7f94e0dcb610>, <state.MappingState object at 0x7f94e0bed9d0>, <state.MappingState object at 0x7f94e0bed9d0>, <state.MappingState object at 0x7f94e0dcb610>, <state.MappingState object at 0x7f94ac0fc3a0>, <state.MappingState object at 0x7f94e0bed9d0>, <state.MappingState object at 0x7f94e0a520d0>, <state.MappingState object at 0x7f94e0a520d0>, <state.MappingState object at 0x7f94e0dcb610>, <state.MappingState object at 0x7f94e01442b0>, <state.MappingState object at 0x7f94ac0fc3a0>, <state.MappingState object at 0x7f94ac0fc3a0>, <state.MappingState object at 0x7f94e01442b0>, <state.MappingState object at 0x7f94ac0fc3a0>, <state.MappingState object at 0x7f94e0bed9d0>, <state.MappingState object at 0x7f94ac4515e0>]
value loss is 35239.21484375, policy loss is 21.945968627929688
value loss is 12407.03125, policy loss is 15.987942695617676
value loss is 8651.6572265625, policy loss is 11.840546607971191
value loss is 10838.3193359375, policy loss is 9.566940307617188
value loss is 13806.890625, policy loss is 10.253873825073242
value loss is 17724.642578125, policy loss is 10.68295669555664
value loss is 18883.884765625, policy loss is 10.64367961883545
value loss is 19299.28515625, policy loss is 10.531045913696289
value loss is 20225.84375, policy loss is 10.242345809936523
value loss is 18896.259765625, policy loss is 9.787747383117676
value loss is 18732.095703125, policy loss is 9.182417869567871
value loss is 17069.541015625, policy loss is 8.274372100830078
value loss is 14672.4990234375, policy loss is 6.844368934631348
value loss is 11809.8896484375, policy loss is 5.998664379119873
value loss is 9045.001953125, policy loss is 5.736150741577148
value loss is 8149.57763671875, policy loss is 5.343891143798828
value loss is 9860.8623046875, policy loss is 4.845187664031982
value loss is 11495.2578125, policy loss is 4.586822509765625
value loss is 11360.271484375, policy loss is 4.964658737182617
value loss is 12475.099609375, policy loss is 5.679439544677734
kl:0.00075,lr_multiplier:11.391,loss:12480.779296875,entropy:0.0023467019200325012,explained_var_old:0.086,explained_var_new:0.063
current batch: 12
313
Mask initialization completed successfully
action type is <class 'numpy.int64'>
pre_reward is 0
WARNING: the state has no route legal actions
action type is <class 'numpy.int64'>
pre_reward is -1
WARNING: the state has no route legal actions
action type is <class 'numpy.int64'>
pre_reward is -2
WARNING: the state has no route legal actions
action type is <class 'numpy.int64'>
pre_reward is -3
WARNING: the state has no route legal actions
action type is <class 'numpy.int64'>
pre_reward is -4
WARNING: the state has no route legal actions
pre_reward is -5
cur reward is 60
pre_reward is -65
cur reward is 77
pre_reward is -142
cur reward is 29
pre_reward is -171
cur reward is 55
pre_reward is -226
cur reward is 5
WARNING: the state has no legal actions
cur move is -1
the mapping is success
current latency: 231.0
313
Mask initialization completed successfully
action type is <class 'numpy.int64'>
pre_reward is 0
WARNING: the state has no route legal actions
action type is <class 'numpy.int64'>
pre_reward is -1
WARNING: the state has no route legal actions
action type is <class 'numpy.int64'>
pre_reward is -2
WARNING: the state has no route legal actions
action type is <class 'numpy.int64'>
pre_reward is -3
WARNING: the state has no route legal actions
action type is <class 'numpy.int64'>
pre_reward is -4
WARNING: the state has no route legal actions
pre_reward is -5
cur reward is 51
pre_reward is -56
cur reward is 77
pre_reward is -133
cur reward is 21
pre_reward is -154
WARNING: the state don't need to route actions
pre_reward is -220
cur reward is 5
WARNING: the state has no legal actions
cur move is -1
the mapping is success
collect data... | current latency: -225
reward tensor([-56., -14., -74., -76., -41., -43., -46., -80., -61., -51., -15., -46.,
         -5., -72.,  -5., -68., -55., -43., -78., -20.], device='cuda:0'), pred reward tensor([-14.3855, -17.5501, -18.4877, -12.3531, -12.6500, -12.8211, -16.4930,
        -14.2968, -16.3185, -15.7896, -13.1361, -20.3062, -12.6559, -16.3698,
        -12.5107, -18.1302, -18.5712, -13.6564, -21.5530,  -9.7532],
       device='cuda:0', grad_fn=<ViewBackward0>)
value is tensor([-238., -237., -276., -192., -345., -275., -241., -367., -277., -225.,
        -329., -313., -222., -330., -188., -314., -281., -274., -347., -190.],
       device='cuda:0'), pred value tensor([-156.3374, -227.3975, -155.3334, -173.2058, -200.4404, -159.4418,
        -145.3436, -192.6953, -140.6339, -151.9921, -151.8356, -178.3481,
        -179.9991, -203.6318, -157.9850, -206.1656, -153.2993, -169.4610,
        -201.4667, -169.4321], device='cuda:0', grad_fn=<ViewBackward0>)
value loss is 12400.16796875, policy loss is 0.05584535747766495, reward loss is 1542.74658203125
reward tensor([-56., -14., -74., -76., -41., -43., -46., -80., -61., -51., -15., -46.,
         -5., -72.,  -5., -68., -55., -43., -78., -20.], device='cuda:0'), pred reward tensor([-19.0333, -14.9344, -19.9232, -13.8709, -17.9538, -13.4868, -16.0214,
        -17.7495, -15.9847, -15.9202, -13.4493, -16.4233, -12.6536, -15.4374,
        -14.5873, -19.9444, -13.0892, -13.8145, -17.3755, -13.8656],
       device='cuda:0', grad_fn=<ViewBackward0>)
value is tensor([-238., -237., -276., -192., -345., -275., -241., -367., -277., -225.,
        -329., -313., -222., -330., -188., -314., -281., -274., -347., -190.],
       device='cuda:0'), pred value tensor([-154.4049, -199.7272, -189.2286, -133.6047, -184.8836, -220.5729,
        -191.2584, -151.0508, -131.7170, -136.9210, -157.2740, -192.3788,
        -166.9572, -191.1129, -144.6069, -185.9193, -192.3321, -143.8447,
        -184.1725, -157.4407], device='cuda:0', grad_fn=<ViewBackward0>)
value loss is 13145.5595703125, policy loss is 0.05090652033686638, reward loss is 1522.11572265625
reward tensor([-56., -14., -74., -76., -41., -43., -46., -80., -61., -51., -15., -46.,
         -5., -72.,  -5., -68., -55., -43., -78., -20.], device='cuda:0'), pred reward tensor([-17.3126, -23.9880, -19.3917, -15.5701, -20.8027, -16.3226, -18.9941,
        -16.6891, -19.9218, -19.2158, -24.5241, -23.9732, -14.0277, -14.5749,
        -16.5345, -20.9548, -20.0163, -15.2942, -24.2187, -15.5935],
       device='cuda:0', grad_fn=<ViewBackward0>)
value is tensor([-238., -237., -276., -192., -345., -275., -241., -367., -277., -225.,
        -329., -313., -222., -330., -188., -314., -281., -274., -347., -190.],
       device='cuda:0'), pred value tensor([-213.1814, -197.9299, -185.9825, -172.7455, -213.0517, -154.7177,
        -187.9360, -177.4444, -170.0920, -157.6683, -189.5383, -253.5166,
        -193.2292, -149.7437, -157.7319, -248.5095, -189.1449, -194.4518,
        -195.8013, -176.8433], device='cuda:0', grad_fn=<ViewBackward0>)
value loss is 9825.849609375, policy loss is 0.05501188710331917, reward loss is 1399.4903564453125
reward tensor([-56., -14., -74., -76., -41., -43., -46., -80., -61., -51., -15., -46.,
         -5., -72.,  -5., -68., -55., -43., -78., -20.], device='cuda:0'), pred reward tensor([-28.8668, -24.7780, -24.4009, -24.9867, -23.9181, -32.8649, -24.4818,
        -23.1645, -25.0466, -30.6440, -23.0927, -29.5121, -20.1917, -28.2382,
        -17.5884, -27.2463, -21.7330, -24.1592, -28.3231, -21.0975],
       device='cuda:0', grad_fn=<ViewBackward0>)
value is tensor([-238., -237., -276., -192., -345., -275., -241., -367., -277., -225.,
        -329., -313., -222., -330., -188., -314., -281., -274., -347., -190.],
       device='cuda:0'), pred value tensor([-248.1822, -280.5252, -278.8287, -246.6848, -256.8116, -226.9509,
        -276.8127, -190.5639, -202.0763, -227.6379, -263.8111, -266.4844,
        -264.2972, -215.5233, -272.6453, -331.5064, -305.6898, -245.1477,
        -263.7334, -191.6920], device='cuda:0', grad_fn=<ViewBackward0>)
value loss is 4513.60107421875, policy loss is 0.04930742084980011, reward loss is 997.1427001953125
reward tensor([-56., -14., -74., -76., -41., -43., -46., -80., -61., -51., -15., -46.,
         -5., -72.,  -5., -68., -55., -43., -78., -20.], device='cuda:0'), pred reward tensor([-36.5733, -43.1731, -39.0451, -25.7549, -41.6238, -35.5497, -39.8336,
        -43.4563, -31.9242, -37.6608, -36.2632, -38.5329, -35.0950, -38.9088,
        -40.6621, -45.9940, -39.2297, -38.0347, -37.3697, -40.4666],
       device='cuda:0', grad_fn=<ViewBackward0>)
value is tensor([-238., -237., -276., -192., -345., -275., -241., -367., -277., -225.,
        -329., -313., -222., -330., -188., -314., -281., -274., -347., -190.],
       device='cuda:0'), pred value tensor([-332.3596, -310.9640, -287.8346, -344.0887, -346.2490, -277.7554,
        -283.9043, -327.5620, -326.8054, -272.7265, -316.4914, -415.8857,
        -374.1100, -370.9136, -286.5138, -415.0157, -296.2747, -386.4897,
        -417.7848, -256.8935], device='cuda:0', grad_fn=<ViewBackward0>)
value loss is 6182.2001953125, policy loss is 0.03202537074685097, reward loss is 701.765625
reward tensor([-56., -14., -74., -76., -41., -43., -46., -80., -61., -51., -15., -46.,
         -5., -72.,  -5., -68., -55., -43., -78., -20.], device='cuda:0'), pred reward tensor([-56.7214, -41.4161, -50.6959, -38.2289, -48.1304, -44.4441, -49.1506,
        -47.2969, -51.6036, -47.1354, -45.9220, -61.0765, -37.2826, -50.2221,
        -32.8140, -53.5967, -48.5925, -44.4705, -55.8299, -37.9313],
       device='cuda:0', grad_fn=<ViewBackward0>)
value is tensor([-238., -237., -276., -192., -345., -275., -241., -367., -277., -225.,
        -329., -313., -222., -330., -188., -314., -281., -274., -347., -190.],
       device='cuda:0'), pred value tensor([-311.8958, -344.1153, -353.6163, -276.1372, -355.4986, -291.3706,
        -360.1205, -299.6911, -329.5793, -335.4179, -337.7484, -441.8212,
        -320.1868, -292.4573, -254.2623, -390.9332, -294.0204, -292.5142,
        -422.5479, -333.5172], device='cuda:0', grad_fn=<ViewBackward0>)
value loss is 6447.0341796875, policy loss is 0.019473761320114136, reward loss is 424.736572265625
reward tensor([-56., -14., -74., -76., -41., -43., -46., -80., -61., -51., -15., -46.,
         -5., -72.,  -5., -68., -55., -43., -78., -20.], device='cuda:0'), pred reward tensor([-47.5707, -52.3949, -51.9957, -30.5047, -62.0570, -54.9856, -62.9380,
        -38.2008, -42.7233, -42.4730, -40.0048, -61.1159, -42.0725, -43.3587,
        -38.6040, -63.2269, -61.1656, -41.1668, -52.9594, -35.9886],
       device='cuda:0', grad_fn=<ViewBackward0>)
value is tensor([-238., -237., -276., -192., -345., -275., -241., -367., -277., -225.,
        -329., -313., -222., -330., -188., -314., -281., -274., -347., -190.],
       device='cuda:0'), pred value tensor([-317.3266, -338.1048, -257.6746, -231.8824, -206.3732, -201.3849,
        -248.2798, -211.5454, -292.1694, -207.4225, -198.5587, -345.6427,
        -202.2901, -282.8927, -255.2332, -276.7032, -217.7079, -293.5376,
        -293.1378, -177.5357], device='cuda:0', grad_fn=<ViewBackward0>)
value loss is 5093.97998046875, policy loss is 0.0512714609503746, reward loss is 612.5790405273438
reward tensor([-56., -14., -74., -76., -41., -43., -46., -80., -61., -51., -15., -46.,
         -5., -72.,  -5., -68., -55., -43., -78., -20.], device='cuda:0'), pred reward tensor([-35.9702, -44.0211, -48.5859, -39.7567, -72.7130, -55.3438, -62.0850,
        -50.7070, -38.7360, -37.4712, -50.9932, -61.2538, -46.6879, -54.5805,
        -40.3251, -55.2987, -47.3073, -38.7088, -72.4052, -34.0458],
       device='cuda:0', grad_fn=<ViewBackward0>)
value is tensor([-238., -237., -276., -192., -345., -275., -241., -367., -277., -225.,
        -329., -313., -222., -330., -188., -314., -281., -274., -347., -190.],
       device='cuda:0'), pred value tensor([-197.0203, -185.1953, -192.9103, -157.1583, -212.2872, -194.4692,
        -243.9546, -175.0612, -174.7344, -212.6572, -166.4653, -222.4125,
        -181.0303, -226.2307, -188.1854, -256.6587, -210.3499, -257.8970,
        -245.1274, -177.6160], device='cuda:0', grad_fn=<ViewBackward0>)
value loss is 7508.9501953125, policy loss is 0.060464631766080856, reward loss is 575.0187377929688
reward tensor([-56., -14., -74., -76., -41., -43., -46., -80., -61., -51., -15., -46.,
         -5., -72.,  -5., -68., -55., -43., -78., -20.], device='cuda:0'), pred reward tensor([-60.4543, -51.7549, -68.0096, -56.7076, -62.8335, -60.7683, -73.5720,
        -53.0410, -74.8470, -56.4870, -61.2981, -92.8110, -52.6167, -72.3052,
        -70.4318, -74.5063, -56.9514, -51.1385, -77.9468, -73.2534],
       device='cuda:0', grad_fn=<ViewBackward0>)
value is tensor([-238., -237., -276., -192., -345., -275., -241., -367., -277., -225.,
        -329., -313., -222., -330., -188., -314., -281., -274., -347., -190.],
       device='cuda:0'), pred value tensor([-269.9669, -294.0019, -238.5584, -287.4283, -308.7061, -241.0314,
        -292.0703, -265.8050, -282.8974, -230.5052, -255.8495, -383.6273,
        -273.9447, -255.6035, -260.6244, -271.5091, -275.7724, -295.1031,
        -310.5314, -202.0663], device='cuda:0', grad_fn=<ViewBackward0>)
value loss is 2888.23193359375, policy loss is 0.03041587397456169, reward loss is 909.3240356445312
reward tensor([-56., -14., -74., -76., -41., -43., -46., -80., -61., -51., -15., -46.,
         -5., -72.,  -5., -68., -55., -43., -78., -20.], device='cuda:0'), pred reward tensor([ -86.4619,  -69.6554,  -88.7831,  -77.5908,  -73.8135,  -66.3582,
         -70.4763,  -83.5450,  -65.4690,  -74.6873,  -62.8968,  -74.3792,
         -78.9367,  -69.5741,  -58.7841,  -85.7091,  -63.0762,  -76.7914,
        -102.6769,  -63.6499], device='cuda:0', grad_fn=<ViewBackward0>)
value is tensor([-238., -237., -276., -192., -345., -275., -241., -367., -277., -225.,
        -329., -313., -222., -330., -188., -314., -281., -274., -347., -190.],
       device='cuda:0'), pred value tensor([-337.9632, -362.6845, -270.8605, -373.9682, -426.0826, -274.2785,
        -393.7237, -285.5552, -292.1201, -208.6333, -289.1252, -470.6332,
        -375.0635, -308.8177, -256.3651, -379.0806, -345.0036, -249.0469,
        -356.9044, -354.4563], device='cuda:0', grad_fn=<ViewBackward0>)
value loss is 9352.25, policy loss is 0.02649037353694439, reward loss is 1128.062744140625
reward tensor([-56., -14., -74., -76., -41., -43., -46., -80., -61., -51., -15., -46.,
         -5., -72.,  -5., -68., -55., -43., -78., -20.], device='cuda:0'), pred reward tensor([-73.9701, -75.5714, -60.7835, -54.4450, -72.5133, -58.3118, -78.3089,
        -81.8052, -57.2391, -56.6991, -63.8285, -63.3662, -57.0313, -52.9285,
        -57.7537, -76.8458, -60.7439, -60.0251, -81.0074, -58.1497],
       device='cuda:0', grad_fn=<ViewBackward0>)
value is tensor([-238., -237., -276., -192., -345., -275., -241., -367., -277., -225.,
        -329., -313., -222., -330., -188., -314., -281., -274., -347., -190.],
       device='cuda:0'), pred value tensor([-214.7426, -326.1336, -211.0042, -228.8116, -306.3531, -240.7134,
        -291.2401, -294.5379, -291.7065, -255.6327, -352.8226, -354.7536,
        -214.4768, -320.0889, -253.1134, -270.9317, -215.5974, -208.0134,
        -306.0342, -203.5118], device='cuda:0', grad_fn=<ViewBackward0>)
value loss is 2235.836181640625, policy loss is 0.02760738506913185, reward loss is 873.9910278320312
reward tensor([-56., -14., -74., -76., -41., -43., -46., -80., -61., -51., -15., -46.,
         -5., -72.,  -5., -68., -55., -43., -78., -20.], device='cuda:0'), pred reward tensor([-47.5867, -57.8854, -61.7320, -57.9902, -55.0814, -49.8722, -45.0468,
        -56.2028, -47.4537, -44.9039, -43.7213, -53.8869, -38.6900, -66.4136,
        -50.6226, -51.2938, -38.7043, -54.0672, -49.1931, -44.9711],
       device='cuda:0', grad_fn=<ViewBackward0>)
value is tensor([-238., -237., -276., -192., -345., -275., -241., -367., -277., -225.,
        -329., -313., -222., -330., -188., -314., -281., -274., -347., -190.],
       device='cuda:0'), pred value tensor([-224.5547, -276.5767, -237.9672, -213.5792, -223.1971, -204.0485,
        -263.2847, -251.6452, -241.0945, -177.8262, -203.4023, -270.4965,
        -189.5521, -280.3102, -211.3452, -235.7189, -231.8129, -253.4373,
        -342.2667, -175.7167], device='cuda:0', grad_fn=<ViewBackward0>)
value loss is 3584.6015625, policy loss is 0.024814624339342117, reward loss is 488.0123596191406
reward tensor([-56., -14., -74., -76., -41., -43., -46., -80., -61., -51., -15., -46.,
         -5., -72.,  -5., -68., -55., -43., -78., -20.], device='cuda:0'), pred reward tensor([-44.7175, -47.4874, -43.6013, -33.7117, -40.9939, -46.0190, -45.1022,
        -50.5396, -41.4075, -36.7679, -53.2102, -52.0585, -37.4490, -40.0066,
        -30.5162, -60.4735, -40.0450, -45.6617, -47.9220, -41.7670],
       device='cuda:0', grad_fn=<ViewBackward0>)
value is tensor([-238., -237., -276., -192., -345., -275., -241., -367., -277., -225.,
        -329., -313., -222., -330., -188., -314., -281., -274., -347., -190.],
       device='cuda:0'), pred value tensor([-289.5336, -273.3759, -216.8815, -269.4908, -396.6662, -202.2846,
        -226.8742, -238.4278, -155.7439, -191.2739, -245.9289, -293.8351,
        -260.0769, -218.4845, -306.5460, -279.8238, -244.6055, -278.1105,
        -235.3438, -226.8854], device='cuda:0', grad_fn=<ViewBackward0>)
value loss is 5277.52099609375, policy loss is 0.03159581124782562, reward loss is 565.7762451171875
reward tensor([-56., -14., -74., -76., -41., -43., -46., -80., -61., -51., -15., -46.,
         -5., -72.,  -5., -68., -55., -43., -78., -20.], device='cuda:0'), pred reward tensor([-45.8378, -34.3763, -47.9266, -34.6752, -45.2543, -38.1212, -41.5445,
        -42.5497, -43.6904, -42.5947, -29.7367, -49.8081, -42.3115, -45.0160,
        -39.4403, -52.4312, -40.7574, -40.3459, -55.9315, -44.7921],
       device='cuda:0', grad_fn=<ViewBackward0>)
value is tensor([-238., -237., -276., -192., -345., -275., -241., -367., -277., -225.,
        -329., -313., -222., -330., -188., -314., -281., -274., -347., -190.],
       device='cuda:0'), pred value tensor([-345.2191, -263.8399, -244.5620, -274.5262, -295.9128, -315.7516,
        -276.8283, -208.3691, -267.0663, -285.3627, -300.2776, -350.8130,
        -186.3095, -301.2683, -287.6268, -390.6220, -290.9723, -308.7627,
        -383.1570, -210.5374], device='cuda:0', grad_fn=<ViewBackward0>)
value loss is 3873.139892578125, policy loss is 0.0334579162299633, reward loss is 491.63067626953125
reward tensor([-56., -14., -74., -76., -41., -43., -46., -80., -61., -51., -15., -46.,
         -5., -72.,  -5., -68., -55., -43., -78., -20.], device='cuda:0'), pred reward tensor([-32.8899, -37.9167, -48.8264, -38.1891, -39.1610, -32.2586, -41.4922,
        -38.9293, -35.9385, -38.5357, -43.4823, -40.3574, -33.5338, -42.6339,
        -31.2029, -56.0625, -43.9713, -36.3623, -45.1013, -37.9503],
       device='cuda:0', grad_fn=<ViewBackward0>)
value is tensor([-238., -237., -276., -192., -345., -275., -241., -367., -277., -225.,
        -329., -313., -222., -330., -188., -314., -281., -274., -347., -190.],
       device='cuda:0'), pred value tensor([-367.1469, -291.7509, -264.6359, -215.5504, -301.9218, -264.8618,
        -263.0243, -390.1921, -262.2784, -213.4085, -349.9873, -363.3696,
        -233.5025, -289.7255, -229.6653, -385.3755, -257.1399, -231.4985,
        -316.4207, -251.0769], device='cuda:0', grad_fn=<ViewBackward0>)
value loss is 2114.821533203125, policy loss is 0.03451984375715256, reward loss is 534.8864135742188
reward tensor([-56., -14., -74., -76., -41., -43., -46., -80., -61., -51., -15., -46.,
         -5., -72.,  -5., -68., -55., -43., -78., -20.], device='cuda:0'), pred reward tensor([-40.2472, -31.2916, -42.6478, -28.6138, -34.8324, -34.4956, -37.1845,
        -35.5283, -34.7451, -42.1701, -37.9548, -43.2368, -32.3418, -39.7295,
        -30.5190, -42.9670, -42.2319, -33.4017, -33.0904, -33.0815],
       device='cuda:0', grad_fn=<ViewBackward0>)
value is tensor([-238., -237., -276., -192., -345., -275., -241., -367., -277., -225.,
        -329., -313., -222., -330., -188., -314., -281., -274., -347., -190.],
       device='cuda:0'), pred value tensor([-262.9204, -253.5414, -306.8356, -226.7555, -317.5710, -348.2908,
        -285.8798, -245.4304, -292.0736, -243.4447, -292.1237, -248.9206,
        -213.9044, -290.0781, -236.2539, -253.0586, -329.9131, -264.4651,
        -260.1657, -257.5222], device='cuda:0', grad_fn=<ViewBackward0>)
value loss is 2714.4287109375, policy loss is 0.03283347934484482, reward loss is 637.6593627929688
reward tensor([-56., -14., -74., -76., -41., -43., -46., -80., -61., -51., -15., -46.,
         -5., -72.,  -5., -68., -55., -43., -78., -20.], device='cuda:0'), pred reward tensor([-32.8559, -38.7223, -40.4676, -35.1598, -37.9561, -51.3569, -35.1580,
        -32.7819, -38.3145, -30.6044, -30.4459, -39.4691, -30.5375, -30.3343,
        -29.2166, -38.5168, -28.9898, -31.4629, -38.9718, -34.3533],
       device='cuda:0', grad_fn=<ViewBackward0>)
value is tensor([-238., -237., -276., -192., -345., -275., -241., -367., -277., -225.,
        -329., -313., -222., -330., -188., -314., -281., -274., -347., -190.],
       device='cuda:0'), pred value tensor([-248.2735, -252.4039, -243.7230, -246.6937, -231.8413, -216.0747,
        -321.2201, -255.4826, -246.1323, -207.3578, -203.8453, -368.0736,
        -189.2173, -268.4598, -220.6538, -301.6537, -310.8152, -314.1689,
        -273.6583, -242.9734], device='cuda:0', grad_fn=<ViewBackward0>)
value loss is 3812.682861328125, policy loss is 0.029541557654738426, reward loss is 697.9990234375
reward tensor([-56., -14., -74., -76., -41., -43., -46., -80., -61., -51., -15., -46.,
         -5., -72.,  -5., -68., -55., -43., -78., -20.], device='cuda:0'), pred reward tensor([-33.2289, -27.0587, -35.6613, -38.1936, -38.2061, -35.5319, -40.7764,
        -36.8212, -38.1576, -29.8548, -27.4128, -39.2113, -26.3821, -40.4148,
        -28.1495, -39.7936, -36.8136, -26.8437, -47.1096, -32.7132],
       device='cuda:0', grad_fn=<ViewBackward0>)
value is tensor([-238., -237., -276., -192., -345., -275., -241., -367., -277., -225.,
        -329., -313., -222., -330., -188., -314., -281., -274., -347., -190.],
       device='cuda:0'), pred value tensor([-232.0276, -197.2217, -248.6126, -211.2467, -312.8308, -231.3307,
        -267.8590, -288.4335, -242.3627, -180.1202, -203.4308, -295.9046,
        -303.5318, -248.9824, -220.4925, -273.9189, -346.0124, -199.4140,
        -264.5655, -218.7064], device='cuda:0', grad_fn=<ViewBackward0>)
value loss is 3256.549560546875, policy loss is 0.021926844492554665, reward loss is 560.3253173828125
reward tensor([-56., -14., -74., -76., -41., -43., -46., -80., -61., -51., -15., -46.,
         -5., -72.,  -5., -68., -55., -43., -78., -20.], device='cuda:0'), pred reward tensor([-46.9464, -40.3717, -50.2627, -32.2753, -44.6581, -43.0615, -40.9305,
        -35.6740, -44.5990, -38.4665, -29.0759, -48.9023, -32.2132, -39.7081,
        -26.3404, -45.8306, -53.4910, -38.6497, -55.5647, -27.5556],
       device='cuda:0', grad_fn=<ViewBackward0>)
value is tensor([-238., -237., -276., -192., -345., -275., -241., -367., -277., -225.,
        -329., -313., -222., -330., -188., -314., -281., -274., -347., -190.],
       device='cuda:0'), pred value tensor([-307.5387, -431.6745, -373.4697, -316.5329, -260.3754, -322.2390,
        -336.7568, -375.9003, -276.3722, -242.4635, -277.8724, -341.2083,
        -218.1102, -305.1812, -269.1271, -351.6648, -293.2494, -215.0083,
        -278.0115, -270.4702], device='cuda:0', grad_fn=<ViewBackward0>)
value loss is 5679.76953125, policy loss is 0.022989321500062943, reward loss is 460.0556335449219
reward tensor([-56., -14., -74., -76., -41., -43., -46., -80., -61., -51., -15., -46.,
         -5., -72.,  -5., -68., -55., -43., -78., -20.], device='cuda:0'), pred reward tensor([-40.3667, -39.5925, -50.2736, -36.5254, -35.7637, -42.5856, -43.4951,
        -42.4456, -36.0840, -31.9160, -43.2284, -50.0525, -38.5923, -45.4598,
        -28.8279, -47.4347, -41.5984, -50.5076, -46.4486, -40.9907],
       device='cuda:0', grad_fn=<ViewBackward0>)
value is tensor([-238., -237., -276., -192., -345., -275., -241., -367., -277., -225.,
        -329., -313., -222., -330., -188., -314., -281., -274., -347., -190.],
       device='cuda:0'), pred value tensor([-242.7800, -199.2564, -281.5502, -248.4698, -257.2648, -203.9961,
        -262.7826, -265.1249, -249.0639, -303.2266, -233.6404, -261.3764,
        -233.4163, -358.3035, -265.8264, -354.8445, -285.7588, -263.9942,
        -309.4267, -194.2285], device='cuda:0', grad_fn=<ViewBackward0>)
value loss is 2856.319580078125, policy loss is 0.020257074385881424, reward loss is 537.9317626953125
kl:0.00003,lr_multiplier:11.391,loss:3394.271484375,entropy:0.0004544211260508746,explained_var_old:0.065,explained_var_new:0.019
state_batch: [<state.MappingState object at 0x7f94ac523940>, <state.MappingState object at 0x7f94ace35d00>, <state.MappingState object at 0x7f94e01442b0>, <state.MappingState object at 0x7f94ac0fd820>, <state.MappingState object at 0x7f94ac113640>, <state.MappingState object at 0x7f94ac0fd820>, <state.MappingState object at 0x7f94e0bed9d0>, <state.MappingState object at 0x7f94a4262c70>, <state.MappingState object at 0x7f94ac113640>, <state.MappingState object at 0x7f94ac0fc3a0>, <state.MappingState object at 0x7f94ac0fc3a0>, <state.MappingState object at 0x7f94e01442b0>, <state.MappingState object at 0x7f94ac0fc3a0>, <state.MappingState object at 0x7f94e0d09c40>, <state.MappingState object at 0x7f94ace35d00>, <state.MappingState object at 0x7f94ac4515e0>, <state.MappingState object at 0x7f94e0bed9d0>, <state.MappingState object at 0x7f94e0bed9d0>, <state.MappingState object at 0x7f94ac0fd820>, <state.MappingState object at 0x7f94e0d09c40>]
value loss is 16399.990234375, policy loss is 26.854387283325195
value loss is 7353.92724609375, policy loss is 20.459741592407227
value loss is 13878.369140625, policy loss is 13.219263076782227
value loss is 14236.3896484375, policy loss is 11.179877281188965
value loss is 8704.5, policy loss is 10.515278816223145
value loss is 9523.34375, policy loss is 10.109492301940918
value loss is 9706.7734375, policy loss is 10.17447566986084
value loss is 7961.7470703125, policy loss is 10.208229064941406
value loss is 8534.158203125, policy loss is 9.883846282958984
value loss is 10673.1044921875, policy loss is 9.89399528503418
value loss is 8241.1865234375, policy loss is 9.561938285827637
value loss is 9708.9375, policy loss is 8.887040138244629
value loss is 8248.2431640625, policy loss is 8.046972274780273
value loss is 7287.69677734375, policy loss is 7.6204328536987305
value loss is 7375.0703125, policy loss is 7.253597736358643
value loss is 8007.56103515625, policy loss is 6.602715015411377
value loss is 8445.1240234375, policy loss is 6.4865522384643555
value loss is 8536.599609375, policy loss is 6.38095235824585
value loss is 8799.685546875, policy loss is 6.68679141998291
value loss is 8553.4140625, policy loss is 6.609717845916748
kl:0.00075,lr_multiplier:11.391,loss:8560.0234375,entropy:0.015178307890892029,explained_var_old:-0.048,explained_var_new:-0.084
current batch: 13
313
Mask initialization completed successfully
action type is <class 'numpy.int64'>
pre_reward is 0
WARNING: the state has no route legal actions
action type is <class 'numpy.int64'>
pre_reward is -1
WARNING: the state has no route legal actions
action type is <class 'numpy.int64'>
pre_reward is -2
WARNING: the state has no route legal actions
action type is <class 'numpy.int64'>
pre_reward is -3
cur reward is 38
action type is <class 'numpy.int64'>
pre_reward is -41
WARNING: the state has no route legal actions
action type is <class 'numpy.int64'>
pre_reward is -42
WARNING: the state has no route legal actions
pre_reward is -43
WARNING: the state don't need to route actions
pre_reward is -89
cur reward is 74
pre_reward is -163
cur reward is 98
pre_reward is -261
cur reward is 18
WARNING: the state has no legal actions
cur move is -1
the mapping is success
current latency: 279.0
313
Mask initialization completed successfully
action type is <class 'numpy.int64'>
pre_reward is 0
WARNING: the state has no route legal actions
action type is <class 'numpy.int64'>
pre_reward is -1
WARNING: the state has no route legal actions
action type is <class 'numpy.int64'>
pre_reward is -2
WARNING: the state has no route legal actions
action type is <class 'numpy.int64'>
pre_reward is -3
cur reward is 44
action type is <class 'numpy.int64'>
pre_reward is -47
WARNING: the state has no route legal actions
action type is <class 'numpy.int64'>
pre_reward is -48
WARNING: the state has no route legal actions
pre_reward is -49
cur reward is 44
pre_reward is -93
cur reward is 93
pre_reward is -186
WARNING: the state don't need to route actions
pre_reward is -270
cur reward is 14
WARNING: the state has no legal actions
cur move is -1
the mapping is success
collect data... | current latency: -284
reward tensor([ -94.,  -14., -109.,  -44.,  -60.,  -23.,  -80.,  -50.,  -22.,  -87.,
         -21.,   -5.,  -51.,  -83.,  -61.,  -49.,  -46.,  -62.,  -43.,  -76.],
       device='cuda:0'), pred reward tensor([-49.4441, -45.9778, -60.8161, -40.5009, -52.5428, -51.7472, -44.0004,
        -41.2653, -54.2720, -47.1229, -43.0221, -39.1728, -41.0056, -46.5957,
        -37.6288, -61.2238, -65.0367, -44.8186, -39.5838, -30.6669],
       device='cuda:0', grad_fn=<ViewBackward0>)
value is tensor([-303., -281., -315., -284., -268., -282., -367., -240., -305., -368.,
        -223., -222., -273., -283., -277., -396., -241., -332., -275., -192.],
       device='cuda:0'), pred value tensor([-200.9483, -227.2462, -224.1579, -166.2768, -121.3337, -148.9963,
        -172.1441, -221.2174, -191.5542, -185.5695, -122.6745, -126.0520,
        -132.3139, -148.2174, -129.5644, -120.3168, -164.1876, -195.4185,
        -123.6174, -148.0776], device='cuda:0', grad_fn=<ViewBackward0>)
value loss is 18172.880859375, policy loss is 0.013306720182299614, reward loss is 836.2794799804688
reward tensor([ -94.,  -14., -109.,  -44.,  -60.,  -23.,  -80.,  -50.,  -22.,  -87.,
         -21.,   -5.,  -51.,  -83.,  -61.,  -49.,  -46.,  -62.,  -43.,  -76.],
       device='cuda:0'), pred reward tensor([-67.1448, -65.6992, -83.8880, -60.4274, -56.6598, -51.9959, -61.3997,
        -78.9966, -65.8841, -61.2202, -48.5865, -42.4466, -41.7985, -56.7175,
        -45.8046, -63.0435, -59.5393, -67.6179, -51.7036, -55.7183],
       device='cuda:0', grad_fn=<ViewBackward0>)
value is tensor([-303., -281., -315., -284., -268., -282., -367., -240., -305., -368.,
        -223., -222., -273., -283., -277., -396., -241., -332., -275., -192.],
       device='cuda:0'), pred value tensor([-287.1546, -236.8805, -333.0782, -239.8086, -298.3979, -221.2925,
        -189.0067, -216.6080, -247.7213, -246.6940, -162.8080, -175.0575,
        -197.9716, -270.4250, -281.0494, -322.6950, -238.6704, -167.4439,
        -188.2589, -208.6742], device='cuda:0', grad_fn=<ViewBackward0>)
value loss is 5560.09130859375, policy loss is 0.027267884463071823, reward loss is 649.6190185546875
reward tensor([ -94.,  -14., -109.,  -44.,  -60.,  -23.,  -80.,  -50.,  -22.,  -87.,
         -21.,   -5.,  -51.,  -83.,  -61.,  -49.,  -46.,  -62.,  -43.,  -76.],
       device='cuda:0'), pred reward tensor([ -89.0594,  -78.5177,  -73.7631,  -62.2069,  -95.0064,  -79.0336,
         -74.4867,  -89.6948, -109.9686,  -85.3296,  -58.4788,  -66.5178,
         -69.4260, -109.0095,  -72.4102,  -75.0805,  -93.4490,  -85.5333,
         -76.0526,  -80.6943], device='cuda:0', grad_fn=<ViewBackward0>)
value is tensor([-303., -281., -315., -284., -268., -282., -367., -240., -305., -368.,
        -223., -222., -273., -283., -277., -396., -241., -332., -275., -192.],
       device='cuda:0'), pred value tensor([-383.2863, -467.2333, -432.4546, -395.2171, -402.2471, -331.8098,
        -298.4700, -484.4795, -387.7574, -397.9053, -417.8486, -316.5446,
        -303.5017, -333.0755, -327.8228, -411.9613, -358.8756, -442.0728,
        -245.2175, -335.2915], device='cuda:0', grad_fn=<ViewBackward0>)
value loss is 13030.8466796875, policy loss is 0.0323912650346756, reward loss is 1520.3924560546875
reward tensor([ -94.,  -14., -109.,  -44.,  -60.,  -23.,  -80.,  -50.,  -22.,  -87.,
         -21.,   -5.,  -51.,  -83.,  -61.,  -49.,  -46.,  -62.,  -43.,  -76.],
       device='cuda:0'), pred reward tensor([-92.6199, -68.3745, -81.4616, -74.3649, -76.4893, -68.9973, -59.9696,
        -73.9915, -90.6736, -72.7117, -74.7242, -58.4330, -65.2787, -90.9364,
        -68.4025, -66.1384, -59.7634, -72.9708, -53.7283, -66.9092],
       device='cuda:0', grad_fn=<ViewBackward0>)
value is tensor([-303., -281., -315., -284., -268., -282., -367., -240., -305., -368.,
        -223., -222., -273., -283., -277., -396., -241., -332., -275., -192.],
       device='cuda:0'), pred value tensor([-394.1703, -485.0477, -399.6179, -326.8474, -418.3936, -255.2177,
        -425.8683, -319.0799, -348.2465, -407.7621, -291.5137, -276.5515,
        -306.8756, -264.9333, -299.0334, -308.4133, -304.5955, -325.4831,
        -314.7097, -318.3486], device='cuda:0', grad_fn=<ViewBackward0>)
value loss is 6718.90087890625, policy loss is 0.025256367400288582, reward loss is 989.3923950195312
reward tensor([ -94.,  -14., -109.,  -44.,  -60.,  -23.,  -80.,  -50.,  -22.,  -87.,
         -21.,   -5.,  -51.,  -83.,  -61.,  -49.,  -46.,  -62.,  -43.,  -76.],
       device='cuda:0'), pred reward tensor([-61.7604, -47.1038, -62.3946, -44.0863, -60.7046, -51.4657, -67.5679,
        -48.0434, -67.7863, -53.0066, -41.3232, -44.6414, -41.1195, -51.1773,
        -41.6838, -59.6403, -55.6062, -58.8078, -48.0504, -45.3261],
       device='cuda:0', grad_fn=<ViewBackward0>)
value is tensor([-303., -281., -315., -284., -268., -282., -367., -240., -305., -368.,
        -223., -222., -273., -283., -277., -396., -241., -332., -275., -192.],
       device='cuda:0'), pred value tensor([-301.0461, -351.2632, -251.8013, -294.5568, -372.0589, -224.0060,
        -295.4749, -338.9604, -318.2095, -220.3393, -190.2689, -243.7498,
        -266.4905, -255.3605, -250.1606, -320.3890, -194.7264, -271.0534,
        -251.3546, -185.2840], device='cuda:0', grad_fn=<ViewBackward0>)
value loss is 3768.6484375, policy loss is 0.0228743739426136, reward loss is 658.9212036132812
reward tensor([ -94.,  -14., -109.,  -44.,  -60.,  -23.,  -80.,  -50.,  -22.,  -87.,
         -21.,   -5.,  -51.,  -83.,  -61.,  -49.,  -46.,  -62.,  -43.,  -76.],
       device='cuda:0'), pred reward tensor([-60.6630, -39.2856, -51.9830, -36.0023, -45.4025, -42.0826, -30.0857,
        -50.6149, -50.6803, -36.9825, -45.0922, -27.9868, -37.2222, -43.6419,
        -34.8720, -50.0179, -42.3100, -45.8240, -44.4652, -36.1568],
       device='cuda:0', grad_fn=<ViewBackward0>)
value is tensor([-303., -281., -315., -284., -268., -282., -367., -240., -305., -368.,
        -223., -222., -273., -283., -277., -396., -241., -332., -275., -192.],
       device='cuda:0'), pred value tensor([-277.0350, -197.7480, -264.5747, -197.4720, -235.5740, -159.2409,
        -234.0799, -206.7039, -238.4121, -248.2643, -216.5723, -168.7462,
        -159.1884, -210.8197, -170.7349, -240.8306, -318.2385, -208.7642,
        -192.0384, -158.1918], device='cuda:0', grad_fn=<ViewBackward0>)
value loss is 7844.58544921875, policy loss is 0.021930068731307983, reward loss is 842.7648315429688
reward tensor([ -94.,  -14., -109.,  -44.,  -60.,  -23.,  -80.,  -50.,  -22.,  -87.,
         -21.,   -5.,  -51.,  -83.,  -61.,  -49.,  -46.,  -62.,  -43.,  -76.],
       device='cuda:0'), pred reward tensor([-49.3496, -27.8215, -64.3938, -30.8737, -53.6820, -24.8961, -24.4241,
        -36.7430, -50.5466, -40.6187, -34.2430, -28.7891, -38.5189, -31.2918,
        -36.4879, -48.7508, -37.7877, -47.5220, -31.8685, -24.9521],
       device='cuda:0', grad_fn=<ViewBackward0>)
value is tensor([-303., -281., -315., -284., -268., -282., -367., -240., -305., -368.,
        -223., -222., -273., -283., -277., -396., -241., -332., -275., -192.],
       device='cuda:0'), pred value tensor([-293.2682, -183.8635, -295.8738, -215.1333, -290.3879, -230.7842,
        -220.5766, -131.7762, -224.0239, -184.4508, -178.9728, -166.8102,
        -164.9996, -243.3259, -196.8490, -185.5009, -155.0062, -309.8829,
        -162.4052, -129.8192], device='cuda:0', grad_fn=<ViewBackward0>)
value loss is 9227.3583984375, policy loss is 0.027544137090444565, reward loss is 889.9677734375
reward tensor([ -94.,  -14., -109.,  -44.,  -60.,  -23.,  -80.,  -50.,  -22.,  -87.,
         -21.,   -5.,  -51.,  -83.,  -61.,  -49.,  -46.,  -62.,  -43.,  -76.],
       device='cuda:0'), pred reward tensor([-62.1560, -31.7617, -51.2300, -37.1116, -42.1872, -37.9187, -41.8618,
        -45.7061, -54.1313, -45.0581, -36.4149, -40.0804, -38.1330, -38.7970,
        -42.8147, -55.0940, -42.5172, -46.5401, -28.9417, -36.9199],
       device='cuda:0', grad_fn=<ViewBackward0>)
value is tensor([-303., -281., -315., -284., -268., -282., -367., -240., -305., -368.,
        -223., -222., -273., -283., -277., -396., -241., -332., -275., -192.],
       device='cuda:0'), pred value tensor([-279.7074, -256.7873, -285.7634, -240.9092, -229.4250, -220.4482,
        -226.7833, -212.5201, -238.9432, -239.2975, -196.5464, -174.2492,
        -194.5674, -238.6634, -195.6476, -200.7581, -274.4852, -252.9728,
        -206.5097, -196.8445], device='cuda:0', grad_fn=<ViewBackward0>)
value loss is 5918.83251953125, policy loss is 0.02078866958618164, reward loss is 772.5144653320312
reward tensor([ -94.,  -14., -109.,  -44.,  -60.,  -23.,  -80.,  -50.,  -22.,  -87.,
         -21.,   -5.,  -51.,  -83.,  -61.,  -49.,  -46.,  -62.,  -43.,  -76.],
       device='cuda:0'), pred reward tensor([-59.2473, -43.2590, -59.0661, -36.7635, -49.4858, -50.5783, -40.0615,
        -37.4498, -42.1143, -57.9615, -45.5202, -46.3461, -33.1302, -62.2374,
        -48.4374, -68.5639, -49.8955, -65.7743, -44.5550, -34.2757],
       device='cuda:0', grad_fn=<ViewBackward0>)
value is tensor([-303., -281., -315., -284., -268., -282., -367., -240., -305., -368.,
        -223., -222., -273., -283., -277., -396., -241., -332., -275., -192.],
       device='cuda:0'), pred value tensor([-286.7496, -250.4974, -297.5288, -298.5959, -360.4624, -271.0026,
        -355.4241, -322.8188, -296.6637, -209.3789, -176.2136, -245.4800,
        -261.2820, -202.3759, -263.9696, -307.1367, -328.7560, -239.9739,
        -280.6814, -182.2418], device='cuda:0', grad_fn=<ViewBackward0>)
value loss is 3817.392578125, policy loss is 0.018144425004720688, reward loss is 692.7797241210938
reward tensor([ -94.,  -14., -109.,  -44.,  -60.,  -23.,  -80.,  -50.,  -22.,  -87.,
         -21.,   -5.,  -51.,  -83.,  -61.,  -49.,  -46.,  -62.,  -43.,  -76.],
       device='cuda:0'), pred reward tensor([-75.4059, -58.0231, -72.0884, -58.5756, -62.5059, -52.6538, -50.8275,
        -50.2427, -65.3110, -54.0051, -57.1795, -59.2116, -48.8011, -51.3663,
        -45.3582, -64.7223, -65.0188, -60.4509, -49.5062, -46.9093],
       device='cuda:0', grad_fn=<ViewBackward0>)
value is tensor([-303., -281., -315., -284., -268., -282., -367., -240., -305., -368.,
        -223., -222., -273., -283., -277., -396., -241., -332., -275., -192.],
       device='cuda:0'), pred value tensor([-434.1678, -361.4097, -432.3371, -382.8557, -416.2976, -417.1170,
        -416.1124, -428.1437, -450.5674, -361.1376, -305.5642, -424.7622,
        -309.3392, -301.7018, -321.0946, -429.9548, -358.8683, -303.7142,
        -342.3159, -349.1812], device='cuda:0', grad_fn=<ViewBackward0>)
value loss is 12156.7138671875, policy loss is 0.024791454896330833, reward loss is 777.8930053710938
reward tensor([ -94.,  -14., -109.,  -44.,  -60.,  -23.,  -80.,  -50.,  -22.,  -87.,
         -21.,   -5.,  -51.,  -83.,  -61.,  -49.,  -46.,  -62.,  -43.,  -76.],
       device='cuda:0'), pred reward tensor([-64.2441, -64.0963, -71.9662, -59.6892, -55.9844, -49.1379, -59.2689,
        -49.5982, -60.2513, -57.5011, -51.4103, -41.1027, -51.4121, -57.7016,
        -57.0133, -69.6213, -54.6219, -63.1343, -71.4507, -50.3458],
       device='cuda:0', grad_fn=<ViewBackward0>)
value is tensor([-303., -281., -315., -284., -268., -282., -367., -240., -305., -368.,
        -223., -222., -273., -283., -277., -396., -241., -332., -275., -192.],
       device='cuda:0'), pred value tensor([-382.8819, -365.7823, -468.4815, -315.1197, -375.8988, -336.4054,
        -388.6813, -303.8887, -344.8389, -403.5203, -278.9175, -265.3860,
        -336.1305, -412.1522, -284.5040, -383.7864, -284.0568, -351.9712,
        -239.3481, -313.5109], device='cuda:0', grad_fn=<ViewBackward0>)
value loss is 5213.2978515625, policy loss is 0.01700483076274395, reward loss is 666.4005737304688
reward tensor([ -94.,  -14., -109.,  -44.,  -60.,  -23.,  -80.,  -50.,  -22.,  -87.,
         -21.,   -5.,  -51.,  -83.,  -61.,  -49.,  -46.,  -62.,  -43.,  -76.],
       device='cuda:0'), pred reward tensor([-67.2503, -42.6959, -57.7829, -42.8543, -68.8453, -54.0214, -56.3176,
        -51.1386, -59.0859, -56.1702, -48.0711, -31.8130, -37.4592, -58.0770,
        -48.6317, -61.4835, -49.5481, -50.6573, -39.5018, -43.3720],
       device='cuda:0', grad_fn=<ViewBackward0>)
value is tensor([-303., -281., -315., -284., -268., -282., -367., -240., -305., -368.,
        -223., -222., -273., -283., -277., -396., -241., -332., -275., -192.],
       device='cuda:0'), pred value tensor([-195.8696, -189.9622, -246.9951, -252.6519, -229.2409, -256.1900,
        -269.5272, -255.1727, -387.7166, -272.7819, -243.2304, -260.6465,
        -266.5496, -229.6590, -196.7922, -249.0722, -257.2925, -251.1934,
        -247.5503, -214.4415], device='cuda:0', grad_fn=<ViewBackward0>)
value loss is 4702.16552734375, policy loss is 0.016392959281802177, reward loss is 593.7618408203125
reward tensor([ -94.,  -14., -109.,  -44.,  -60.,  -23.,  -80.,  -50.,  -22.,  -87.,
         -21.,   -5.,  -51.,  -83.,  -61.,  -49.,  -46.,  -62.,  -43.,  -76.],
       device='cuda:0'), pred reward tensor([-59.4341, -51.8517, -49.1209, -40.4368, -51.3492, -52.7859, -44.5006,
        -47.5657, -38.4528, -45.1362, -51.1426, -35.6259, -38.1778, -54.9522,
        -37.7152, -58.4660, -48.4358, -60.9474, -45.0327, -38.8869],
       device='cuda:0', grad_fn=<ViewBackward0>)
value is tensor([-303., -281., -315., -284., -268., -282., -367., -240., -305., -368.,
        -223., -222., -273., -283., -277., -396., -241., -332., -275., -192.],
       device='cuda:0'), pred value tensor([-223.1819, -177.0987, -253.0251, -274.2007, -223.0854, -186.9208,
        -195.3259, -242.9160, -283.3265, -178.6824, -137.3866, -189.1790,
        -172.8179, -159.1011, -182.6556, -210.0799, -202.5108, -225.6602,
        -220.1256, -181.4856], device='cuda:0', grad_fn=<ViewBackward0>)
value loss is 9556.2412109375, policy loss is 0.020145541056990623, reward loss is 764.7574462890625
reward tensor([ -94.,  -14., -109.,  -44.,  -60.,  -23.,  -80.,  -50.,  -22.,  -87.,
         -21.,   -5.,  -51.,  -83.,  -61.,  -49.,  -46.,  -62.,  -43.,  -76.],
       device='cuda:0'), pred reward tensor([-58.8399, -40.1919, -69.8585, -52.9471, -66.1696, -60.8379, -39.5310,
        -42.1867, -57.2463, -55.2429, -45.1805, -37.2757, -42.8815, -52.7434,
        -48.5779, -50.3991, -64.1990, -56.4686, -39.6035, -31.7118],
       device='cuda:0', grad_fn=<ViewBackward0>)
value is tensor([-303., -281., -315., -284., -268., -282., -367., -240., -305., -368.,
        -223., -222., -273., -283., -277., -396., -241., -332., -275., -192.],
       device='cuda:0'), pred value tensor([-239.9617, -235.3741, -246.5822, -267.4349, -270.2144, -207.7905,
        -302.3560, -229.9182, -262.7742, -212.6917, -168.0720, -188.7019,
        -211.9245, -236.1996, -195.9970, -186.4614, -286.9995, -222.1620,
        -240.1528, -193.0288], device='cuda:0', grad_fn=<ViewBackward0>)
value loss is 6130.8515625, policy loss is 0.01675177551805973, reward loss is 702.6288452148438
reward tensor([ -94.,  -14., -109.,  -44.,  -60.,  -23.,  -80.,  -50.,  -22.,  -87.,
         -21.,   -5.,  -51.,  -83.,  -61.,  -49.,  -46.,  -62.,  -43.,  -76.],
       device='cuda:0'), pred reward tensor([-74.4097, -57.1702, -60.8219, -45.9411, -83.0104, -47.5544, -56.7729,
        -62.5631, -46.9932, -61.2044, -42.9948, -37.2327, -39.6308, -44.4231,
        -42.8917, -53.8086, -57.6111, -50.2105, -41.6508, -40.4533],
       device='cuda:0', grad_fn=<ViewBackward0>)
value is tensor([-303., -281., -315., -284., -268., -282., -367., -240., -305., -368.,
        -223., -222., -273., -283., -277., -396., -241., -332., -275., -192.],
       device='cuda:0'), pred value tensor([-286.1143, -281.1736, -300.5371, -265.3737, -286.7198, -201.9214,
        -253.1385, -285.1881, -302.5448, -253.3768, -271.1345, -225.3172,
        -244.7754, -224.6166, -230.4658, -277.5951, -290.0396, -204.3570,
        -207.9827, -152.9519], device='cuda:0', grad_fn=<ViewBackward0>)
value loss is 4159.36181640625, policy loss is 0.01570679433643818, reward loss is 636.1260986328125
reward tensor([ -94.,  -14., -109.,  -44.,  -60.,  -23.,  -80.,  -50.,  -22.,  -87.,
         -21.,   -5.,  -51.,  -83.,  -61.,  -49.,  -46.,  -62.,  -43.,  -76.],
       device='cuda:0'), pred reward tensor([-99.6882, -49.1944, -70.1846, -47.1511, -57.1655, -70.1038, -48.0186,
        -59.9370, -70.8756, -48.8070, -58.9066, -63.4702, -53.0816, -61.9543,
        -52.4870, -64.3092, -76.9284, -67.2444, -62.5146, -37.2393],
       device='cuda:0', grad_fn=<ViewBackward0>)
value is tensor([-303., -281., -315., -284., -268., -282., -367., -240., -305., -368.,
        -223., -222., -273., -283., -277., -396., -241., -332., -275., -192.],
       device='cuda:0'), pred value tensor([-403.2869, -259.6212, -310.6344, -230.7913, -287.3931, -270.7673,
        -337.5120, -322.4157, -310.3751, -290.8247, -233.7865, -272.7921,
        -307.1939, -352.2122, -300.0255, -274.4870, -274.0298, -252.1578,
        -225.7078, -225.3689], device='cuda:0', grad_fn=<ViewBackward0>)
value loss is 3123.704833984375, policy loss is 0.016735345125198364, reward loss is 923.025390625
reward tensor([ -94.,  -14., -109.,  -44.,  -60.,  -23.,  -80.,  -50.,  -22.,  -87.,
         -21.,   -5.,  -51.,  -83.,  -61.,  -49.,  -46.,  -62.,  -43.,  -76.],
       device='cuda:0'), pred reward tensor([-85.8633, -55.0727, -68.7440, -62.2883, -62.5665, -51.8532, -56.2457,
        -62.7038, -72.8126, -55.7236, -49.0188, -34.4245, -59.9522, -58.9674,
        -69.8308, -86.4922, -70.8945, -50.9125, -64.5866, -45.7373],
       device='cuda:0', grad_fn=<ViewBackward0>)
value is tensor([-303., -281., -315., -284., -268., -282., -367., -240., -305., -368.,
        -223., -222., -273., -283., -277., -396., -241., -332., -275., -192.],
       device='cuda:0'), pred value tensor([-407.9944, -270.3902, -389.7586, -346.4693, -391.4660, -331.7683,
        -291.5539, -381.2829, -353.0211, -408.0833, -268.7214, -314.8847,
        -289.9347, -327.7744, -284.2485, -364.0120, -374.2696, -284.4174,
        -292.8058, -417.8343], device='cuda:0', grad_fn=<ViewBackward0>)
value loss is 7667.1259765625, policy loss is 0.016575904563069344, reward loss is 737.48779296875
reward tensor([ -94.,  -14., -109.,  -44.,  -60.,  -23.,  -80.,  -50.,  -22.,  -87.,
         -21.,   -5.,  -51.,  -83.,  -61.,  -49.,  -46.,  -62.,  -43.,  -76.],
       device='cuda:0'), pred reward tensor([-76.5342, -59.6474, -72.7843, -53.5860, -56.7071, -61.0281, -55.1623,
        -56.4298, -63.7762, -66.8253, -57.3705, -62.4459, -49.7379, -54.1460,
        -51.4171, -59.6591, -72.6067, -63.6921, -47.2608, -52.9245],
       device='cuda:0', grad_fn=<ViewBackward0>)
value is tensor([-303., -281., -315., -284., -268., -282., -367., -240., -305., -368.,
        -223., -222., -273., -283., -277., -396., -241., -332., -275., -192.],
       device='cuda:0'), pred value tensor([-305.2758, -280.6367, -439.6112, -269.4182, -347.5520, -466.3256,
        -282.4809, -366.2764, -304.6922, -337.7673, -209.0194, -238.5328,
        -294.7365, -317.3537, -317.6180, -490.1914, -253.3336, -307.4484,
        -345.7079, -354.3703], device='cuda:0', grad_fn=<ViewBackward0>)
value loss is 6240.77685546875, policy loss is 0.017080720514059067, reward loss is 749.1780395507812
reward tensor([ -94.,  -14., -109.,  -44.,  -60.,  -23.,  -80.,  -50.,  -22.,  -87.,
         -21.,   -5.,  -51.,  -83.,  -61.,  -49.,  -46.,  -62.,  -43.,  -76.],
       device='cuda:0'), pred reward tensor([-57.5216, -47.0410, -74.6035, -47.8790, -55.3831, -53.5275, -53.2246,
        -45.3170, -63.0726, -50.8967, -38.1437, -48.8568, -40.2654, -59.2022,
        -48.9901, -47.4678, -55.4222, -46.8523, -52.9355, -43.2538],
       device='cuda:0', grad_fn=<ViewBackward0>)
value is tensor([-303., -281., -315., -284., -268., -282., -367., -240., -305., -368.,
        -223., -222., -273., -283., -277., -396., -241., -332., -275., -192.],
       device='cuda:0'), pred value tensor([-341.5311, -293.2302, -311.2534, -258.7871, -261.4803, -314.1613,
        -314.9337, -282.6765, -259.6394, -242.6206, -226.5703, -195.8654,
        -204.2636, -205.6927, -218.3639, -286.8012, -243.7289, -267.6503,
        -226.7078, -270.7849], device='cuda:0', grad_fn=<ViewBackward0>)
value loss is 3255.877685546875, policy loss is 0.017510801553726196, reward loss is 641.8889770507812
reward tensor([ -94.,  -14., -109.,  -44.,  -60.,  -23.,  -80.,  -50.,  -22.,  -87.,
         -21.,   -5.,  -51.,  -83.,  -61.,  -49.,  -46.,  -62.,  -43.,  -76.],
       device='cuda:0'), pred reward tensor([-62.4104, -51.5634, -52.2045, -51.1533, -42.0879, -51.8681, -35.1501,
        -49.4932, -49.1567, -54.0817, -45.2878, -45.6946, -45.4167, -54.5795,
        -51.7157, -55.8994, -47.1668, -51.2491, -39.0182, -35.7861],
       device='cuda:0', grad_fn=<ViewBackward0>)
value is tensor([-303., -281., -315., -284., -268., -282., -367., -240., -305., -368.,
        -223., -222., -273., -283., -277., -396., -241., -332., -275., -192.],
       device='cuda:0'), pred value tensor([-368.4771, -275.5925, -293.0793, -263.0371, -301.2421, -216.4009,
        -223.9989, -307.4943, -240.6621, -221.9747, -198.5696, -227.6400,
        -189.1778, -233.3381, -166.4241, -221.6183, -271.5048, -353.6799,
        -229.7128, -139.1656], device='cuda:0', grad_fn=<ViewBackward0>)
value loss is 6005.61767578125, policy loss is 0.025310959666967392, reward loss is 782.0744018554688
kl:0.00003,lr_multiplier:11.391,loss:6787.71728515625,entropy:0.08322738856077194,explained_var_old:0.022,explained_var_new:0.039
state_batch: [<state.MappingState object at 0x7f94e0dcb610>, <state.MappingState object at 0x7f94e0dcb610>, <state.MappingState object at 0x7f94e01442b0>, <state.MappingState object at 0x7f94ac0fd820>, <state.MappingState object at 0x7f94ac0fd820>, <state.MappingState object at 0x7f94ac113640>, <state.MappingState object at 0x7f949c0d5760>, <state.MappingState object at 0x7f94a4518880>, <state.MappingState object at 0x7f949c0d5760>, <state.MappingState object at 0x7f94e0bed9d0>, <state.MappingState object at 0x7f94e0a520d0>, <state.MappingState object at 0x7f94a4518880>, <state.MappingState object at 0x7f94ac0fd820>, <state.MappingState object at 0x7f94e0dcb610>, <state.MappingState object at 0x7f94e0d09c40>, <state.MappingState object at 0x7f94ac0fc3a0>, <state.MappingState object at 0x7f94ac113640>, <state.MappingState object at 0x7f94e01442b0>, <state.MappingState object at 0x7f94ac4515e0>, <state.MappingState object at 0x7f94ac0fd820>]
value loss is 7470.16943359375, policy loss is 15.066658020019531
value loss is 6984.0908203125, policy loss is 12.90176773071289
value loss is 7455.80615234375, policy loss is 11.435290336608887
value loss is 6237.05322265625, policy loss is 10.40994930267334
value loss is 7069.6142578125, policy loss is 10.378408432006836
value loss is 8422.3583984375, policy loss is 10.595907211303711
value loss is 9739.25, policy loss is 10.529984474182129
value loss is 6735.63134765625, policy loss is 10.318161964416504
value loss is 6629.2041015625, policy loss is 10.031961441040039
value loss is 6537.65185546875, policy loss is 9.445413589477539
value loss is 7875.2314453125, policy loss is 8.591185569763184
value loss is 9399.310546875, policy loss is 7.49764347076416
value loss is 6159.1142578125, policy loss is 6.534778118133545
value loss is 5247.38720703125, policy loss is 5.92751932144165
value loss is 6906.45947265625, policy loss is 5.446922779083252
value loss is 7089.42822265625, policy loss is 4.592747211456299
value loss is 7024.234375, policy loss is 4.304503440856934
value loss is 7122.24072265625, policy loss is 4.321742534637451
value loss is 5785.62060546875, policy loss is 4.773550510406494
value loss is 5829.04638671875, policy loss is 5.283472537994385
kl:0.00075,lr_multiplier:11.391,loss:5834.330078125,entropy:0.05853400379419327,explained_var_old:-0.078,explained_var_new:-0.122
current batch: 14
313
Mask initialization completed successfully
action type is <class 'numpy.int64'>
pre_reward is 0
WARNING: the state has no route legal actions
action type is <class 'numpy.int64'>
pre_reward is -1
WARNING: the state has no route legal actions
action type is <class 'numpy.int64'>
pre_reward is -2
WARNING: the state has no route legal actions
action type is <class 'numpy.int64'>
pre_reward is -3
WARNING: the state has no route legal actions
action type is <class 'numpy.int64'>
pre_reward is -4
WARNING: the state has no route legal actions
pre_reward is -5
WARNING: the state don't need to route actions
pre_reward is -77
cur reward is 72
pre_reward is -149
WARNING: the state don't need to route actions
pre_reward is -213
cur reward is 12
pre_reward is -225
cur reward is 13
WARNING: the state has no legal actions
cur move is -1
the mapping is success
current latency: 238.0
313
Mask initialization completed successfully
action type is <class 'numpy.int64'>
pre_reward is 0
WARNING: the state has no route legal actions
action type is <class 'numpy.int64'>
pre_reward is -1
WARNING: the state has no route legal actions
action type is <class 'numpy.int64'>
pre_reward is -2
WARNING: the state has no route legal actions
action type is <class 'numpy.int64'>
pre_reward is -3
WARNING: the state has no route legal actions
action type is <class 'numpy.int64'>
pre_reward is -4
WARNING: the state has no route legal actions
pre_reward is -5
cur reward is 51
pre_reward is -56
cur reward is 60
pre_reward is -116
cur reward is 40
pre_reward is -156
cur reward is 88
pre_reward is -244
cur reward is 12
WARNING: the state has no legal actions
cur move is -1
the mapping is success
collect data... | current latency: -256
reward tensor([ -81.,  -55.,  -72.,  -55.,  -88.,  -67.,  -51.,  -11.,  -40.,  -12.,
         -19.,  -46.,  -69.,  -44.,  -44., -109.,  -49.,  -68.,  -14.,  -60.],
       device='cuda:0'), pred reward tensor([-46.7028, -31.5448, -36.0056, -39.6548, -43.9880, -46.8015, -35.4502,
        -45.0262, -41.4913, -38.8629, -28.6966, -41.1095, -46.9576, -37.3567,
        -38.2896, -51.7905, -38.9153, -53.0656, -42.7082, -43.1035],
       device='cuda:0', grad_fn=<ViewBackward0>)
value is tensor([-269., -266., -330., -281., -323., -189., -256., -366., -254., -252.,
        -395., -241., -325., -284., -283., -315., -267., -314., -281., -268.],
       device='cuda:0'), pred value tensor([-177.6600, -221.6540, -170.8585, -152.4926, -170.9646, -147.1257,
        -164.6756, -206.5897, -174.0098, -197.9365, -204.4408, -168.3360,
        -187.6162, -177.5764, -187.9409, -200.1980, -203.3280, -177.9285,
        -222.5248, -196.7510], device='cuda:0', grad_fn=<ViewBackward0>)
value loss is 12258.2646484375, policy loss is 0.019954901188611984, reward loss is 655.6920166015625
reward tensor([ -81.,  -55.,  -72.,  -55.,  -88.,  -67.,  -51.,  -11.,  -40.,  -12.,
         -19.,  -46.,  -69.,  -44.,  -44., -109.,  -49.,  -68.,  -14.,  -60.],
       device='cuda:0'), pred reward tensor([-55.3004, -43.9463, -46.6412, -46.4400, -50.8550, -34.2853, -49.7428,
        -42.5051, -57.2302, -39.8375, -56.7549, -47.7251, -50.0576, -41.0389,
        -43.2955, -59.9089, -39.4001, -67.4856, -42.7933, -48.5478],
       device='cuda:0', grad_fn=<ViewBackward0>)
value is tensor([-269., -266., -330., -281., -323., -189., -256., -366., -254., -252.,
        -395., -241., -325., -284., -283., -315., -267., -314., -281., -268.],
       device='cuda:0'), pred value tensor([-300.8069, -258.7827, -247.8516, -274.7921, -275.0417, -191.1581,
        -244.1463, -238.6891, -213.5758, -226.5179, -258.9384, -296.5815,
        -229.3814, -267.1290, -339.4460, -208.5620, -311.3436, -208.6334,
        -218.3625, -208.6598], device='cuda:0', grad_fn=<ViewBackward0>)
value loss is 4742.2666015625, policy loss is 0.013142441399395466, reward loss is 563.7006225585938
reward tensor([ -81.,  -55.,  -72.,  -55.,  -88.,  -67.,  -51.,  -11.,  -40.,  -12.,
         -19.,  -46.,  -69.,  -44.,  -44., -109.,  -49.,  -68.,  -14.,  -60.],
       device='cuda:0'), pred reward tensor([-51.2937, -53.8250, -42.3691, -59.2066, -55.5970, -50.2484, -51.1284,
        -51.4088, -54.7390, -62.4295, -53.6533, -68.8944, -58.8520, -60.4175,
        -49.0949, -64.2893, -62.5127, -60.9120, -49.4222, -65.7621],
       device='cuda:0', grad_fn=<ViewBackward0>)
value is tensor([-269., -266., -330., -281., -323., -189., -256., -366., -254., -252.,
        -395., -241., -325., -284., -283., -315., -267., -314., -281., -268.],
       device='cuda:0'), pred value tensor([-305.4442, -274.5139, -328.5087, -324.2788, -311.7750, -349.7341,
        -357.8426, -267.4535, -240.1184, -284.4510, -360.7045, -304.6800,
        -279.1928, -336.9336, -311.7565, -312.5641, -250.2045, -343.2227,
        -289.9241, -229.9075], device='cuda:0', grad_fn=<ViewBackward0>)
value loss is 3209.885498046875, policy loss is 0.01633910834789276, reward loss is 657.3325805664062
reward tensor([ -81.,  -55.,  -72.,  -55.,  -88.,  -67.,  -51.,  -11.,  -40.,  -12.,
         -19.,  -46.,  -69.,  -44.,  -44., -109.,  -49.,  -68.,  -14.,  -60.],
       device='cuda:0'), pred reward tensor([-78.5312, -50.9484, -69.1038, -55.1623, -53.1036, -62.0388, -62.6197,
        -59.1658, -68.7133, -44.4159, -54.8967, -76.8885, -71.9091, -53.6193,
        -62.3313, -64.8623, -58.7538, -65.7338, -54.8186, -67.2586],
       device='cuda:0', grad_fn=<ViewBackward0>)
value is tensor([-269., -266., -330., -281., -323., -189., -256., -366., -254., -252.,
        -395., -241., -325., -284., -283., -315., -267., -314., -281., -268.],
       device='cuda:0'), pred value tensor([-311.3324, -308.2615, -429.7180, -430.8941, -322.1723, -369.3259,
        -364.8662, -378.6594, -444.3840, -289.2940, -491.5411, -421.8777,
        -380.4189, -473.6499, -357.2818, -345.8402, -480.1255, -334.7586,
        -347.4985, -385.1270], device='cuda:0', grad_fn=<ViewBackward0>)
value loss is 13484.7763671875, policy loss is 0.015256760641932487, reward loss is 602.522705078125
reward tensor([ -81.,  -55.,  -72.,  -55.,  -88.,  -67.,  -51.,  -11.,  -40.,  -12.,
         -19.,  -46.,  -69.,  -44.,  -44., -109.,  -49.,  -68.,  -14.,  -60.],
       device='cuda:0'), pred reward tensor([-56.0171, -47.7292, -64.7317, -66.5583, -69.4837, -57.3897, -42.2978,
        -52.4186, -74.8021, -51.1167, -47.2589, -62.6726, -51.6059, -55.3014,
        -57.1893, -55.1090, -38.9103, -67.4809, -48.7646, -61.8953],
       device='cuda:0', grad_fn=<ViewBackward0>)
value is tensor([-269., -266., -330., -281., -323., -189., -256., -366., -254., -252.,
        -395., -241., -325., -284., -283., -315., -267., -314., -281., -268.],
       device='cuda:0'), pred value tensor([-350.9294, -339.8330, -324.8444, -284.9904, -268.9919, -289.6187,
        -375.9656, -274.5498, -425.0743, -324.6170, -331.0756, -290.4963,
        -330.0153, -317.7044, -259.9941, -288.5847, -275.7667, -321.5840,
        -260.8218, -324.4164], device='cuda:0', grad_fn=<ViewBackward0>)
value loss is 4759.52587890625, policy loss is 0.011794954538345337, reward loss is 586.5216064453125
reward tensor([ -81.,  -55.,  -72.,  -55.,  -88.,  -67.,  -51.,  -11.,  -40.,  -12.,
         -19.,  -46.,  -69.,  -44.,  -44., -109.,  -49.,  -68.,  -14.,  -60.],
       device='cuda:0'), pred reward tensor([-45.4613, -44.2821, -41.3792, -39.1776, -46.8715, -39.6342, -50.4207,
        -38.8366, -59.1050, -54.7438, -48.1315, -57.3030, -52.5807, -42.6478,
        -42.5503, -67.9744, -40.6668, -69.6418, -35.5717, -55.1564],
       device='cuda:0', grad_fn=<ViewBackward0>)
value is tensor([-269., -266., -330., -281., -323., -189., -256., -366., -254., -252.,
        -395., -241., -325., -284., -283., -315., -267., -314., -281., -268.],
       device='cuda:0'), pred value tensor([-272.0504, -262.8899, -302.8950, -235.8262, -277.3483, -211.0289,
        -260.6104, -284.5990, -274.3935, -223.3180, -302.4746, -241.8859,
        -246.9784, -343.2989, -298.9938, -317.7349, -238.7061, -288.7462,
        -232.4400, -231.3090], device='cuda:0', grad_fn=<ViewBackward0>)
value loss is 1841.0474853515625, policy loss is 0.017195355147123337, reward loss is 573.375
reward tensor([ -81.,  -55.,  -72.,  -55.,  -88.,  -67.,  -51.,  -11.,  -40.,  -12.,
         -19.,  -46.,  -69.,  -44.,  -44., -109.,  -49.,  -68.,  -14.,  -60.],
       device='cuda:0'), pred reward tensor([-54.8351, -36.4539, -43.3842, -49.1557, -53.7638, -40.1151, -43.6171,
        -39.3795, -48.2704, -36.9030, -37.2538, -45.9253, -49.9910, -41.2294,
        -37.9254, -54.8468, -37.7573, -52.2627, -28.4494, -53.3604],
       device='cuda:0', grad_fn=<ViewBackward0>)
value is tensor([-269., -266., -330., -281., -323., -189., -256., -366., -254., -252.,
        -395., -241., -325., -284., -283., -315., -267., -314., -281., -268.],
       device='cuda:0'), pred value tensor([-203.9789, -253.9988, -206.1777, -236.6425, -246.5546, -183.7579,
        -260.6054, -295.8088, -315.2654, -202.7464, -222.1386, -213.4481,
        -219.3030, -242.1042, -201.8051, -244.1761, -228.3113, -295.3959,
        -201.1030, -211.1516], device='cuda:0', grad_fn=<ViewBackward0>)
value loss is 5265.21044921875, policy loss is 0.014936170540750027, reward loss is 481.178955078125
reward tensor([ -81.,  -55.,  -72.,  -55.,  -88.,  -67.,  -51.,  -11.,  -40.,  -12.,
         -19.,  -46.,  -69.,  -44.,  -44., -109.,  -49.,  -68.,  -14.,  -60.],
       device='cuda:0'), pred reward tensor([-44.7316, -41.5070, -47.4680, -42.7505, -44.3668, -46.2908, -36.6749,
        -31.9383, -40.1273, -37.9286, -43.5984, -40.1919, -45.8524, -34.3492,
        -42.2420, -43.7103, -45.4707, -58.6313, -34.9067, -53.4098],
       device='cuda:0', grad_fn=<ViewBackward0>)
value is tensor([-269., -266., -330., -281., -323., -189., -256., -366., -254., -252.,
        -395., -241., -325., -284., -283., -315., -267., -314., -281., -268.],
       device='cuda:0'), pred value tensor([-206.8201, -214.6915, -233.9524, -233.3404, -224.1491, -195.3968,
        -239.5931, -221.2553, -218.7136, -250.9496, -188.4006, -216.7992,
        -198.5041, -195.9473, -217.6240, -244.4142, -244.6966, -253.3670,
        -241.0596, -285.3286], device='cuda:0', grad_fn=<ViewBackward0>)
value loss is 6631.17529296875, policy loss is 0.015313210897147655, reward loss is 600.61669921875
reward tensor([ -81.,  -55.,  -72.,  -55.,  -88.,  -67.,  -51.,  -11.,  -40.,  -12.,
         -19.,  -46.,  -69.,  -44.,  -44., -109.,  -49.,  -68.,  -14.,  -60.],
       device='cuda:0'), pred reward tensor([-41.9529, -36.4820, -44.7277, -41.9357, -39.5029, -47.8805, -47.0609,
        -34.7633, -52.1874, -44.1366, -43.9105, -47.6092, -61.8532, -44.7683,
        -49.4242, -56.1086, -42.6419, -50.0473, -41.2110, -61.1569],
       device='cuda:0', grad_fn=<ViewBackward0>)
value is tensor([-269., -266., -330., -281., -323., -189., -256., -366., -254., -252.,
        -395., -241., -325., -284., -283., -315., -267., -314., -281., -268.],
       device='cuda:0'), pred value tensor([-253.3223, -184.0484, -204.2777, -246.4499, -252.9541, -222.7997,
        -286.1242, -252.3418, -253.6029, -281.9887, -228.8589, -245.4882,
        -209.7722, -188.9366, -253.9375, -310.5194, -252.1903, -310.1559,
        -228.8432, -304.5244], device='cuda:0', grad_fn=<ViewBackward0>)
value loss is 4991.31494140625, policy loss is 0.02141324244439602, reward loss is 593.3646240234375
reward tensor([ -81.,  -55.,  -72.,  -55.,  -88.,  -67.,  -51.,  -11.,  -40.,  -12.,
         -19.,  -46.,  -69.,  -44.,  -44., -109.,  -49.,  -68.,  -14.,  -60.],
       device='cuda:0'), pred reward tensor([-57.6119, -49.6559, -49.7365, -52.7180, -54.6665, -64.5609, -50.5089,
        -45.4710, -55.3264, -47.4212, -46.8748, -50.0931, -51.2299, -42.4464,
        -43.4283, -62.9114, -47.2528, -59.5533, -43.4759, -53.2927],
       device='cuda:0', grad_fn=<ViewBackward0>)
value is tensor([-269., -266., -330., -281., -323., -189., -256., -366., -254., -252.,
        -395., -241., -325., -284., -283., -315., -267., -314., -281., -268.],
       device='cuda:0'), pred value tensor([-239.3743, -246.0982, -235.6266, -291.7278, -296.9477, -178.0130,
        -272.5599, -284.7271, -301.1145, -272.9572, -253.1053, -315.0748,
        -235.9276, -282.5762, -256.2014, -349.0573, -271.2932, -351.1506,
        -293.5309, -278.2229], device='cuda:0', grad_fn=<ViewBackward0>)
value loss is 2886.420654296875, policy loss is 0.018571583554148674, reward loss is 454.81005859375
reward tensor([ -81.,  -55.,  -72.,  -55.,  -88.,  -67.,  -51.,  -11.,  -40.,  -12.,
         -19.,  -46.,  -69.,  -44.,  -44., -109.,  -49.,  -68.,  -14.,  -60.],
       device='cuda:0'), pred reward tensor([-80.6929, -65.1688, -70.3027, -72.0478, -53.7642, -52.7059, -59.4912,
        -65.0741, -59.5475, -65.0784, -54.6018, -51.8155, -85.9210, -45.4231,
        -55.3344, -82.0925, -67.2585, -55.5283, -60.3249, -64.5752],
       device='cuda:0', grad_fn=<ViewBackward0>)
value is tensor([-269., -266., -330., -281., -323., -189., -256., -366., -254., -252.,
        -395., -241., -325., -284., -283., -315., -267., -314., -281., -268.],
       device='cuda:0'), pred value tensor([-342.8992, -310.1245, -368.8423, -379.7384, -255.9011, -295.2095,
        -374.0240, -347.3906, -305.8840, -314.5450, -421.7516, -328.7136,
        -298.2149, -333.0770, -375.1316, -431.5202, -243.1822, -394.1391,
        -335.6941, -347.5704], device='cuda:0', grad_fn=<ViewBackward0>)
value loss is 5262.07763671875, policy loss is 0.01753110997378826, reward loss is 653.3461303710938
reward tensor([ -81.,  -55.,  -72.,  -55.,  -88.,  -67.,  -51.,  -11.,  -40.,  -12.,
         -19.,  -46.,  -69.,  -44.,  -44., -109.,  -49.,  -68.,  -14.,  -60.],
       device='cuda:0'), pred reward tensor([-65.4457, -63.3937, -68.1909, -60.4626, -42.2538, -60.7298, -67.0059,
        -56.2164, -60.6904, -50.8025, -51.0076, -72.5517, -68.8493, -52.9358,
        -45.5816, -63.9725, -52.3432, -65.9936, -37.4109, -73.1311],
       device='cuda:0', grad_fn=<ViewBackward0>)
value is tensor([-269., -266., -330., -281., -323., -189., -256., -366., -254., -252.,
        -395., -241., -325., -284., -283., -315., -267., -314., -281., -268.],
       device='cuda:0'), pred value tensor([-301.0085, -313.3355, -281.0842, -294.4206, -305.2161, -290.9997,
        -341.7120, -336.7812, -335.8329, -309.7505, -338.8937, -355.5441,
        -273.2509, -407.1188, -314.2061, -304.9799, -284.7371, -404.5493,
        -278.9372, -335.5912], device='cuda:0', grad_fn=<ViewBackward0>)
value loss is 4152.78076171875, policy loss is 0.01134873740375042, reward loss is 564.9118041992188
reward tensor([ -81.,  -55.,  -72.,  -55.,  -88.,  -67.,  -51.,  -11.,  -40.,  -12.,
         -19.,  -46.,  -69.,  -44.,  -44., -109.,  -49.,  -68.,  -14.,  -60.],
       device='cuda:0'), pred reward tensor([-60.5996, -46.6289, -48.2082, -50.9806, -62.7237, -44.1445, -43.8333,
        -41.5955, -59.9130, -44.9047, -66.5771, -64.9045, -60.5597, -69.4267,
        -57.5851, -60.6949, -46.8802, -60.6556, -55.4656, -52.8652],
       device='cuda:0', grad_fn=<ViewBackward0>)
value is tensor([-269., -266., -330., -281., -323., -189., -256., -366., -254., -252.,
        -395., -241., -325., -284., -283., -315., -267., -314., -281., -268.],
       device='cuda:0'), pred value tensor([-249.7733, -262.5809, -313.2310, -317.0402, -285.4104, -240.6671,
        -277.5674, -391.9387, -251.1663, -279.7530, -247.3766, -290.6274,
        -263.0906, -236.4038, -321.9372, -284.8031, -270.7921, -368.5411,
        -253.7351, -349.7359], device='cuda:0', grad_fn=<ViewBackward0>)
value loss is 2557.75439453125, policy loss is 0.015188153833150864, reward loss is 619.0905151367188
reward tensor([ -81.,  -55.,  -72.,  -55.,  -88.,  -67.,  -51.,  -11.,  -40.,  -12.,
         -19.,  -46.,  -69.,  -44.,  -44., -109.,  -49.,  -68.,  -14.,  -60.],
       device='cuda:0'), pred reward tensor([-59.8034, -49.7553, -60.2792, -52.2210, -60.1206, -50.8284, -60.5185,
        -44.6699, -64.9215, -46.5821, -47.5524, -53.6113, -49.9287, -63.0434,
        -39.5075, -60.7560, -50.8087, -65.7305, -44.6897, -57.8716],
       device='cuda:0', grad_fn=<ViewBackward0>)
value is tensor([-269., -266., -330., -281., -323., -189., -256., -366., -254., -252.,
        -395., -241., -325., -284., -283., -315., -267., -314., -281., -268.],
       device='cuda:0'), pred value tensor([-301.6861, -361.6639, -260.3416, -237.2341, -259.7898, -363.7666,
        -286.9221, -272.9888, -197.1528, -270.4417, -233.1161, -263.2414,
        -205.3110, -272.2581, -254.0704, -278.9930, -260.4049, -320.2670,
        -222.6206, -242.0759], device='cuda:0', grad_fn=<ViewBackward0>)
value loss is 5608.31982421875, policy loss is 0.01734541915357113, reward loss is 480.1979064941406
reward tensor([ -81.,  -55.,  -72.,  -55.,  -88.,  -67.,  -51.,  -11.,  -40.,  -12.,
         -19.,  -46.,  -69.,  -44.,  -44., -109.,  -49.,  -68.,  -14.,  -60.],
       device='cuda:0'), pred reward tensor([-53.5168, -40.6296, -54.9509, -56.7725, -43.4178, -40.1070, -40.5892,
        -56.4489, -52.2041, -41.4616, -38.3170, -56.7016, -45.8193, -61.7223,
        -45.1775, -59.8940, -47.3522, -53.8821, -48.9325, -48.7481],
       device='cuda:0', grad_fn=<ViewBackward0>)
value is tensor([-269., -266., -330., -281., -323., -189., -256., -366., -254., -252.,
        -395., -241., -325., -284., -283., -315., -267., -314., -281., -268.],
       device='cuda:0'), pred value tensor([-241.4942, -244.6866, -218.9246, -266.0946, -251.4299, -208.2749,
        -234.9214, -232.0407, -223.6470, -223.3884, -263.8568, -207.8624,
        -242.8558, -294.0522, -280.8894, -279.9883, -259.4211, -278.6289,
        -188.3013, -208.6140], device='cuda:0', grad_fn=<ViewBackward0>)
value loss is 3959.890380859375, policy loss is 0.016371382400393486, reward loss is 622.908203125
reward tensor([ -81.,  -55.,  -72.,  -55.,  -88.,  -67.,  -51.,  -11.,  -40.,  -12.,
         -19.,  -46.,  -69.,  -44.,  -44., -109.,  -49.,  -68.,  -14.,  -60.],
       device='cuda:0'), pred reward tensor([-45.3727, -43.9398, -37.9968, -49.4953, -44.6427, -41.0054, -39.7867,
        -50.7015, -44.6266, -40.8103, -38.4811, -45.0174, -60.2351, -40.6544,
        -53.3414, -54.2813, -51.5894, -48.2904, -44.8707, -56.1281],
       device='cuda:0', grad_fn=<ViewBackward0>)
value is tensor([-269., -266., -330., -281., -323., -189., -256., -366., -254., -252.,
        -395., -241., -325., -284., -283., -315., -267., -314., -281., -268.],
       device='cuda:0'), pred value tensor([-242.3788, -285.7803, -273.8885, -181.3271, -260.7909, -205.2363,
        -264.7364, -273.5899, -229.6918, -278.9749, -286.5266, -259.9002,
        -289.3229, -225.0104, -245.0018, -255.8680, -197.1171, -227.3992,
        -292.1688, -237.7426], device='cuda:0', grad_fn=<ViewBackward0>)
value loss is 3174.57958984375, policy loss is 0.014482676982879639, reward loss is 630.0082397460938
reward tensor([ -81.,  -55.,  -72.,  -55.,  -88.,  -67.,  -51.,  -11.,  -40.,  -12.,
         -19.,  -46.,  -69.,  -44.,  -44., -109.,  -49.,  -68.,  -14.,  -60.],
       device='cuda:0'), pred reward tensor([-55.1788, -37.5393, -53.7728, -56.1158, -47.8496, -42.5569, -53.6302,
        -44.5953, -49.9336, -39.8195, -39.9432, -50.6098, -65.6971, -44.4662,
        -37.9976, -67.7790, -47.8643, -57.6003, -31.5477, -65.4943],
       device='cuda:0', grad_fn=<ViewBackward0>)
value is tensor([-269., -266., -330., -281., -323., -189., -256., -366., -254., -252.,
        -395., -241., -325., -284., -283., -315., -267., -314., -281., -268.],
       device='cuda:0'), pred value tensor([-250.4438, -299.8660, -238.8418, -220.0691, -283.0866, -212.9816,
        -193.3891, -311.2813, -273.6497, -258.7917, -368.7791, -261.5602,
        -341.5144, -341.6297, -298.4718, -303.4744, -276.5596, -270.6937,
        -302.7622, -266.5799], device='cuda:0', grad_fn=<ViewBackward0>)
value loss is 1527.3564453125, policy loss is 0.013252755627036095, reward loss is 408.8259582519531
reward tensor([ -81.,  -55.,  -72.,  -55.,  -88.,  -67.,  -51.,  -11.,  -40.,  -12.,
         -19.,  -46.,  -69.,  -44.,  -44., -109.,  -49.,  -68.,  -14.,  -60.],
       device='cuda:0'), pred reward tensor([-46.2187, -55.2851, -43.9424, -57.4595, -40.8052, -56.3363, -44.9460,
        -43.6204, -59.0155, -45.3534, -41.5467, -49.7120, -55.2888, -49.9863,
        -46.2095, -51.4006, -47.1639, -60.6584, -41.4998, -57.3430],
       device='cuda:0', grad_fn=<ViewBackward0>)
value is tensor([-269., -266., -330., -281., -323., -189., -256., -366., -254., -252.,
        -395., -241., -325., -284., -283., -315., -267., -314., -281., -268.],
       device='cuda:0'), pred value tensor([-224.2902, -286.4876, -294.4023, -250.4216, -333.8910, -239.9751,
        -299.7281, -274.3315, -301.8912, -350.3027, -291.2780, -303.7835,
        -266.0123, -286.1206, -364.3614, -251.2053, -257.2748, -326.5243,
        -316.4791, -294.7120], device='cuda:0', grad_fn=<ViewBackward0>)
value loss is 3035.375244140625, policy loss is 0.013674600049853325, reward loss is 590.4029541015625
reward tensor([ -81.,  -55.,  -72.,  -55.,  -88.,  -67.,  -51.,  -11.,  -40.,  -12.,
         -19.,  -46.,  -69.,  -44.,  -44., -109.,  -49.,  -68.,  -14.,  -60.],
       device='cuda:0'), pred reward tensor([-70.3368, -34.0466, -48.4648, -55.8091, -47.6162, -56.9520, -49.8448,
        -46.6212, -53.3223, -34.3887, -58.1608, -59.8740, -55.6918, -38.9690,
        -44.9086, -63.3619, -50.6341, -63.4885, -46.7490, -58.2216],
       device='cuda:0', grad_fn=<ViewBackward0>)
value is tensor([-269., -266., -330., -281., -323., -189., -256., -366., -254., -252.,
        -395., -241., -325., -284., -283., -315., -267., -314., -281., -268.],
       device='cuda:0'), pred value tensor([-318.8874, -276.8994, -318.0985, -347.7155, -275.7432, -236.5029,
        -430.4481, -327.9003, -297.7202, -313.0732, -299.3977, -383.9911,
        -346.7119, -330.4270, -261.9694, -375.3743, -286.9454, -348.3521,
        -283.8859, -314.2581], device='cuda:0', grad_fn=<ViewBackward0>)
value loss is 4462.07470703125, policy loss is 0.012844297103583813, reward loss is 494.9443359375
reward tensor([ -81.,  -55.,  -72.,  -55.,  -88.,  -67.,  -51.,  -11.,  -40.,  -12.,
         -19.,  -46.,  -69.,  -44.,  -44., -109.,  -49.,  -68.,  -14.,  -60.],
       device='cuda:0'), pred reward tensor([-68.3645, -50.3260, -51.5632, -53.1193, -48.1993, -54.1965, -56.3212,
        -43.1324, -57.0729, -41.5713, -51.4123, -48.9173, -55.5007, -42.2519,
        -57.5015, -62.2235, -56.3139, -59.2166, -45.0203, -63.3269],
       device='cuda:0', grad_fn=<ViewBackward0>)
value is tensor([-269., -266., -330., -281., -323., -189., -256., -366., -254., -252.,
        -395., -241., -325., -284., -283., -315., -267., -314., -281., -268.],
       device='cuda:0'), pred value tensor([-306.9729, -286.4908, -344.4105, -360.4448, -244.2078, -283.6595,
        -259.6537, -306.4459, -268.8145, -301.9563, -321.4002, -324.5070,
        -282.6026, -292.9591, -282.3729, -328.2756, -270.7658, -367.3998,
        -301.0459, -356.1633], device='cuda:0', grad_fn=<ViewBackward0>)
value loss is 2765.49267578125, policy loss is 0.008935246616601944, reward loss is 464.8062438964844
kl:0.00003,lr_multiplier:11.391,loss:3230.307861328125,entropy:0.011436260305345058,explained_var_old:-0.068,explained_var_new:-0.807
state_batch: [<state.MappingState object at 0x7f94ac0fc3a0>, <state.MappingState object at 0x7f94e0bed9d0>, <state.MappingState object at 0x7f94a4262c70>, <state.MappingState object at 0x7f94e0a520d0>, <state.MappingState object at 0x7f94a4262c70>, <state.MappingState object at 0x7f94ac4515e0>, <state.MappingState object at 0x7f94ace35d00>, <state.MappingState object at 0x7f94ac113640>, <state.MappingState object at 0x7f94ac113640>, <state.MappingState object at 0x7f94ac4515e0>, <state.MappingState object at 0x7f94ac0fd820>, <state.MappingState object at 0x7f94e0a520d0>, <state.MappingState object at 0x7f94ace35d00>, <state.MappingState object at 0x7f94ac0fd820>, <state.MappingState object at 0x7f949c25c790>, <state.MappingState object at 0x7f949c0d5760>, <state.MappingState object at 0x7f94ac0fd820>, <state.MappingState object at 0x7f94ac113640>, <state.MappingState object at 0x7f94e0bed9d0>, <state.MappingState object at 0x7f94e01442b0>]
value loss is 21558.53125, policy loss is 23.433359146118164
value loss is 5471.2705078125, policy loss is 17.471445083618164
value loss is 4397.59716796875, policy loss is 13.532984733581543
value loss is 8072.36279296875, policy loss is 10.381410598754883
value loss is 11121.5048828125, policy loss is 10.361818313598633
value loss is 13451.921875, policy loss is 10.562870979309082
value loss is 13579.2158203125, policy loss is 10.680654525756836
value loss is 13684.171875, policy loss is 10.774707794189453
value loss is 12919.4765625, policy loss is 10.801276206970215
value loss is 10993.0732421875, policy loss is 10.764220237731934
value loss is 8735.3525390625, policy loss is 10.683300971984863
value loss is 6159.42333984375, policy loss is 10.559698104858398
value loss is 3563.210205078125, policy loss is 10.434301376342773
value loss is 3982.415771484375, policy loss is 10.280509948730469
value loss is 8301.0654296875, policy loss is 9.755545616149902
value loss is 7986.13916015625, policy loss is 9.520468711853027
value loss is 6905.79052734375, policy loss is 9.308574676513672
value loss is 3578.71533203125, policy loss is 9.08267879486084
value loss is 3678.8515625, policy loss is 8.814332008361816
value loss is 4221.39501953125, policy loss is 8.222641944885254
kl:0.00075,lr_multiplier:11.391,loss:4229.61767578125,entropy:0.7304551005363464,explained_var_old:-0.017,explained_var_new:-0.022
current batch: 15
313
Mask initialization completed successfully
action type is <class 'numpy.int64'>
pre_reward is 0
WARNING: the state has no route legal actions
action type is <class 'numpy.int64'>
action type is <class 'numpy.int64'>
pre_reward is -1
WARNING: the state has no route legal actions
action type is <class 'numpy.int64'>
pre_reward is -2
WARNING: the state has no route legal actions
action type is <class 'numpy.int64'>
pre_reward is -3
WARNING: the state has no route legal actions
pre_reward is -4
cur reward is 136
action type is <class 'numpy.int64'>
pre_reward is -140
WARNING: the state has no route legal actions
pre_reward is -141
WARNING: the state don't need to route actions
pre_reward is -269
cur reward is 73
pre_reward is -342
cur reward is 37
pre_reward is -379
WARNING: the state don't need to route actions
WARNING: the state has no legal actions
cur move is -1
the mapping is success
current latency: 393.0
313
Mask initialization completed successfully
action type is <class 'numpy.int64'>
pre_reward is 0
WARNING: the state has no route legal actions
action type is <class 'numpy.int64'>
action type is <class 'numpy.int64'>
pre_reward is -1
WARNING: the state has no route legal actions
action type is <class 'numpy.int64'>
pre_reward is -2
WARNING: the state has no route legal actions
action type is <class 'numpy.int64'>
pre_reward is -3
WARNING: the state has no route legal actions
action type is <class 'numpy.int64'>
pre_reward is -4
WARNING: the state has no route legal actions
pre_reward is -5
cur reward is 142
pre_reward is -147
cur reward is 72
pre_reward is -219
WARNING: the state don't need to route actions
pre_reward is -271
cur reward is 64
pre_reward is -335
WARNING: the state don't need to route actions
WARNING: the state has no legal actions
cur move is -1
the mapping is success
collect data... | current latency: -354
reward tensor([ -72.,  -76.,  -40.,  -22.,  -51., -142.,  -55.,  -88.,  -43.,  -50.,
         -56.,   -5.,  -78.,  -44.,  -43.,  -51.,  -70.,  -19.,  -21.,  -94.],
       device='cuda:0'), pred reward tensor([-33.6559, -18.4405, -39.3961, -36.5613, -32.1760, -46.1339, -37.4798,
        -30.7896, -39.1877, -30.3009, -22.1050, -12.9563, -43.2783, -19.6152,
        -24.3012, -26.6791, -40.8085, -34.4541, -32.7852, -54.7832],
       device='cuda:0', grad_fn=<ViewBackward0>)
value is tensor([-330., -192., -254., -305., -225., -354., -281., -323., -275., -240.,
        -238., -188., -347., -284., -274., -273., -239., -191., -223., -303.],
       device='cuda:0'), pred value tensor([-125.9773, -102.5446, -125.4187, -133.0108, -128.8743, -199.5217,
         -96.2266, -172.8820,  -99.4589,  -97.2155, -123.4213, -108.9698,
        -156.2210, -136.9021,  -86.8467, -122.8192, -159.9343,  -98.1508,
         -90.9308, -134.4969], device='cuda:0', grad_fn=<ViewBackward0>)
value loss is 21621.013671875, policy loss is 0.11831998080015182, reward loss is 1262.2174072265625
reward tensor([ -72.,  -76.,  -40.,  -22.,  -51., -142.,  -55.,  -88.,  -43.,  -50.,
         -56.,   -5.,  -78.,  -44.,  -43.,  -51.,  -70.,  -19.,  -21.,  -94.],
       device='cuda:0'), pred reward tensor([-28.7040, -19.3662, -38.3247, -53.8721, -33.5613, -50.5150, -42.8527,
        -41.1753, -42.3701, -31.5611, -23.7918, -20.2451, -43.7224, -29.9708,
        -35.2897, -25.3948, -42.5139, -40.0033, -50.6252, -58.9276],
       device='cuda:0', grad_fn=<ViewBackward0>)
value is tensor([-330., -192., -254., -305., -225., -354., -281., -323., -275., -240.,
        -238., -188., -347., -284., -274., -273., -239., -191., -223., -303.],
       device='cuda:0'), pred value tensor([-107.0491,  -82.4059, -179.1751, -128.9799, -103.2730, -162.9130,
        -148.6296, -156.2136, -128.0178, -156.8065, -138.9997, -137.2847,
        -134.9901, -117.6353, -104.9063, -144.3100, -114.0405, -107.3329,
        -116.6450, -201.7267], device='cuda:0', grad_fn=<ViewBackward0>)
value loss is 19891.556640625, policy loss is 0.06944847106933594, reward loss is 1205.7838134765625
reward tensor([ -72.,  -76.,  -40.,  -22.,  -51., -142.,  -55.,  -88.,  -43.,  -50.,
         -56.,   -5.,  -78.,  -44.,  -43.,  -51.,  -70.,  -19.,  -21.,  -94.],
       device='cuda:0'), pred reward tensor([-43.2343, -43.7163, -52.1617, -58.6356, -44.8360, -52.3625, -38.6477,
        -38.6776, -47.5912, -36.8036, -38.2324, -27.0687, -54.0256, -28.2483,
        -43.8141, -41.4048, -45.2889, -39.4351, -44.5648, -76.8302],
       device='cuda:0', grad_fn=<ViewBackward0>)
value is tensor([-330., -192., -254., -305., -225., -354., -281., -323., -275., -240.,
        -238., -188., -347., -284., -274., -273., -239., -191., -223., -303.],
       device='cuda:0'), pred value tensor([-138.9226, -103.2177, -143.7132, -191.7722, -139.7010, -214.6519,
        -145.3040, -178.1659, -121.7598, -160.8091, -163.4036, -115.8123,
        -159.1313, -184.3928, -129.5629, -132.2582, -147.2455,  -98.1506,
        -129.4028, -190.8453], device='cuda:0', grad_fn=<ViewBackward0>)
value loss is 15012.7861328125, policy loss is 0.02554706670343876, reward loss is 896.2318725585938
reward tensor([ -72.,  -76.,  -40.,  -22.,  -51., -142.,  -55.,  -88.,  -43.,  -50.,
         -56.,   -5.,  -78.,  -44.,  -43.,  -51.,  -70.,  -19.,  -21.,  -94.],
       device='cuda:0'), pred reward tensor([-59.0003, -51.7573, -66.5818, -54.3795, -54.9122, -78.3635, -53.5745,
        -52.3194, -64.2740, -48.3887, -46.4310, -29.8584, -50.0282, -43.9127,
        -44.9073, -54.3045, -57.9668, -55.7981, -46.1839, -72.2669],
       device='cuda:0', grad_fn=<ViewBackward0>)
value is tensor([-330., -192., -254., -305., -225., -354., -281., -323., -275., -240.,
        -238., -188., -347., -284., -274., -273., -239., -191., -223., -303.],
       device='cuda:0'), pred value tensor([-168.6002, -161.2796, -181.3313, -195.2703, -179.8502, -276.0350,
        -202.7076, -213.0965, -166.5796, -172.0122, -219.0762, -160.0175,
        -258.2766, -211.4759, -156.3782, -144.3344, -198.1125, -137.7847,
        -164.4934, -204.0484], device='cuda:0', grad_fn=<ViewBackward0>)
value loss is 7469.91943359375, policy loss is 0.014321239665150642, reward loss is 620.9450073242188
reward tensor([ -72.,  -76.,  -40.,  -22.,  -51., -142.,  -55.,  -88.,  -43.,  -50.,
         -56.,   -5.,  -78.,  -44.,  -43.,  -51.,  -70.,  -19.,  -21.,  -94.],
       device='cuda:0'), pred reward tensor([-63.5913, -47.2862, -74.1376, -80.4018, -64.0710, -90.6301, -85.9368,
        -90.1843, -70.6273, -81.7992, -63.4756, -44.7914, -81.2856, -63.3134,
        -63.7473, -57.2694, -70.6697, -67.1081, -66.2879, -99.6020],
       device='cuda:0', grad_fn=<ViewBackward0>)
value is tensor([-330., -192., -254., -305., -225., -354., -281., -323., -275., -240.,
        -238., -188., -347., -284., -274., -273., -239., -191., -223., -303.],
       device='cuda:0'), pred value tensor([-270.1850, -171.7744, -241.7173, -360.2155, -223.5082, -360.5206,
        -296.4766, -265.9659, -230.3535, -264.0247, -280.3431, -186.7052,
        -302.0638, -262.2980, -242.2975, -245.9376, -304.5686, -246.4093,
        -217.4199, -301.7376], device='cuda:0', grad_fn=<ViewBackward0>)
value loss is 1335.9306640625, policy loss is 0.012158081866800785, reward loss is 895.3692626953125
reward tensor([ -72.,  -76.,  -40.,  -22.,  -51., -142.,  -55.,  -88.,  -43.,  -50.,
         -56.,   -5.,  -78.,  -44.,  -43.,  -51.,  -70.,  -19.,  -21.,  -94.],
       device='cuda:0'), pred reward tensor([ -77.9566,  -60.2327,  -96.0849, -100.4772,  -78.3083,  -98.9139,
         -73.1523,  -81.6448,  -95.7032,  -81.8301,  -66.1994,  -64.9422,
        -107.3401,  -79.6321,  -79.2543,  -72.8868, -108.0773,  -83.2171,
         -78.9053, -139.9972], device='cuda:0', grad_fn=<ViewBackward0>)
value is tensor([-330., -192., -254., -305., -225., -354., -281., -323., -275., -240.,
        -238., -188., -347., -284., -274., -273., -239., -191., -223., -303.],
       device='cuda:0'), pred value tensor([-399.4230, -243.7453, -269.8658, -326.4695, -327.9754, -353.7354,
        -308.4471, -296.8304, -399.0548, -297.9323, -338.3912, -303.1618,
        -392.4775, -417.6822, -288.2218, -275.2180, -365.5330, -239.9720,
        -242.5745, -408.2943], device='cuda:0', grad_fn=<ViewBackward0>)
value loss is 5618.18017578125, policy loss is 0.029873833060264587, reward loss is 1750.7298583984375
reward tensor([ -72.,  -76.,  -40.,  -22.,  -51., -142.,  -55.,  -88.,  -43.,  -50.,
         -56.,   -5.,  -78.,  -44.,  -43.,  -51.,  -70.,  -19.,  -21.,  -94.],
       device='cuda:0'), pred reward tensor([ -75.7283,  -47.8656,  -83.4351, -103.1042,  -89.9529, -104.0874,
         -96.6458,  -88.4165,  -66.8033,  -78.5285,  -80.0620,  -48.7718,
         -88.7757,  -72.1159,  -69.3796,  -76.0305,  -90.0279,  -67.0989,
         -85.8018, -103.1478], device='cuda:0', grad_fn=<ViewBackward0>)
value is tensor([-330., -192., -254., -305., -225., -354., -281., -323., -275., -240.,
        -238., -188., -347., -284., -274., -273., -239., -191., -223., -303.],
       device='cuda:0'), pred value tensor([-372.3578, -267.5408, -391.1485, -359.6679, -267.1931, -503.8296,
        -399.2298, -412.2843, -445.1015, -380.8315, -395.3202, -427.0208,
        -391.3631, -410.3933, -261.8238, -385.3836, -362.4018, -324.9691,
        -296.4475, -535.4048], device='cuda:0', grad_fn=<ViewBackward0>)
value loss is 16471.52734375, policy loss is 0.04334181174635887, reward loss is 1353.0609130859375
reward tensor([ -72.,  -76.,  -40.,  -22.,  -51., -142.,  -55.,  -88.,  -43.,  -50.,
         -56.,   -5.,  -78.,  -44.,  -43.,  -51.,  -70.,  -19.,  -21.,  -94.],
       device='cuda:0'), pred reward tensor([-75.2736, -36.2916, -70.0969, -98.4710, -67.5145, -84.5846, -75.6450,
        -69.2433, -64.8271, -60.7569, -54.3560, -46.6379, -64.3123, -59.9603,
        -51.2053, -68.0276, -78.9131, -54.8381, -45.0573, -92.3706],
       device='cuda:0', grad_fn=<ViewBackward0>)
value is tensor([-330., -192., -254., -305., -225., -354., -281., -323., -275., -240.,
        -238., -188., -347., -284., -274., -273., -239., -191., -223., -303.],
       device='cuda:0'), pred value tensor([-426.7085, -308.8567, -289.8340, -464.7080, -207.1395, -423.6174,
        -387.4503, -281.0108, -375.0526, -403.7166, -378.0573, -380.3358,
        -427.7849, -375.9726, -293.7487, -311.3988, -391.3506, -274.7553,
        -330.4417, -321.1144], device='cuda:0', grad_fn=<ViewBackward0>)
value loss is 11021.4482421875, policy loss is 0.044227391481399536, reward loss is 888.07568359375
reward tensor([ -72.,  -76.,  -40.,  -22.,  -51., -142.,  -55.,  -88.,  -43.,  -50.,
         -56.,   -5.,  -78.,  -44.,  -43.,  -51.,  -70.,  -19.,  -21.,  -94.],
       device='cuda:0'), pred reward tensor([-44.7476, -33.7965, -62.2494, -57.0790, -45.9778, -60.7156, -45.7918,
        -51.8835, -46.9888, -44.3102, -40.7300, -32.4952, -55.8848, -45.0200,
        -45.3373, -31.9366, -61.3869, -51.4105, -53.6224, -60.4241],
       device='cuda:0', grad_fn=<ViewBackward0>)
value is tensor([-330., -192., -254., -305., -225., -354., -281., -323., -275., -240.,
        -238., -188., -347., -284., -274., -273., -239., -191., -223., -303.],
       device='cuda:0'), pred value tensor([-265.4873, -186.7533, -319.8723, -394.6968, -210.4640, -347.1456,
        -292.3777, -241.0414, -258.0475, -343.7818, -256.4742, -230.4600,
        -285.9267, -223.8366, -211.0314, -216.3413, -223.8574, -261.5652,
        -168.1419, -328.5523], device='cuda:0', grad_fn=<ViewBackward0>)
value loss is 3013.85791015625, policy loss is 0.055314745754003525, reward loss is 874.1795043945312
reward tensor([ -72.,  -76.,  -40.,  -22.,  -51., -142.,  -55.,  -88.,  -43.,  -50.,
         -56.,   -5.,  -78.,  -44.,  -43.,  -51.,  -70.,  -19.,  -21.,  -94.],
       device='cuda:0'), pred reward tensor([-37.0459, -20.1993, -43.2421, -37.3497, -29.7453, -45.5031, -33.4365,
        -42.4247, -36.1260, -29.0405, -27.4672, -17.1057, -35.8218, -24.2158,
        -27.5193, -30.3574, -31.2252, -34.6129, -33.2028, -57.1312],
       device='cuda:0', grad_fn=<ViewBackward0>)
value is tensor([-330., -192., -254., -305., -225., -354., -281., -323., -275., -240.,
        -238., -188., -347., -284., -274., -273., -239., -191., -223., -303.],
       device='cuda:0'), pred value tensor([-215.9347, -168.0909, -166.1726, -206.8131, -150.8634, -249.5007,
        -212.5320, -258.2345, -180.7589, -248.7706, -196.0742, -182.6286,
        -298.2238, -206.0664, -174.6829, -222.6327, -175.5851, -142.0225,
        -149.9456, -182.6723], device='cuda:0', grad_fn=<ViewBackward0>)
value loss is 5703.50244140625, policy loss is 0.04598035663366318, reward loss is 1221.30029296875
reward tensor([ -72.,  -76.,  -40.,  -22.,  -51., -142.,  -55.,  -88.,  -43.,  -50.,
         -56.,   -5.,  -78.,  -44.,  -43.,  -51.,  -70.,  -19.,  -21.,  -94.],
       device='cuda:0'), pred reward tensor([-28.8772, -16.0076, -35.0044, -36.6444, -28.4278, -36.9814, -30.5695,
        -32.8628, -29.7189, -23.3488, -24.2519, -13.7929, -31.6678, -23.1494,
        -21.7480, -27.5804, -29.9242, -29.7132, -27.3458, -48.5698],
       device='cuda:0', grad_fn=<ViewBackward0>)
value is tensor([-330., -192., -254., -305., -225., -354., -281., -323., -275., -240.,
        -238., -188., -347., -284., -274., -273., -239., -191., -223., -303.],
       device='cuda:0'), pred value tensor([-188.6310, -138.0621, -162.0142, -210.8439, -158.4652, -238.6700,
        -148.0875, -184.8772, -185.9607, -201.8515, -194.2556, -117.0061,
        -204.9708, -177.8091, -129.2750, -183.4471, -135.8172, -116.2490,
        -152.5360, -219.7654], device='cuda:0', grad_fn=<ViewBackward0>)
value loss is 9978.5595703125, policy loss is 0.04180869087576866, reward loss is 1512.5970458984375
reward tensor([ -72.,  -76.,  -40.,  -22.,  -51., -142.,  -55.,  -88.,  -43.,  -50.,
         -56.,   -5.,  -78.,  -44.,  -43.,  -51.,  -70.,  -19.,  -21.,  -94.],
       device='cuda:0'), pred reward tensor([-24.3402, -22.9087, -31.5509, -28.9094, -26.8895, -32.1747, -30.9949,
        -30.0445, -27.1865, -21.0905, -24.5967, -15.0065, -30.7890, -15.4110,
        -20.8027, -21.3838, -30.0291, -25.1241, -25.1027, -46.0976],
       device='cuda:0', grad_fn=<ViewBackward0>)
value is tensor([-330., -192., -254., -305., -225., -354., -281., -323., -275., -240.,
        -238., -188., -347., -284., -274., -273., -239., -191., -223., -303.],
       device='cuda:0'), pred value tensor([-157.6084, -125.7839, -195.8951, -233.8174, -143.5930, -261.5122,
        -145.0789, -200.7392, -122.2793, -182.2577, -168.8550, -149.0414,
        -222.9426, -146.4741, -155.0622, -132.1868, -219.9491, -145.7048,
        -145.3369, -232.9480], device='cuda:0', grad_fn=<ViewBackward0>)
value loss is 10286.90625, policy loss is 0.03147805482149124, reward loss is 1616.104736328125
reward tensor([ -72.,  -76.,  -40.,  -22.,  -51., -142.,  -55.,  -88.,  -43.,  -50.,
         -56.,   -5.,  -78.,  -44.,  -43.,  -51.,  -70.,  -19.,  -21.,  -94.],
       device='cuda:0'), pred reward tensor([-29.5379, -17.6550, -37.4205, -37.2763, -29.5774, -42.4281, -27.5969,
        -27.4608, -29.9141, -29.7099, -25.0325, -10.3136, -29.5945, -23.3594,
        -21.7927, -22.4019, -31.3017, -28.3255, -26.1585, -50.8648],
       device='cuda:0', grad_fn=<ViewBackward0>)
value is tensor([-330., -192., -254., -305., -225., -354., -281., -323., -275., -240.,
        -238., -188., -347., -284., -274., -273., -239., -191., -223., -303.],
       device='cuda:0'), pred value tensor([-181.3195, -141.5620, -209.4653, -195.4292, -125.6994, -219.1558,
        -172.1209, -301.0928, -187.1045, -173.2450, -162.5538, -149.7418,
        -179.7003, -199.6619, -193.1650, -157.2034, -179.5913, -129.3750,
        -192.0191, -220.7748], device='cuda:0', grad_fn=<ViewBackward0>)
value loss is 8422.3955078125, policy loss is 0.052699506282806396, reward loss is 1465.7620849609375
reward tensor([ -72.,  -76.,  -40.,  -22.,  -51., -142.,  -55.,  -88.,  -43.,  -50.,
         -56.,   -5.,  -78.,  -44.,  -43.,  -51.,  -70.,  -19.,  -21.,  -94.],
       device='cuda:0'), pred reward tensor([-34.5760, -23.9931, -34.7795, -48.0253, -34.7764, -43.4071, -35.7318,
        -32.4487, -40.1475, -35.2020, -29.2137, -14.4676, -38.3179, -18.1414,
        -31.1624, -28.0965, -35.7362, -37.6244, -34.8486, -55.9013],
       device='cuda:0', grad_fn=<ViewBackward0>)
value is tensor([-330., -192., -254., -305., -225., -354., -281., -323., -275., -240.,
        -238., -188., -347., -284., -274., -273., -239., -191., -223., -303.],
       device='cuda:0'), pred value tensor([-198.1312, -210.5566, -232.7829, -296.0546, -165.4217, -338.8929,
        -205.9907, -165.8589, -227.0217, -260.0085, -182.5159, -163.5155,
        -171.8568, -231.4534, -185.0996, -169.6028, -221.9927, -205.0732,
        -145.1994, -173.8777], device='cuda:0', grad_fn=<ViewBackward0>)
value loss is 6699.25146484375, policy loss is 0.05854741483926773, reward loss is 1267.863525390625
reward tensor([ -72.,  -76.,  -40.,  -22.,  -51., -142.,  -55.,  -88.,  -43.,  -50.,
         -56.,   -5.,  -78.,  -44.,  -43.,  -51.,  -70.,  -19.,  -21.,  -94.],
       device='cuda:0'), pred reward tensor([-46.5057, -39.2039, -60.8365, -43.1372, -43.3705, -62.2300, -38.7466,
        -40.9960, -44.0695, -38.0660, -41.9420, -23.2883, -51.9946, -44.6942,
        -33.9328, -30.1988, -55.8214, -42.0063, -36.9362, -67.6064],
       device='cuda:0', grad_fn=<ViewBackward0>)
value is tensor([-330., -192., -254., -305., -225., -354., -281., -323., -275., -240.,
        -238., -188., -347., -284., -274., -273., -239., -191., -223., -303.],
       device='cuda:0'), pred value tensor([-234.4487, -174.9760, -212.6211, -317.1194, -250.9222, -343.5337,
        -254.2857, -256.2337, -273.3829, -256.2534, -260.3271, -201.2599,
        -215.8799, -218.3292, -179.8302, -219.5824, -257.4753, -215.0382,
        -165.0449, -275.7816], device='cuda:0', grad_fn=<ViewBackward0>)
value loss is 2820.914794921875, policy loss is 0.04390370473265648, reward loss is 766.4047241210938
reward tensor([ -72.,  -76.,  -40.,  -22.,  -51., -142.,  -55.,  -88.,  -43.,  -50.,
         -56.,   -5.,  -78.,  -44.,  -43.,  -51.,  -70.,  -19.,  -21.,  -94.],
       device='cuda:0'), pred reward tensor([-50.6332, -36.0232, -55.9785, -58.3742, -58.9365, -59.0600, -49.2253,
        -61.8723, -52.7370, -49.6209, -39.5052, -30.0315, -58.8395, -41.7341,
        -41.4822, -45.7777, -61.9590, -49.7340, -49.6776, -79.1633],
       device='cuda:0', grad_fn=<ViewBackward0>)
value is tensor([-330., -192., -254., -305., -225., -354., -281., -323., -275., -240.,
        -238., -188., -347., -284., -274., -273., -239., -191., -223., -303.],
       device='cuda:0'), pred value tensor([-286.1068, -220.2852, -223.1155, -307.6402, -297.8905, -459.2343,
        -343.1822, -284.7388, -272.2873, -302.0725, -317.6241, -197.5850,
        -485.3568, -287.8317, -296.1116, -242.3862, -315.2557, -180.9230,
        -256.3969, -380.1479], device='cuda:0', grad_fn=<ViewBackward0>)
value loss is 3463.229736328125, policy loss is 0.04826023802161217, reward loss is 736.9165649414062
reward tensor([ -72.,  -76.,  -40.,  -22.,  -51., -142.,  -55.,  -88.,  -43.,  -50.,
         -56.,   -5.,  -78.,  -44.,  -43.,  -51.,  -70.,  -19.,  -21.,  -94.],
       device='cuda:0'), pred reward tensor([-57.6883, -63.6139, -78.0950, -69.1252, -64.7483, -79.3766, -62.5969,
        -75.9127, -62.8680, -54.9739, -72.1411, -30.3585, -64.9052, -49.6287,
        -51.5347, -52.8660, -67.7146, -59.6747, -55.1183, -98.6357],
       device='cuda:0', grad_fn=<ViewBackward0>)
value is tensor([-330., -192., -254., -305., -225., -354., -281., -323., -275., -240.,
        -238., -188., -347., -284., -274., -273., -239., -191., -223., -303.],
       device='cuda:0'), pred value tensor([-297.5224, -301.1461, -335.6066, -433.4664, -275.7287, -552.3951,
        -383.4854, -464.9520, -233.7250, -348.1553, -329.3356, -299.7813,
        -388.1277, -326.0399, -317.6091, -223.2906, -301.7941, -295.9563,
        -379.4676, -331.5640], device='cuda:0', grad_fn=<ViewBackward0>)
value loss is 9552.27734375, policy loss is 0.0703737884759903, reward loss is 639.626220703125
reward tensor([ -72.,  -76.,  -40.,  -22.,  -51., -142.,  -55.,  -88.,  -43.,  -50.,
         -56.,   -5.,  -78.,  -44.,  -43.,  -51.,  -70.,  -19.,  -21.,  -94.],
       device='cuda:0'), pred reward tensor([ -81.7256,  -58.5945,  -81.6060,  -91.6845,  -69.0740,  -80.8667,
         -85.2839,  -71.0567,  -67.0221,  -62.4751,  -81.9525,  -54.4606,
         -68.1318,  -48.8525,  -64.7967,  -60.9690,  -73.6860,  -57.9703,
         -58.2278, -101.4337], device='cuda:0', grad_fn=<ViewBackward0>)
value is tensor([-330., -192., -254., -305., -225., -354., -281., -323., -275., -240.,
        -238., -188., -347., -284., -274., -273., -239., -191., -223., -303.],
       device='cuda:0'), pred value tensor([-331.8328, -221.5330, -454.3803, -313.8250, -356.2634, -579.2032,
        -302.1109, -272.0798, -236.0282, -202.9453, -350.1991, -251.8499,
        -332.9677, -298.5558, -233.7926, -282.0687, -366.5998, -224.5894,
        -277.7211, -385.8108], device='cuda:0', grad_fn=<ViewBackward0>)
value loss is 8050.88427734375, policy loss is 0.06803828477859497, reward loss is 988.7042846679688
reward tensor([ -72.,  -76.,  -40.,  -22.,  -51., -142.,  -55.,  -88.,  -43.,  -50.,
         -56.,   -5.,  -78.,  -44.,  -43.,  -51.,  -70.,  -19.,  -21.,  -94.],
       device='cuda:0'), pred reward tensor([-66.6740, -48.3936, -81.6268, -71.1265, -73.7121, -96.0986, -79.5649,
        -90.1347, -67.3917, -65.3272, -73.1652, -28.7164, -86.3183, -59.0408,
        -65.4228, -76.2222, -58.3060, -60.3940, -71.1638, -92.9909],
       device='cuda:0', grad_fn=<ViewBackward0>)
value is tensor([-330., -192., -254., -305., -225., -354., -281., -323., -275., -240.,
        -238., -188., -347., -284., -274., -273., -239., -191., -223., -303.],
       device='cuda:0'), pred value tensor([-265.2257, -180.8032, -278.1205, -392.4852, -217.1060, -408.8691,
        -264.5515, -322.6116, -230.0790, -231.5405, -366.5795, -211.4738,
        -304.6328, -252.6835, -219.6673, -212.8920, -308.0956, -273.1551,
        -279.9981, -286.6911], device='cuda:0', grad_fn=<ViewBackward0>)
value loss is 2972.625, policy loss is 0.08148796856403351, reward loss is 782.8222045898438
reward tensor([ -72.,  -76.,  -40.,  -22.,  -51., -142.,  -55.,  -88.,  -43.,  -50.,
         -56.,   -5.,  -78.,  -44.,  -43.,  -51.,  -70.,  -19.,  -21.,  -94.],
       device='cuda:0'), pred reward tensor([-65.6359, -44.3526, -68.7611, -82.9542, -63.7896, -82.5282, -60.8460,
        -60.0622, -70.5430, -59.3812, -58.5220, -39.8343, -73.5382, -64.7029,
        -59.8238, -50.8104, -59.8039, -63.4672, -71.3888, -95.9619],
       device='cuda:0', grad_fn=<ViewBackward0>)
value is tensor([-330., -192., -254., -305., -225., -354., -281., -323., -275., -240.,
        -238., -188., -347., -284., -274., -273., -239., -191., -223., -303.],
       device='cuda:0'), pred value tensor([-278.6725, -263.2979, -204.0645, -239.3863, -155.6709, -279.5819,
        -255.2480, -263.1068, -223.9882, -246.3869, -239.0993, -198.3572,
        -311.3602, -210.0204, -151.0214, -233.0333, -270.7975, -200.9047,
        -179.5157, -261.6787], device='cuda:0', grad_fn=<ViewBackward0>)
value loss is 3001.73876953125, policy loss is 0.04806452989578247, reward loss is 876.1011962890625
kl:0.00001,lr_multiplier:11.391,loss:3877.88818359375,entropy:5.981765207252465e-05,explained_var_old:0.412,explained_var_new:0.450
state_batch: [<state.MappingState object at 0x7f94a4262c70>, <state.MappingState object at 0x7f949c25c790>, <state.MappingState object at 0x7f94ac113640>, <state.MappingState object at 0x7f94e0d09c40>, <state.MappingState object at 0x7f949c797880>, <state.MappingState object at 0x7f94ac113640>, <state.MappingState object at 0x7f949c797880>, <state.MappingState object at 0x7f94ac0fc3a0>, <state.MappingState object at 0x7f94ac0fc3a0>, <state.MappingState object at 0x7f949c797880>, <state.MappingState object at 0x7f949c797880>, <state.MappingState object at 0x7f94ace35d00>, <state.MappingState object at 0x7f949c797880>, <state.MappingState object at 0x7f94ac0fc3a0>, <state.MappingState object at 0x7f949c25c790>, <state.MappingState object at 0x7f949c797880>, <state.MappingState object at 0x7f94e01442b0>, <state.MappingState object at 0x7f94ac113640>, <state.MappingState object at 0x7f94ac0fd820>, <state.MappingState object at 0x7f94ac0fd820>]
value loss is 15556.1533203125, policy loss is 11.630839347839355
value loss is 9724.958984375, policy loss is 11.156408309936523
value loss is 5465.81787109375, policy loss is 11.016420364379883
value loss is 6956.7158203125, policy loss is 10.98503589630127
value loss is 8198.078125, policy loss is 10.686104774475098
value loss is 9849.0546875, policy loss is 10.275063514709473
value loss is 10711.328125, policy loss is 10.003662109375
value loss is 11484.359375, policy loss is 9.556523323059082
value loss is 11387.890625, policy loss is 9.309992790222168
value loss is 10920.6123046875, policy loss is 9.086258888244629
value loss is 9422.0693359375, policy loss is 8.750581741333008
value loss is 8941.0732421875, policy loss is 8.545206069946289
value loss is 6349.81982421875, policy loss is 8.701173782348633
value loss is 6000.1318359375, policy loss is 8.930967330932617
value loss is 6418.53076171875, policy loss is 8.64378547668457
value loss is 8792.5986328125, policy loss is 7.728982925415039
value loss is 5920.91748046875, policy loss is 6.578765869140625
value loss is 5926.546875, policy loss is 6.285599231719971
value loss is 4441.16015625, policy loss is 6.247736930847168
value loss is 5520.87060546875, policy loss is 6.143723487854004
kl:0.00070,lr_multiplier:11.391,loss:5527.01416015625,entropy:0.26151320338249207,explained_var_old:-0.339,explained_var_new:0.051
current batch: 16
313
Mask initialization completed successfully
action type is <class 'numpy.int64'>
pre_reward is 0
WARNING: the state has no route legal actions
action type is <class 'numpy.int64'>
pre_reward is -1
WARNING: the state has no route legal actions
action type is <class 'numpy.int64'>
pre_reward is -2
WARNING: the state has no route legal actions
action type is <class 'numpy.int64'>
pre_reward is -3
WARNING: the state has no route legal actions
action type is <class 'numpy.int64'>
pre_reward is -4
WARNING: the state has no route legal actions
pre_reward is -5
cur reward is 54
pre_reward is -59
cur reward is 48
pre_reward is -107
cur reward is 64
pre_reward is -171
WARNING: the state don't need to route actions
pre_reward is -263
cur reward is 5
WARNING: the state has no legal actions
cur move is -1
the mapping is success
current latency: 268.0
313
Mask initialization completed successfully
action type is <class 'numpy.int64'>
pre_reward is 0
WARNING: the state has no route legal actions
action type is <class 'numpy.int64'>
pre_reward is -1
WARNING: the state has no route legal actions
action type is <class 'numpy.int64'>
pre_reward is -2
WARNING: the state has no route legal actions
action type is <class 'numpy.int64'>
pre_reward is -3
WARNING: the state has no route legal actions
action type is <class 'numpy.int64'>
pre_reward is -4
WARNING: the state has no route legal actions
pre_reward is -5
cur reward is 38
pre_reward is -43
cur reward is 40
pre_reward is -83
cur reward is 43
pre_reward is -126
WARNING: the state don't need to route actions
pre_reward is -211
cur reward is 43
WARNING: the state has no legal actions
cur move is -1
the mapping is success
collect data... | current latency: -254
reward tensor([-77., -49., -38., -19., -43., -40., -68., -21., -27., -43., -74., -14.,
        -70., -20., -94., -46., -60., -43., -51., -69.], device='cuda:0'), pred reward tensor([-43.0533, -46.1742, -37.1264, -32.3210, -49.7500, -47.6655, -53.0445,
        -45.4442, -57.7923, -49.1834, -53.6046, -21.9577, -59.9234, -30.2796,
        -72.6874, -53.2591, -40.2277, -40.4673, -38.3530, -50.2746],
       device='cuda:0', grad_fn=<ViewBackward0>)
value is tensor([-224., -267., -254., -395., -275., -254., -314., -223., -324., -251.,
        -276., -281., -239., -190., -303., -313., -255., -274., -256., -325.],
       device='cuda:0'), pred value tensor([ -91.9715, -155.4367, -110.9644, -143.6052, -128.1619, -121.9720,
        -178.8334,  -99.1557, -112.3875, -122.0433,  -96.4875, -132.3955,
        -121.8647,  -87.9244, -187.0231, -115.4522, -118.7116, -105.2200,
        -126.8239, -120.6534], device='cuda:0', grad_fn=<ViewBackward0>)
value loss is 24198.77734375, policy loss is 0.03407881036400795, reward loss is 267.5931091308594
reward tensor([-77., -49., -38., -19., -43., -40., -68., -21., -27., -43., -74., -14.,
        -70., -20., -94., -46., -60., -43., -51., -69.], device='cuda:0'), pred reward tensor([-41.1602, -58.8000, -32.0346, -41.1282, -45.2134, -46.5433, -62.8745,
        -41.6537, -53.6588, -53.3890, -53.1296, -31.6290, -48.6268, -25.3626,
        -76.3506, -61.4774, -34.8356, -31.2744, -49.6847, -52.9581],
       device='cuda:0', grad_fn=<ViewBackward0>)
value is tensor([-224., -267., -254., -395., -275., -254., -314., -223., -324., -251.,
        -276., -281., -239., -190., -303., -313., -255., -274., -256., -325.],
       device='cuda:0'), pred value tensor([-113.3391, -188.8143, -147.8035, -135.4832, -117.3038, -117.8592,
        -161.7179, -112.3510, -149.3254, -160.1407, -103.1124, -147.5809,
        -165.3992, -104.8748, -197.5231, -169.2142, -149.9840, -104.8097,
        -145.0362, -145.2177], device='cuda:0', grad_fn=<ViewBackward0>)
value loss is 19551.490234375, policy loss is 0.03032095544040203, reward loss is 301.8870544433594
reward tensor([-77., -49., -38., -19., -43., -40., -68., -21., -27., -43., -74., -14.,
        -70., -20., -94., -46., -60., -43., -51., -69.], device='cuda:0'), pred reward tensor([-48.1754, -56.7750, -26.7346, -39.6707, -46.1696, -65.2246, -60.1930,
        -43.9990, -59.5840, -52.5649, -61.6337, -31.7022, -51.5433, -27.7684,
        -86.7731, -56.6385, -38.2523, -50.7368, -35.6948, -55.1461],
       device='cuda:0', grad_fn=<ViewBackward0>)
value is tensor([-224., -267., -254., -395., -275., -254., -314., -223., -324., -251.,
        -276., -281., -239., -190., -303., -313., -255., -274., -256., -325.],
       device='cuda:0'), pred value tensor([-157.4773, -171.7346, -136.2837, -194.1878, -117.9837, -195.7236,
        -190.0304, -132.6322, -176.7065, -182.1501, -132.9821, -191.1749,
        -166.5648, -116.1041, -227.4913, -223.0948, -130.9342, -132.0226,
        -168.5383, -150.8663], device='cuda:0', grad_fn=<ViewBackward0>)
value loss is 13612.041015625, policy loss is 0.028032569214701653, reward loss is 291.331787109375
reward tensor([-77., -49., -38., -19., -43., -40., -68., -21., -27., -43., -74., -14.,
        -70., -20., -94., -46., -60., -43., -51., -69.], device='cuda:0'), pred reward tensor([-49.7711, -67.9976, -52.4943, -54.4799, -48.7964, -57.9193, -69.8759,
        -49.8057, -54.9237, -59.8164, -65.4633, -36.5479, -58.4136, -31.1735,
        -82.5408, -66.9508, -47.8841, -53.0322, -47.2339, -69.4626],
       device='cuda:0', grad_fn=<ViewBackward0>)
value is tensor([-224., -267., -254., -395., -275., -254., -314., -223., -324., -251.,
        -276., -281., -239., -190., -303., -313., -255., -274., -256., -325.],
       device='cuda:0'), pred value tensor([-178.7126, -242.0490, -206.3967, -197.2943, -200.9196, -231.1601,
        -285.2840, -172.7833, -185.6484, -235.1880, -128.0275, -168.8098,
        -216.4179, -164.6132, -233.4305, -299.6820, -200.8128, -144.5713,
        -230.9809, -285.6529], device='cuda:0', grad_fn=<ViewBackward0>)
value loss is 6764.52978515625, policy loss is 0.02828335389494896, reward loss is 324.71002197265625
reward tensor([-77., -49., -38., -19., -43., -40., -68., -21., -27., -43., -74., -14.,
        -70., -20., -94., -46., -60., -43., -51., -69.], device='cuda:0'), pred reward tensor([-50.0597, -67.8311, -66.7025, -47.5796, -55.7305, -52.6525, -76.6381,
        -55.2403, -61.8366, -63.1619, -64.5163, -40.5291, -57.2809, -29.5252,
        -87.3108, -74.5782, -44.3775, -59.5768, -52.9177, -64.2694],
       device='cuda:0', grad_fn=<ViewBackward0>)
value is tensor([-224., -267., -254., -395., -275., -254., -314., -223., -324., -251.,
        -276., -281., -239., -190., -303., -313., -255., -274., -256., -325.],
       device='cuda:0'), pred value tensor([-197.6841, -262.5983, -309.8458, -270.7810, -232.2295, -195.3732,
        -402.7576, -288.3355, -342.4894, -344.1692, -293.0767, -307.8471,
        -417.6621, -251.7089, -283.2196, -295.2711, -297.2820, -257.8150,
        -275.2491, -311.6681], device='cuda:0', grad_fn=<ViewBackward0>)
value loss is 4287.02490234375, policy loss is 0.03128359094262123, reward loss is 418.14361572265625
reward tensor([-77., -49., -38., -19., -43., -40., -68., -21., -27., -43., -74., -14.,
        -70., -20., -94., -46., -60., -43., -51., -69.], device='cuda:0'), pred reward tensor([-57.8802, -70.4993, -43.0368, -50.0051, -56.2726, -64.3418, -67.5619,
        -58.3491, -66.2918, -67.3276, -66.5175, -42.1740, -67.7159, -49.7601,
        -98.4288, -75.1186, -57.9710, -45.2915, -50.5213, -62.5309],
       device='cuda:0', grad_fn=<ViewBackward0>)
value is tensor([-224., -267., -254., -395., -275., -254., -314., -223., -324., -251.,
        -276., -281., -239., -190., -303., -313., -255., -274., -256., -325.],
       device='cuda:0'), pred value tensor([-238.4733, -424.6134, -407.4035, -332.0361, -307.0725, -343.4556,
        -391.9931, -276.5056, -258.8292, -356.9091, -306.9848, -369.9023,
        -297.0327, -321.2460, -428.0165, -390.4480, -310.0245, -318.9674,
        -377.2775, -388.7143], device='cuda:0', grad_fn=<ViewBackward0>)
value loss is 8044.55322265625, policy loss is 0.04429835453629494, reward loss is 438.6787109375
reward tensor([-77., -49., -38., -19., -43., -40., -68., -21., -27., -43., -74., -14.,
        -70., -20., -94., -46., -60., -43., -51., -69.], device='cuda:0'), pred reward tensor([-49.8410, -63.5602, -43.9501, -62.1343, -63.3118, -49.7224, -67.7202,
        -51.9734, -60.8472, -62.0225, -78.4513, -36.3379, -63.7005, -43.2823,
        -92.6068, -76.1050, -49.3549, -40.8276, -51.0281, -52.3755],
       device='cuda:0', grad_fn=<ViewBackward0>)
value is tensor([-224., -267., -254., -395., -275., -254., -314., -223., -324., -251.,
        -276., -281., -239., -190., -303., -313., -255., -274., -256., -325.],
       device='cuda:0'), pred value tensor([-325.3669, -408.6725, -404.8629, -261.2786, -335.3113, -412.6313,
        -412.7963, -371.9108, -474.5294, -426.3172, -342.1695, -447.3759,
        -423.6561, -353.8200, -424.5968, -506.7276, -430.3609, -292.1433,
        -363.7617, -475.6017], device='cuda:0', grad_fn=<ViewBackward0>)
value loss is 19790.177734375, policy loss is 0.050534237176179886, reward loss is 411.1398620605469
reward tensor([-77., -49., -38., -19., -43., -40., -68., -21., -27., -43., -74., -14.,
        -70., -20., -94., -46., -60., -43., -51., -69.], device='cuda:0'), pred reward tensor([-45.5248, -51.0582, -33.2157, -36.1902, -50.9152, -47.9530, -49.4956,
        -36.8529, -50.6603, -52.3812, -58.8049, -28.0471, -51.1210, -23.4989,
        -81.9442, -51.3819, -37.7160, -35.6303, -32.1315, -51.4321],
       device='cuda:0', grad_fn=<ViewBackward0>)
value is tensor([-224., -267., -254., -395., -275., -254., -314., -223., -324., -251.,
        -276., -281., -239., -190., -303., -313., -255., -274., -256., -325.],
       device='cuda:0'), pred value tensor([-271.5184, -444.1861, -276.0406, -326.4046, -328.1996, -320.4870,
        -368.4924, -279.0030, -394.1645, -284.8481, -336.4207, -360.9522,
        -377.3322, -254.8839, -377.5218, -395.5569, -345.8297, -286.4451,
        -351.4205, -313.5963], device='cuda:0', grad_fn=<ViewBackward0>)
value loss is 6083.3583984375, policy loss is 0.05013338848948479, reward loss is 243.3740692138672
reward tensor([-77., -49., -38., -19., -43., -40., -68., -21., -27., -43., -74., -14.,
        -70., -20., -94., -46., -60., -43., -51., -69.], device='cuda:0'), pred reward tensor([-40.1552, -38.6180, -27.1290, -30.0968, -32.6299, -36.5914, -40.5685,
        -32.5835, -37.9288, -34.8168, -50.2254, -20.4936, -33.3313, -17.2466,
        -59.0638, -42.2016, -31.2968, -29.7044, -29.5860, -41.3197],
       device='cuda:0', grad_fn=<ViewBackward0>)
value is tensor([-224., -267., -254., -395., -275., -254., -314., -223., -324., -251.,
        -276., -281., -239., -190., -303., -313., -255., -274., -256., -325.],
       device='cuda:0'), pred value tensor([-190.7270, -319.7386, -271.2424, -284.4268, -174.2266, -285.6251,
        -382.3516, -268.1270, -212.6600, -274.1161, -261.6435, -260.9042,
        -222.3514, -231.7952, -306.3180, -382.1553, -292.3010, -280.0815,
        -276.2800, -240.3029], device='cuda:0', grad_fn=<ViewBackward0>)
value loss is 3182.380615234375, policy loss is 0.03346825763583183, reward loss is 415.9406433105469
reward tensor([-77., -49., -38., -19., -43., -40., -68., -21., -27., -43., -74., -14.,
        -70., -20., -94., -46., -60., -43., -51., -69.], device='cuda:0'), pred reward tensor([-30.2902, -38.5998, -17.3022, -23.7482, -30.0504, -32.4844, -37.2831,
        -23.4809, -40.6109, -32.3656, -40.7104, -13.8416, -32.3221, -17.0730,
        -51.4016, -34.6832, -26.6358, -23.2226, -24.2382, -29.4021],
       device='cuda:0', grad_fn=<ViewBackward0>)
value is tensor([-224., -267., -254., -395., -275., -254., -314., -223., -324., -251.,
        -276., -281., -239., -190., -303., -313., -255., -274., -256., -325.],
       device='cuda:0'), pred value tensor([-173.9931, -205.3520, -263.7139, -201.0079, -182.5332, -215.1590,
        -311.7184, -204.9029, -201.8225, -218.5842, -207.2808, -179.2330,
        -239.5722, -150.1657, -288.5675, -257.0333, -209.0966, -180.1841,
        -252.7133, -211.3139], device='cuda:0', grad_fn=<ViewBackward0>)
value loss is 5712.42138671875, policy loss is 0.022234469652175903, reward loss is 624.0365600585938
reward tensor([-77., -49., -38., -19., -43., -40., -68., -21., -27., -43., -74., -14.,
        -70., -20., -94., -46., -60., -43., -51., -69.], device='cuda:0'), pred reward tensor([-31.3803, -35.7015, -17.3261, -22.9172, -31.4504, -31.4400, -36.5808,
        -28.5054, -31.3670, -33.2096, -40.0189, -12.0975, -26.1784, -16.6512,
        -51.1428, -36.7670, -24.8201, -17.8645, -19.5628, -33.7060],
       device='cuda:0', grad_fn=<ViewBackward0>)
value is tensor([-224., -267., -254., -395., -275., -254., -314., -223., -324., -251.,
        -276., -281., -239., -190., -303., -313., -255., -274., -256., -325.],
       device='cuda:0'), pred value tensor([-171.6056, -181.7417, -163.8094, -208.9096, -197.4596, -231.9795,
        -232.4585, -143.7789, -197.7033, -165.1017, -175.0113, -187.2020,
        -169.0163, -167.6575, -215.6655, -199.0199, -228.6493, -164.5891,
        -218.7310, -208.4659], device='cuda:0', grad_fn=<ViewBackward0>)
value loss is 8408.8349609375, policy loss is 0.03155924752354622, reward loss is 659.05517578125
reward tensor([-77., -49., -38., -19., -43., -40., -68., -21., -27., -43., -74., -14.,
        -70., -20., -94., -46., -60., -43., -51., -69.], device='cuda:0'), pred reward tensor([-31.6552, -39.3344, -21.2417, -24.3578, -31.0076, -26.8788, -36.8081,
        -24.9295, -31.9583, -34.7541, -42.2456, -11.7466, -26.9721, -11.0552,
        -48.5728, -38.8143, -23.8340, -20.3801, -22.3483, -30.5118],
       device='cuda:0', grad_fn=<ViewBackward0>)
value is tensor([-224., -267., -254., -395., -275., -254., -314., -223., -324., -251.,
        -276., -281., -239., -190., -303., -313., -255., -274., -256., -325.],
       device='cuda:0'), pred value tensor([-147.9164, -256.0067, -171.9809, -210.8188, -173.8720, -158.1404,
        -255.1265, -130.9799, -179.5696, -174.3384, -142.9357, -171.1906,
        -182.0011, -182.8972, -283.1058, -214.7134, -241.2329, -178.7442,
        -205.0887, -160.8907], device='cuda:0', grad_fn=<ViewBackward0>)
value loss is 9327.642578125, policy loss is 0.03707816079258919, reward loss is 651.9032592773438
reward tensor([-77., -49., -38., -19., -43., -40., -68., -21., -27., -43., -74., -14.,
        -70., -20., -94., -46., -60., -43., -51., -69.], device='cuda:0'), pred reward tensor([-32.4913, -36.0532, -18.7701, -23.9384, -33.2015, -33.4782, -32.0734,
        -27.0679, -33.1328, -30.8270, -44.0531, -17.6604, -31.4557, -20.2726,
        -57.1455, -43.2017, -25.5494, -21.8027, -23.7569, -38.9899],
       device='cuda:0', grad_fn=<ViewBackward0>)
value is tensor([-224., -267., -254., -395., -275., -254., -314., -223., -324., -251.,
        -276., -281., -239., -190., -303., -313., -255., -274., -256., -325.],
       device='cuda:0'), pred value tensor([-150.8188, -213.7230, -189.1651, -232.0746, -141.3924, -163.3215,
        -213.0107, -145.2008, -189.7329, -214.6614, -185.8958, -246.1620,
        -208.4865, -189.0532, -241.7240, -239.5786, -208.1521, -153.0205,
        -193.5224, -186.6639], device='cuda:0', grad_fn=<ViewBackward0>)
value loss is 7994.82177734375, policy loss is 0.03208936005830765, reward loss is 561.7846069335938
reward tensor([-77., -49., -38., -19., -43., -40., -68., -21., -27., -43., -74., -14.,
        -70., -20., -94., -46., -60., -43., -51., -69.], device='cuda:0'), pred reward tensor([-38.9955, -44.7985, -19.0054, -29.3350, -38.9473, -37.9919, -43.1508,
        -36.8587, -39.1542, -39.6427, -53.1673, -16.7156, -43.3413, -18.1349,
        -67.6622, -46.8489, -27.6490, -24.8770, -32.6321, -34.8154],
       device='cuda:0', grad_fn=<ViewBackward0>)
value is tensor([-224., -267., -254., -395., -275., -254., -314., -223., -324., -251.,
        -276., -281., -239., -190., -303., -313., -255., -274., -256., -325.],
       device='cuda:0'), pred value tensor([-160.7007, -268.1549, -219.6818, -256.3569, -239.4206, -229.7523,
        -257.0478, -158.3063, -255.5234, -227.3410, -235.2925, -261.7271,
        -199.1335, -139.9031, -313.8748, -227.2468, -211.6224, -169.4388,
        -260.4977, -221.0883], device='cuda:0', grad_fn=<ViewBackward0>)
value loss is 3808.5625, policy loss is 0.028698891401290894, reward loss is 385.448486328125
reward tensor([-77., -49., -38., -19., -43., -40., -68., -21., -27., -43., -74., -14.,
        -70., -20., -94., -46., -60., -43., -51., -69.], device='cuda:0'), pred reward tensor([-46.4793, -52.7330, -29.6769, -35.2286, -39.5603, -45.4480, -48.7397,
        -42.5975, -39.3493, -44.0158, -59.4541, -25.3560, -45.2176, -16.3460,
        -69.2203, -57.9989, -37.6619, -35.9366, -31.6761, -53.2956],
       device='cuda:0', grad_fn=<ViewBackward0>)
value is tensor([-224., -267., -254., -395., -275., -254., -314., -223., -324., -251.,
        -276., -281., -239., -190., -303., -313., -255., -274., -256., -325.],
       device='cuda:0'), pred value tensor([-200.1009, -292.5962, -285.4300, -254.1684, -236.0459, -234.6818,
        -337.4030, -209.8055, -233.3105, -251.2112, -264.6927, -217.6211,
        -246.3355, -186.7838, -246.7954, -347.4240, -187.3847, -202.4458,
        -352.0720, -244.2584], device='cuda:0', grad_fn=<ViewBackward0>)
value loss is 3343.923583984375, policy loss is 0.025768974795937538, reward loss is 260.2774353027344
reward tensor([-77., -49., -38., -19., -43., -40., -68., -21., -27., -43., -74., -14.,
        -70., -20., -94., -46., -60., -43., -51., -69.], device='cuda:0'), pred reward tensor([-44.8627, -62.9835, -34.1053, -54.0028, -49.2847, -60.1725, -56.1997,
        -52.9034, -54.0948, -67.2947, -66.2319, -28.0415, -50.5404, -34.0187,
        -83.9819, -62.5587, -49.1652, -39.3869, -42.3526, -58.0650],
       device='cuda:0', grad_fn=<ViewBackward0>)
value is tensor([-224., -267., -254., -395., -275., -254., -314., -223., -324., -251.,
        -276., -281., -239., -190., -303., -313., -255., -274., -256., -325.],
       device='cuda:0'), pred value tensor([-350.2221, -394.0711, -326.2847, -362.4821, -221.4261, -264.2745,
        -339.4059, -244.1293, -317.3657, -313.5637, -262.7458, -214.0640,
        -265.1964, -277.3795, -376.8117, -361.1592, -303.1720, -273.5707,
        -334.8214, -248.3969], device='cuda:0', grad_fn=<ViewBackward0>)
value loss is 4076.70166015625, policy loss is 0.02913450077176094, reward loss is 346.4311218261719
reward tensor([-77., -49., -38., -19., -43., -40., -68., -21., -27., -43., -74., -14.,
        -70., -20., -94., -46., -60., -43., -51., -69.], device='cuda:0'), pred reward tensor([-64.2766, -67.3656, -41.0334, -49.7641, -53.2429, -66.5501, -75.6404,
        -59.9545, -65.3625, -71.6762, -72.7936, -40.0265, -61.9711, -36.8405,
        -93.8534, -67.4990, -53.4737, -53.2729, -54.5572, -56.1652],
       device='cuda:0', grad_fn=<ViewBackward0>)
value is tensor([-224., -267., -254., -395., -275., -254., -314., -223., -324., -251.,
        -276., -281., -239., -190., -303., -313., -255., -274., -256., -325.],
       device='cuda:0'), pred value tensor([-242.6094, -370.4881, -243.8192, -263.0149, -240.9620, -282.2009,
        -429.0544, -284.2900, -280.0612, -346.5099, -295.6148, -245.6090,
        -373.5121, -257.6937, -375.3748, -394.6089, -355.5397, -284.5636,
        -274.3534, -281.8945], device='cuda:0', grad_fn=<ViewBackward0>)
value loss is 5360.328125, policy loss is 0.02232637256383896, reward loss is 397.4557800292969
reward tensor([-77., -49., -38., -19., -43., -40., -68., -21., -27., -43., -74., -14.,
        -70., -20., -94., -46., -60., -43., -51., -69.], device='cuda:0'), pred reward tensor([-51.9518, -71.8036, -41.4152, -54.8431, -56.3523, -62.9993, -76.1802,
        -60.2962, -62.8990, -62.3113, -76.1284, -33.5482, -57.0936, -34.6518,
        -98.8900, -87.4260, -53.3720, -42.1254, -49.4042, -73.7013],
       device='cuda:0', grad_fn=<ViewBackward0>)
value is tensor([-224., -267., -254., -395., -275., -254., -314., -223., -324., -251.,
        -276., -281., -239., -190., -303., -313., -255., -274., -256., -325.],
       device='cuda:0'), pred value tensor([-260.3330, -386.6197, -375.8471, -316.2509, -258.9279, -372.7697,
        -435.7024, -307.0487, -355.0013, -303.1975, -286.6837, -387.4560,
        -288.7997, -252.4688, -476.9624, -446.8514, -289.8801, -291.2923,
        -335.7273, -403.3298], device='cuda:0', grad_fn=<ViewBackward0>)
value loss is 7830.95458984375, policy loss is 0.02897581085562706, reward loss is 450.0555114746094
reward tensor([-77., -49., -38., -19., -43., -40., -68., -21., -27., -43., -74., -14.,
        -70., -20., -94., -46., -60., -43., -51., -69.], device='cuda:0'), pred reward tensor([-67.8143, -75.8440, -47.5381, -52.1823, -55.6477, -55.4847, -72.0401,
        -56.0358, -60.4959, -66.3498, -73.9766, -29.9790, -49.5473, -26.4886,
        -92.6639, -59.2705, -50.4565, -46.9683, -41.0999, -66.4472],
       device='cuda:0', grad_fn=<ViewBackward0>)
value is tensor([-224., -267., -254., -395., -275., -254., -314., -223., -324., -251.,
        -276., -281., -239., -190., -303., -313., -255., -274., -256., -325.],
       device='cuda:0'), pred value tensor([-206.6088, -345.9080, -355.1832, -336.7957, -223.6667, -285.3775,
        -399.1788, -223.0289, -290.3655, -285.4419, -253.1942, -331.6995,
        -240.3721, -269.3572, -269.6497, -429.3840, -311.2258, -243.1857,
        -313.8889, -294.4548], device='cuda:0', grad_fn=<ViewBackward0>)
value loss is 3289.489501953125, policy loss is 0.022714978083968163, reward loss is 320.63824462890625
reward tensor([-77., -49., -38., -19., -43., -40., -68., -21., -27., -43., -74., -14.,
        -70., -20., -94., -46., -60., -43., -51., -69.], device='cuda:0'), pred reward tensor([-47.2788, -69.5086, -41.2813, -42.3907, -51.2583, -53.9960, -59.5204,
        -46.0849, -53.0904, -58.6685, -72.1249, -41.8292, -46.2595, -30.1749,
        -89.7058, -74.1998, -50.0141, -40.4728, -48.5421, -60.4106],
       device='cuda:0', grad_fn=<ViewBackward0>)
value is tensor([-224., -267., -254., -395., -275., -254., -314., -223., -324., -251.,
        -276., -281., -239., -190., -303., -313., -255., -274., -256., -325.],
       device='cuda:0'), pred value tensor([-241.6546, -320.5853, -271.6305, -325.4132, -191.1694, -316.2413,
        -259.9889, -243.7615, -317.7410, -406.6257, -212.9316, -268.5295,
        -322.7531, -269.0291, -342.2450, -411.6399, -218.0675, -300.5854,
        -299.1920, -218.5485], device='cuda:0', grad_fn=<ViewBackward0>)
value loss is 4538.8046875, policy loss is 0.02323998510837555, reward loss is 309.9001159667969
kl:0.00003,lr_multiplier:11.391,loss:4848.72802734375,entropy:0.0007237077807076275,explained_var_old:0.097,explained_var_new:-0.353
state_batch: [<state.MappingState object at 0x7f94e0d09c40>, <state.MappingState object at 0x7f94e0dcb610>, <state.MappingState object at 0x7f94e0bed9d0>, <state.MappingState object at 0x7f949c0d5760>, <state.MappingState object at 0x7f94ac4515e0>, <state.MappingState object at 0x7f94ac113640>, <state.MappingState object at 0x7f94ac0fc3a0>, <state.MappingState object at 0x7f94ac0fc3a0>, <state.MappingState object at 0x7f94e0bed9d0>, <state.MappingState object at 0x7f94ac4515e0>, <state.MappingState object at 0x7f949c797880>, <state.MappingState object at 0x7f94e0d09c40>, <state.MappingState object at 0x7f94ac0fd820>, <state.MappingState object at 0x7f94e0dcb610>, <state.MappingState object at 0x7f94ace35d00>, <state.MappingState object at 0x7f94ac0fd820>, <state.MappingState object at 0x7f94ac0fd820>, <state.MappingState object at 0x7f94ac523940>, <state.MappingState object at 0x7f94e0bed9d0>, <state.MappingState object at 0x7f94ac0fc3a0>]
value loss is 22024.9609375, policy loss is 13.67540454864502
value loss is 10932.5576171875, policy loss is 11.368589401245117
value loss is 8058.42041015625, policy loss is 10.19996452331543
value loss is 13397.8798828125, policy loss is 10.686986923217773
value loss is 11913.6748046875, policy loss is 10.873501777648926
value loss is 11275.267578125, policy loss is 10.940792083740234
value loss is 8772.556640625, policy loss is 11.180110931396484
value loss is 9231.0078125, policy loss is 11.257552146911621
value loss is 9251.3310546875, policy loss is 10.922215461730957
value loss is 8244.583984375, policy loss is 10.427226066589355
value loss is 11047.259765625, policy loss is 9.99870491027832
value loss is 8731.5302734375, policy loss is 9.375021934509277
value loss is 9229.8720703125, policy loss is 9.281883239746094
value loss is 10503.859375, policy loss is 9.467287063598633
value loss is 9421.142578125, policy loss is 9.517902374267578
value loss is 8786.541015625, policy loss is 8.526430130004883
value loss is 8679.0234375, policy loss is 7.729384422302246
value loss is 9953.1689453125, policy loss is 8.092400550842285
value loss is 10863.814453125, policy loss is 7.618463516235352
value loss is 10352.447265625, policy loss is 6.862123966217041
kl:0.00064,lr_multiplier:11.391,loss:10359.3095703125,entropy:0.273363322019577,explained_var_old:-0.146,explained_var_new:0.031
current batch: 17
313
Mask initialization completed successfully
action type is <class 'numpy.int64'>
pre_reward is 0
WARNING: the state has no route legal actions
action type is <class 'numpy.int64'>
pre_reward is -1
WARNING: the state has no route legal actions
action type is <class 'numpy.int64'>
pre_reward is -2
WARNING: the state has no route legal actions
action type is <class 'numpy.int64'>
pre_reward is -3
WARNING: the state has no route legal actions
pre_reward is -4
cur reward is 106
action type is <class 'numpy.int64'>
pre_reward is -110
WARNING: the state has no route legal actions
pre_reward is -111
cur reward is 55
pre_reward is -166
WARNING: the state don't need to route actions
pre_reward is -250
WARNING: the state don't need to route actions
pre_reward is -368
cur reward is 8
WARNING: the state has no legal actions
cur move is -1
the mapping is success
current latency: 376.0
313
Mask initialization completed successfully
action type is <class 'numpy.int64'>
pre_reward is 0
WARNING: the state has no route legal actions
action type is <class 'numpy.int64'>
pre_reward is -1
WARNING: the state has no route legal actions
action type is <class 'numpy.int64'>
pre_reward is -2
WARNING: the state has no route legal actions
action type is <class 'numpy.int64'>
pre_reward is -3
WARNING: the state has no route legal actions
pre_reward is -4
WARNING: the state don't need to route actions
action type is <class 'numpy.int64'>
pre_reward is -96
WARNING: the state has no route legal actions
pre_reward is -97
cur reward is 91
pre_reward is -188
cur reward is 62
pre_reward is -250
WARNING: the state don't need to route actions
pre_reward is -309
WARNING: the state don't need to route actions
WARNING: the state has no legal actions
cur move is -1
the mapping is success
collect data... | current latency: -331
reward tensor([-69., -80., -40., -61., -83., -15., -55., -20., -43., -55., -72., -70.,
        -93., -64.,  -5., -23., -78., -56., -11., -51.], device='cuda:0'), pred reward tensor([ -93.6518,  -74.2634,  -92.8646,  -90.0821,  -99.3195, -112.3570,
        -101.4390,  -64.3997, -102.1020,  -80.2629,  -99.0087,  -88.6156,
         -77.3250,  -65.0745,  -64.0988, -106.0584,  -91.7016,  -99.1461,
         -72.3429,  -84.2609], device='cuda:0', grad_fn=<ViewBackward0>)
value is tensor([-325., -367., -254., -277., -283., -329., -281., -190., -251., -266.,
        -330., -239., -282., -352., -188., -282., -347., -238., -366., -273.],
       device='cuda:0'), pred value tensor([-168.4110, -161.7852, -182.5130, -209.1164, -180.4134, -166.2304,
        -149.4394, -147.9306, -226.7969, -166.5599, -163.9368, -162.4343,
        -169.4096, -138.2274, -156.1157, -187.1766, -152.1650, -165.8932,
        -223.0954, -166.9715], device='cuda:0', grad_fn=<ViewBackward0>)
value loss is 15978.4208984375, policy loss is 0.020024312660098076, reward loss is 2045.887939453125
reward tensor([-69., -80., -40., -61., -83., -15., -55., -20., -43., -55., -72., -70.,
        -93., -64.,  -5., -23., -78., -56., -11., -51.], device='cuda:0'), pred reward tensor([-45.5043, -44.0301, -30.5921, -32.6362, -42.8103, -35.6803, -36.0337,
        -37.2959, -54.3557, -33.9567, -41.7967, -45.2722, -39.4190, -41.2460,
        -28.5210, -34.2915, -36.4406, -34.4899, -33.2628, -36.5756],
       device='cuda:0', grad_fn=<ViewBackward0>)
value is tensor([-325., -367., -254., -277., -283., -329., -281., -190., -251., -266.,
        -330., -239., -282., -352., -188., -282., -347., -238., -366., -273.],
       device='cuda:0'), pred value tensor([-256.0403, -255.6959, -435.9455, -232.1659, -215.0465, -264.0585,
        -233.1749, -214.9052, -261.2640, -205.8812, -290.4741, -248.1715,
        -332.5063, -312.9084, -296.9579, -311.0542, -299.8112, -305.9431,
        -279.5289, -269.7498], device='cuda:0', grad_fn=<ViewBackward0>)
value loss is 5024.640625, policy loss is 0.016745345667004585, reward loss is 724.9550170898438
reward tensor([-69., -80., -40., -61., -83., -15., -55., -20., -43., -55., -72., -70.,
        -93., -64.,  -5., -23., -78., -56., -11., -51.], device='cuda:0'), pred reward tensor([-23.9794, -19.0072, -25.4645, -23.2392, -23.8274, -22.6880, -23.4728,
        -15.5528, -28.2297, -22.5172, -30.2606, -27.3494, -19.5698, -21.5964,
         -8.8823, -29.3569, -22.5756, -18.3599, -20.1845, -22.4908],
       device='cuda:0', grad_fn=<ViewBackward0>)
value is tensor([-325., -367., -254., -277., -283., -329., -281., -190., -251., -266.,
        -330., -239., -282., -352., -188., -282., -347., -238., -366., -273.],
       device='cuda:0'), pred value tensor([-352.2408, -342.7291, -310.4423, -352.1371, -360.3152, -339.1960,
        -381.1198, -324.1932, -365.4381, -479.0447, -388.4105, -331.2955,
        -312.4804, -412.8177, -415.5838, -453.6440, -385.6370, -458.8272,
        -467.6976, -423.8171], device='cuda:0', grad_fn=<ViewBackward0>)
value loss is 14195.9912109375, policy loss is 0.015915976837277412, reward loss is 1471.2120361328125
reward tensor([-69., -80., -40., -61., -83., -15., -55., -20., -43., -55., -72., -70.,
        -93., -64.,  -5., -23., -78., -56., -11., -51.], device='cuda:0'), pred reward tensor([-39.1128, -43.6544, -35.7923, -40.8368, -38.4619, -33.4523, -38.9530,
        -32.8000, -49.6658, -40.4964, -48.6862, -51.5985, -46.6111, -46.6140,
        -33.8837, -45.4892, -43.1564, -37.1445, -37.7589, -37.1942],
       device='cuda:0', grad_fn=<ViewBackward0>)
value is tensor([-325., -367., -254., -277., -283., -329., -281., -190., -251., -266.,
        -330., -239., -282., -352., -188., -282., -347., -238., -366., -273.],
       device='cuda:0'), pred value tensor([-321.4749, -376.1065, -349.3969, -234.2530, -266.8065, -199.5391,
        -298.1447, -371.3995, -226.0565, -300.8587, -204.7158, -316.7373,
        -284.5941, -388.7762, -258.5221, -206.6095, -272.9342, -232.6047,
        -246.7734, -262.0063], device='cuda:0', grad_fn=<ViewBackward0>)
value loss is 5834.44189453125, policy loss is 0.015641910955309868, reward loss is 639.56982421875
reward tensor([-69., -80., -40., -61., -83., -15., -55., -20., -43., -55., -72., -70.,
        -93., -64.,  -5., -23., -78., -56., -11., -51.], device='cuda:0'), pred reward tensor([ -82.5163,  -85.7399,  -71.6394,  -76.0524, -128.5479,  -65.0165,
         -87.9188,  -66.3509,  -64.1866,  -68.8611,  -84.2773,  -85.5517,
         -69.6760,  -56.1601,  -95.0385,  -91.7509,  -81.0398,  -70.2726,
         -67.1310,  -72.5599], device='cuda:0', grad_fn=<ViewBackward0>)
value is tensor([-325., -367., -254., -277., -283., -329., -281., -190., -251., -266.,
        -330., -239., -282., -352., -188., -282., -347., -238., -366., -273.],
       device='cuda:0'), pred value tensor([-178.5003, -216.0471, -146.7463, -182.5592, -178.7841, -175.2796,
        -175.0304, -194.7627, -137.4339, -192.2674, -225.4004, -158.1050,
        -193.3254, -254.2593, -242.7348, -189.2302, -152.2294, -200.9103,
        -162.0195, -158.3159], device='cuda:0', grad_fn=<ViewBackward0>)
value loss is 13466.181640625, policy loss is 0.014167753048241138, reward loss is 1377.6363525390625
reward tensor([-69., -80., -40., -61., -83., -15., -55., -20., -43., -55., -72., -70.,
        -93., -64.,  -5., -23., -78., -56., -11., -51.], device='cuda:0'), pred reward tensor([-88.8382, -95.2217, -72.8836, -90.9858, -66.6180, -75.0598, -88.2558,
        -64.3752, -71.3382, -69.4717, -75.1899, -73.4296, -66.4310, -67.7081,
        -64.3426, -78.3728, -71.7098, -72.7442, -80.7271, -78.2088],
       device='cuda:0', grad_fn=<ViewBackward0>)
value is tensor([-325., -367., -254., -277., -283., -329., -281., -190., -251., -266.,
        -330., -239., -282., -352., -188., -282., -347., -238., -366., -273.],
       device='cuda:0'), pred value tensor([-224.5291, -189.4619, -187.2600, -248.7193, -169.3007, -193.9817,
        -185.0554, -212.3018, -186.2890, -214.1733, -213.0013, -216.8027,
        -206.0213, -172.6911, -145.1508, -205.4214, -225.6716, -179.0879,
        -176.6051, -262.7992], device='cuda:0', grad_fn=<ViewBackward0>)
value loss is 10428.6923828125, policy loss is 0.009811610914766788, reward loss is 1191.014404296875
reward tensor([-69., -80., -40., -61., -83., -15., -55., -20., -43., -55., -72., -70.,
        -93., -64.,  -5., -23., -78., -56., -11., -51.], device='cuda:0'), pred reward tensor([ -80.5556,  -74.0189,  -63.5722,  -79.9415,  -69.9183,  -50.2451,
         -94.1798,  -48.9307,  -81.5473,  -64.0219, -100.5737,  -76.0435,
         -68.6956,  -81.1753,  -56.3562,  -90.5112,  -68.3839,  -70.2339,
         -58.4938,  -69.5528], device='cuda:0', grad_fn=<ViewBackward0>)
value is tensor([-325., -367., -254., -277., -283., -329., -281., -190., -251., -266.,
        -330., -239., -282., -352., -188., -282., -347., -238., -366., -273.],
       device='cuda:0'), pred value tensor([-271.0181, -300.7603, -287.0361, -230.8443, -220.8700, -235.9144,
        -246.2634, -155.7023, -250.7458, -275.7051, -233.3358, -296.6935,
        -288.1191, -248.9909, -186.3898, -254.7962, -318.3336, -261.3854,
        -180.6926, -348.0881], device='cuda:0', grad_fn=<ViewBackward0>)
value loss is 4546.74560546875, policy loss is 0.01417261641472578, reward loss is 913.2625122070312
reward tensor([-69., -80., -40., -61., -83., -15., -55., -20., -43., -55., -72., -70.,
        -93., -64.,  -5., -23., -78., -56., -11., -51.], device='cuda:0'), pred reward tensor([-60.0582, -60.3541, -56.8669, -83.1384, -47.7776, -60.1327, -73.6625,
        -52.2579, -85.8795, -38.3379, -53.7466, -65.0986, -57.1310, -71.7561,
        -46.0750, -48.5979, -61.0677, -64.2855, -44.4742, -55.7328],
       device='cuda:0', grad_fn=<ViewBackward0>)
value is tensor([-325., -367., -254., -277., -283., -329., -281., -190., -251., -266.,
        -330., -239., -282., -352., -188., -282., -347., -238., -366., -273.],
       device='cuda:0'), pred value tensor([-338.4043, -272.1681, -311.4565, -375.9667, -366.1735, -335.2731,
        -344.4727, -197.3629, -357.2563, -358.7079, -361.7779, -379.6274,
        -293.9273, -395.7330, -317.7971, -337.5680, -315.9293, -305.3948,
        -337.7434, -388.7375], device='cuda:0', grad_fn=<ViewBackward0>)
value loss is 5783.53076171875, policy loss is 0.015297507867217064, reward loss is 678.3931884765625
reward tensor([-69., -80., -40., -61., -83., -15., -55., -20., -43., -55., -72., -70.,
        -93., -64.,  -5., -23., -78., -56., -11., -51.], device='cuda:0'), pred reward tensor([-38.0694, -35.1091, -37.1305, -30.9819, -31.8382, -41.6484, -38.1699,
        -34.3816, -33.3938, -30.4719, -41.8273, -37.8106, -49.0093, -48.7747,
        -27.9799, -41.0856, -43.4417, -49.7489, -22.7767, -41.1533],
       device='cuda:0', grad_fn=<ViewBackward0>)
value is tensor([-325., -367., -254., -277., -283., -329., -281., -190., -251., -266.,
        -330., -239., -282., -352., -188., -282., -347., -238., -366., -273.],
       device='cuda:0'), pred value tensor([-346.7260, -400.4110, -303.1991, -317.7108, -315.2159, -401.8838,
        -319.8143, -322.1622, -339.2643, -283.5884, -269.6967, -371.4034,
        -415.1266, -330.8234, -505.3507, -376.6964, -338.1837, -360.6653,
        -310.8214, -375.7595], device='cuda:0', grad_fn=<ViewBackward0>)
value loss is 10841.7646484375, policy loss is 0.011154777370393276, reward loss is 741.5289916992188
reward tensor([-69., -80., -40., -61., -83., -15., -55., -20., -43., -55., -72., -70.,
        -93., -64.,  -5., -23., -78., -56., -11., -51.], device='cuda:0'), pred reward tensor([-37.8048, -22.9209, -21.6331, -25.9144, -30.7176, -24.5633, -22.5150,
        -18.5367, -26.5680, -20.7459, -28.2386, -25.1446, -22.9501, -25.2804,
         -9.1894, -35.0980, -25.4332, -19.5467, -19.3080, -21.7460],
       device='cuda:0', grad_fn=<ViewBackward0>)
value is tensor([-325., -367., -254., -277., -283., -329., -281., -190., -251., -266.,
        -330., -239., -282., -352., -188., -282., -347., -238., -366., -273.],
       device='cuda:0'), pred value tensor([-210.6864, -212.3234, -257.8633, -327.5179, -247.5519, -213.5825,
        -320.1779, -268.7614, -237.2357, -241.8760, -325.1416, -229.8820,
        -270.1933, -271.1943, -297.5891, -281.8537, -207.5213, -254.0172,
        -250.9149, -214.5806], device='cuda:0', grad_fn=<ViewBackward0>)
value loss is 5890.033203125, policy loss is 0.01033197995275259, reward loss is 1331.96484375
reward tensor([-69., -80., -40., -61., -83., -15., -55., -20., -43., -55., -72., -70.,
        -93., -64.,  -5., -23., -78., -56., -11., -51.], device='cuda:0'), pred reward tensor([-20.9626, -17.9396, -23.4789, -21.0148, -23.2389, -16.9764, -21.5561,
        -21.6224, -19.4049, -18.5338, -20.8398, -16.6737, -18.1818, -20.4703,
        -12.3887, -22.2187, -19.2151, -22.6017, -12.9266, -16.0046],
       device='cuda:0', grad_fn=<ViewBackward0>)
value is tensor([-325., -367., -254., -277., -283., -329., -281., -190., -251., -266.,
        -330., -239., -282., -352., -188., -282., -347., -238., -366., -273.],
       device='cuda:0'), pred value tensor([-217.6543, -242.0374, -202.5158, -208.9961, -197.7264, -212.5093,
        -176.1360, -284.2949, -248.8640, -149.3730, -275.3789, -155.5244,
        -255.1611, -312.3486, -166.8776, -183.3506, -171.0226, -294.6280,
        -243.9891, -273.9215], device='cuda:0', grad_fn=<ViewBackward0>)
value loss is 8011.71728515625, policy loss is 0.012634617276489735, reward loss is 1671.1064453125
reward tensor([-69., -80., -40., -61., -83., -15., -55., -20., -43., -55., -72., -70.,
        -93., -64.,  -5., -23., -78., -56., -11., -51.], device='cuda:0'), pred reward tensor([-27.3123, -16.5609, -22.2813, -21.2812, -19.7729, -17.9111, -18.0013,
        -12.1740, -28.0846, -14.0482, -26.8128, -19.3608, -21.3556, -19.1977,
        -12.4987, -26.2839, -20.2423, -20.6642, -14.7033, -15.3674],
       device='cuda:0', grad_fn=<ViewBackward0>)
value is tensor([-325., -367., -254., -277., -283., -329., -281., -190., -251., -266.,
        -330., -239., -282., -352., -188., -282., -347., -238., -366., -273.],
       device='cuda:0'), pred value tensor([-186.7606, -208.7918, -208.4114, -186.3885, -130.0401, -262.0555,
        -245.8479, -234.1652, -193.2861, -162.7066, -173.1605, -200.6177,
        -208.0343, -236.2383, -283.0753, -278.7437, -186.3903, -216.3115,
        -273.8107, -167.5838], device='cuda:0', grad_fn=<ViewBackward0>)
value loss is 9968.2216796875, policy loss is 0.015200485475361347, reward loss is 1633.55419921875
reward tensor([-69., -80., -40., -61., -83., -15., -55., -20., -43., -55., -72., -70.,
        -93., -64.,  -5., -23., -78., -56., -11., -51.], device='cuda:0'), pred reward tensor([-29.7552, -26.5070, -29.3727, -26.3636, -19.9371, -25.2779, -25.7793,
        -17.8381, -32.0664, -20.7528, -28.8665, -24.8574, -22.6640, -23.2897,
        -16.0308, -32.0858, -29.1638, -21.9882, -15.3982, -25.2245],
       device='cuda:0', grad_fn=<ViewBackward0>)
value is tensor([-325., -367., -254., -277., -283., -329., -281., -190., -251., -266.,
        -330., -239., -282., -352., -188., -282., -347., -238., -366., -273.],
       device='cuda:0'), pred value tensor([-304.4518, -294.1301, -362.6826, -347.3817, -219.4039, -253.3462,
        -294.9980, -239.7941, -238.0143, -215.9425, -307.4995, -193.2368,
        -296.8224, -270.2224, -283.6924, -212.6838, -273.4574, -276.9757,
        -182.0079, -272.6915], device='cuda:0', grad_fn=<ViewBackward0>)
value loss is 5093.2939453125, policy loss is 0.01573832705616951, reward loss is 1344.016845703125
reward tensor([-69., -80., -40., -61., -83., -15., -55., -20., -43., -55., -72., -70.,
        -93., -64.,  -5., -23., -78., -56., -11., -51.], device='cuda:0'), pred reward tensor([-36.4166, -33.8722, -36.2254, -33.4669, -29.4395, -34.5045, -43.1742,
        -31.1312, -46.9216, -29.3787, -36.0536, -47.4381, -30.6944, -35.1788,
        -32.9581, -37.6440, -36.9803, -28.9880, -27.0239, -27.8550],
       device='cuda:0', grad_fn=<ViewBackward0>)
value is tensor([-325., -367., -254., -277., -283., -329., -281., -190., -251., -266.,
        -330., -239., -282., -352., -188., -282., -347., -238., -366., -273.],
       device='cuda:0'), pred value tensor([-433.8231, -282.9174, -278.2689, -284.0735, -343.3351, -277.8126,
        -285.0974, -518.5839, -391.9170, -284.1651, -313.3098, -237.1275,
        -385.3087, -307.2371, -352.5667, -272.0108, -331.5947, -348.4850,
        -350.8100, -247.7966], device='cuda:0', grad_fn=<ViewBackward0>)
value loss is 10371.712890625, policy loss is 0.02166839875280857, reward loss is 943.0578002929688
reward tensor([-69., -80., -40., -61., -83., -15., -55., -20., -43., -55., -72., -70.,
        -93., -64.,  -5., -23., -78., -56., -11., -51.], device='cuda:0'), pred reward tensor([-43.8435, -32.7751, -43.3240, -34.5762, -39.8876, -46.0122, -41.6275,
        -39.2757, -45.6639, -44.9802, -49.6737, -40.3673, -45.3564, -52.0244,
        -43.3892, -55.4732, -41.9385, -42.7921, -37.2411, -33.6685],
       device='cuda:0', grad_fn=<ViewBackward0>)
value is tensor([-325., -367., -254., -277., -283., -329., -281., -190., -251., -266.,
        -330., -239., -282., -352., -188., -282., -347., -238., -366., -273.],
       device='cuda:0'), pred value tensor([-336.8800, -255.9129, -367.5115, -267.9074, -390.5826, -302.0294,
        -399.3455, -245.5013, -325.0514, -271.4564, -293.3208, -416.1027,
        -266.2507, -437.6720, -360.3169, -371.6418, -267.9225, -342.2902,
        -328.4884, -262.6317], device='cuda:0', grad_fn=<ViewBackward0>)
value loss is 7851.0703125, policy loss is 0.021101845428347588, reward loss is 791.6293334960938
reward tensor([-69., -80., -40., -61., -83., -15., -55., -20., -43., -55., -72., -70.,
        -93., -64.,  -5., -23., -78., -56., -11., -51.], device='cuda:0'), pred reward tensor([-62.9547, -52.6679, -64.9328, -46.3993, -59.4216, -48.2603, -52.1742,
        -43.4636, -64.4516, -57.3974, -58.2021, -52.1615, -62.6935, -58.6910,
        -48.7479, -49.3134, -47.6362, -51.7899, -46.0798, -47.2342],
       device='cuda:0', grad_fn=<ViewBackward0>)
value is tensor([-325., -367., -254., -277., -283., -329., -281., -190., -251., -266.,
        -330., -239., -282., -352., -188., -282., -347., -238., -366., -273.],
       device='cuda:0'), pred value tensor([-284.5593, -266.4681, -259.6848, -200.3205, -247.6626, -275.7587,
        -347.1956, -257.3129, -274.5318, -289.3293, -304.3211, -265.4699,
        -222.6384, -359.7304, -180.2027, -274.5386, -339.0469, -325.8808,
        -303.9084, -260.4647], device='cuda:0', grad_fn=<ViewBackward0>)
value loss is 2430.365234375, policy loss is 0.015808049589395523, reward loss is 527.5523681640625
reward tensor([-69., -80., -40., -61., -83., -15., -55., -20., -43., -55., -72., -70.,
        -93., -64.,  -5., -23., -78., -56., -11., -51.], device='cuda:0'), pred reward tensor([-55.1980, -68.7887, -61.4363, -60.8520, -71.3436, -45.0135, -55.2187,
        -54.5293, -85.9335, -59.8974, -52.9693, -68.0991, -72.9887, -67.3059,
        -23.7516, -66.8794, -64.7925, -44.0902, -70.1799, -56.8318],
       device='cuda:0', grad_fn=<ViewBackward0>)
value is tensor([-325., -367., -254., -277., -283., -329., -281., -190., -251., -266.,
        -330., -239., -282., -352., -188., -282., -347., -238., -366., -273.],
       device='cuda:0'), pred value tensor([-319.5620, -208.7321, -241.4486, -248.8378, -292.3246, -243.6384,
        -229.7907, -193.4568, -194.6732, -210.9089, -207.9216, -256.6020,
        -231.5037, -286.9802, -197.8111, -276.6848, -251.5928, -226.8257,
        -305.8578, -256.9307], device='cuda:0', grad_fn=<ViewBackward0>)
value loss is 3873.111083984375, policy loss is 0.013089238665997982, reward loss is 588.9365234375
reward tensor([-69., -80., -40., -61., -83., -15., -55., -20., -43., -55., -72., -70.,
        -93., -64.,  -5., -23., -78., -56., -11., -51.], device='cuda:0'), pred reward tensor([ -84.6714,  -77.0041,  -68.9115,  -84.6334,  -66.7807,  -70.3807,
        -118.1316,  -44.7647,  -69.1789,  -68.6719, -105.7627,  -78.8625,
         -66.7750,  -66.0845,  -63.8874,  -67.1878,  -76.1381,  -67.3471,
         -72.8325,  -70.2141], device='cuda:0', grad_fn=<ViewBackward0>)
value is tensor([-325., -367., -254., -277., -283., -329., -281., -190., -251., -266.,
        -330., -239., -282., -352., -188., -282., -347., -238., -366., -273.],
       device='cuda:0'), pred value tensor([-196.4283, -331.8085, -243.6884, -194.8607, -223.2720, -272.3275,
        -269.8055, -191.1199, -239.9752, -228.1399, -268.0428, -162.5511,
        -264.4212, -284.8139, -186.7736, -178.9177, -329.0243, -245.1889,
        -301.8529, -174.8600], device='cuda:0', grad_fn=<ViewBackward0>)
value loss is 3616.886474609375, policy loss is 0.019077517092227936, reward loss is 1105.28564453125
reward tensor([-69., -80., -40., -61., -83., -15., -55., -20., -43., -55., -72., -70.,
        -93., -64.,  -5., -23., -78., -56., -11., -51.], device='cuda:0'), pred reward tensor([-90.2690, -79.5156, -65.4935, -57.8596, -67.1546, -77.1870, -69.6840,
        -67.0581, -88.4319, -77.5232, -85.6881, -70.7177, -65.5537, -90.7433,
        -72.9235, -70.7258, -73.8623, -74.3178, -57.0249, -63.1362],
       device='cuda:0', grad_fn=<ViewBackward0>)
value is tensor([-325., -367., -254., -277., -283., -329., -281., -190., -251., -266.,
        -330., -239., -282., -352., -188., -282., -347., -238., -366., -273.],
       device='cuda:0'), pred value tensor([-226.9771, -280.1632, -350.8358, -249.2406, -239.2794, -246.2263,
        -273.9423, -171.4837, -196.1890, -272.8030, -222.6950, -268.3448,
        -294.9814, -420.6971, -255.0933, -262.5195, -254.4510, -267.1932,
        -276.9976, -234.8878], device='cuda:0', grad_fn=<ViewBackward0>)
value loss is 4021.942138671875, policy loss is 0.012804212048649788, reward loss is 1069.9049072265625
reward tensor([-69., -80., -40., -61., -83., -15., -55., -20., -43., -55., -72., -70.,
        -93., -64.,  -5., -23., -78., -56., -11., -51.], device='cuda:0'), pred reward tensor([-80.5803, -53.7786, -58.5361, -63.7162, -73.8623, -87.4542, -61.6127,
        -48.3284, -89.9323, -74.4808, -75.5314, -70.7236, -75.2121, -83.7266,
        -36.5385, -73.3843, -71.6581, -55.5134, -53.8497, -53.8285],
       device='cuda:0', grad_fn=<ViewBackward0>)
value is tensor([-325., -367., -254., -277., -283., -329., -281., -190., -251., -266.,
        -330., -239., -282., -352., -188., -282., -347., -238., -366., -273.],
       device='cuda:0'), pred value tensor([-319.7955, -290.8778, -320.7182, -361.5634, -309.7454, -203.0551,
        -316.0368, -209.4227, -312.7437, -309.9399, -315.0016, -339.8084,
        -377.9308, -309.4819, -245.8756, -256.3363, -328.3152, -416.9226,
        -351.1227, -290.9466], device='cuda:0', grad_fn=<ViewBackward0>)
value loss is 4983.05419921875, policy loss is 0.009691817685961723, reward loss is 803.5233764648438
kl:0.00003,lr_multiplier:11.391,loss:5786.58740234375,entropy:0.8957558870315552,explained_var_old:-0.706,explained_var_new:-0.122
state_batch: [<state.MappingState object at 0x7f94e0a520d0>, <state.MappingState object at 0x7f94e0bed9d0>, <state.MappingState object at 0x7f94ace35d00>, <state.MappingState object at 0x7f94a4262c70>, <state.MappingState object at 0x7f94e0dcb610>, <state.MappingState object at 0x7f949c0d5760>, <state.MappingState object at 0x7f94ac4515e0>, <state.MappingState object at 0x7f949c0d5760>, <state.MappingState object at 0x7f94e0a520d0>, <state.MappingState object at 0x7f94ac113640>, <state.MappingState object at 0x7f94ac4515e0>, <state.MappingState object at 0x7f949c25c790>, <state.MappingState object at 0x7f94ac4515e0>, <state.MappingState object at 0x7f949c797880>, <state.MappingState object at 0x7f949c25c790>, <state.MappingState object at 0x7f94a4262c70>, <state.MappingState object at 0x7f94e0dcb610>, <state.MappingState object at 0x7f94ac113640>, <state.MappingState object at 0x7f94946fa700>, <state.MappingState object at 0x7f94ac0fc3a0>]
value loss is 30679.119140625, policy loss is 16.535743713378906
value loss is 6360.72705078125, policy loss is 12.219724655151367
value loss is 8118.72900390625, policy loss is 11.47803020477295
value loss is 13996.75, policy loss is 11.28780460357666
value loss is 17999.638671875, policy loss is 11.336691856384277
value loss is 19471.359375, policy loss is 11.310962677001953
value loss is 19462.140625, policy loss is 11.319165229797363
value loss is 19208.958984375, policy loss is 11.312689781188965
value loss is 17274.66015625, policy loss is 11.312765121459961
value loss is 14460.2880859375, policy loss is 11.273734092712402
value loss is 10808.73046875, policy loss is 11.217841148376465
value loss is 8164.2158203125, policy loss is 11.205419540405273
value loss is 6514.03857421875, policy loss is 11.048003196716309
value loss is 9783.2470703125, policy loss is 10.953039169311523
value loss is 13812.3125, policy loss is 10.775227546691895
value loss is 15800.0615234375, policy loss is 10.593199729919434
value loss is 6507.1611328125, policy loss is 10.521540641784668
value loss is 6576.06103515625, policy loss is 10.491107940673828
value loss is 9037.294921875, policy loss is 10.40140151977539
value loss is 9836.9638671875, policy loss is 10.049967765808105
kl:0.00071,lr_multiplier:11.391,loss:9847.013671875,entropy:0.38499465584754944,explained_var_old:-0.540,explained_var_new:-0.101
current batch: 18
313
Mask initialization completed successfully
action type is <class 'numpy.int64'>
pre_reward is 0
WARNING: the state has no route legal actions
action type is <class 'numpy.int64'>
pre_reward is -1
WARNING: the state has no route legal actions
action type is <class 'numpy.int64'>
pre_reward is -2
WARNING: the state has no route legal actions
action type is <class 'numpy.int64'>
pre_reward is -3
WARNING: the state has no route legal actions
action type is <class 'numpy.int64'>
pre_reward is -4
WARNING: the state has no route legal actions
pre_reward is -5
cur reward is 234
pre_reward is -239
WARNING: the state don't need to route actions
pre_reward is -303
WARNING: the state don't need to route actions
pre_reward is -357
WARNING: the state don't need to route actions
pre_reward is -408
cur reward is 11
WARNING: the state has no legal actions
cur move is -1
the mapping is success
current latency: 419.0
313
Mask initialization completed successfully
action type is <class 'numpy.int64'>
pre_reward is 0
WARNING: the state has no route legal actions
action type is <class 'numpy.int64'>
pre_reward is -1
WARNING: the state has no route legal actions
action type is <class 'numpy.int64'>
pre_reward is -2
WARNING: the state has no route legal actions
action type is <class 'numpy.int64'>
pre_reward is -3
WARNING: the state has no route legal actions
action type is <class 'numpy.int64'>
pre_reward is -4
WARNING: the state has no route legal actions
pre_reward is -5
cur reward is 136
pre_reward is -141
cur reward is 48
pre_reward is -189
WARNING: the state don't need to route actions
pre_reward is -352
WARNING: the state don't need to route actions
pre_reward is -443
cur reward is 22
WARNING: the state has no legal actions
cur move is -1
the mapping is success
collect data... | current latency: -465
reward tensor([-12.,  -5., -70., -43., -62., -22., -20., -44., -64., -40., -88., -72.,
        -43., -93., -23., -56., -55., -50., -88., -62.], device='cuda:0'), pred reward tensor([-16.5881, -15.7085, -29.0809, -29.0716, -30.6592, -30.9592, -22.5822,
        -31.1208, -32.5104, -35.9994, -25.0931, -47.6283, -35.3396, -34.4308,
        -30.5926, -29.7016, -30.2611, -30.4729, -28.0054, -38.1988],
       device='cuda:0', grad_fn=<ViewBackward0>)
value is tensor([-252., -188., -304., -274., -330., -305., -190., -283., -352., -253.,
        -253., -346., -275., -282., -282., -238., -281., -240., -323., -332.],
       device='cuda:0'), pred value tensor([ -77.7765,  -90.3443,  -77.1825, -102.8549, -151.8893, -139.1013,
         -84.2990, -112.7286, -116.5056,  -95.6089,  -96.7707, -147.8656,
         -81.3299, -127.3233, -125.6493, -114.9675,  -94.5946, -125.2718,
         -88.1086, -109.3400], device='cuda:0', grad_fn=<ViewBackward0>)
value loss is 30880.45703125, policy loss is 0.045378025621175766, reward loss is 909.7732543945312
reward tensor([-12.,  -5., -70., -43., -62., -22., -20., -44., -64., -40., -88., -72.,
        -43., -93., -23., -56., -55., -50., -88., -62.], device='cuda:0'), pred reward tensor([-17.0312, -14.6691, -28.4364, -24.9223, -29.4705, -31.9953, -14.6055,
        -28.5109, -32.1010, -35.2923, -30.2075, -29.9037, -31.5310, -31.2337,
        -42.9654, -25.5787, -27.0261, -33.8494, -30.9580, -34.9934],
       device='cuda:0', grad_fn=<ViewBackward0>)
value is tensor([-252., -188., -304., -274., -330., -305., -190., -283., -352., -253.,
        -253., -346., -275., -282., -282., -238., -281., -240., -323., -332.],
       device='cuda:0'), pred value tensor([-167.8791,  -75.9899, -124.2164, -155.0593, -135.4464, -133.3645,
        -115.1672, -116.3287, -171.7122, -127.1158, -165.3974, -161.9492,
        -117.3791, -136.7233, -123.5527, -100.5226, -118.1839, -157.5636,
        -126.4899, -167.3629], device='cuda:0', grad_fn=<ViewBackward0>)
value loss is 22283.091796875, policy loss is 0.023712316527962685, reward loss is 1002.4602661132812
reward tensor([-12.,  -5., -70., -43., -62., -22., -20., -44., -64., -40., -88., -72.,
        -43., -93., -23., -56., -55., -50., -88., -62.], device='cuda:0'), pred reward tensor([-21.3218, -23.5469, -38.7512, -32.6894, -34.7276, -35.3739, -18.0607,
        -36.4398, -33.5952, -38.2558, -36.8422, -38.8910, -33.7667, -33.5722,
        -48.9788, -38.9933, -34.4502, -31.8332, -33.5396, -35.4997],
       device='cuda:0', grad_fn=<ViewBackward0>)
value is tensor([-252., -188., -304., -274., -330., -305., -190., -283., -352., -253.,
        -253., -346., -275., -282., -282., -238., -281., -240., -323., -332.],
       device='cuda:0'), pred value tensor([-167.6402, -174.5788, -236.4700, -210.7644, -183.6806, -191.0683,
        -145.4552, -247.8299, -215.1378, -253.3210, -205.7703, -203.1457,
        -209.9495, -201.0322, -203.6222, -324.5284, -228.9586, -169.5394,
        -176.2515, -226.5725], device='cuda:0', grad_fn=<ViewBackward0>)
value loss is 7978.83544921875, policy loss is 0.030395956709980965, reward loss is 806.9817504882812
reward tensor([-12.,  -5., -70., -43., -62., -22., -20., -44., -64., -40., -88., -72.,
        -43., -93., -23., -56., -55., -50., -88., -62.], device='cuda:0'), pred reward tensor([-37.7065, -35.4035, -59.8098, -39.2022, -52.1469, -57.8304, -50.8344,
        -44.8356, -50.8388, -43.4388, -44.8709, -55.0154, -51.0606, -49.3912,
        -44.4928, -39.4704, -55.6261, -58.9790, -49.6526, -38.7362],
       device='cuda:0', grad_fn=<ViewBackward0>)
value is tensor([-252., -188., -304., -274., -330., -305., -190., -283., -352., -253.,
        -253., -346., -275., -282., -282., -238., -281., -240., -323., -332.],
       device='cuda:0'), pred value tensor([-334.3617, -282.4471, -333.6718, -302.2655, -376.5405, -562.2698,
        -239.2378, -445.8279, -363.1808, -433.8738, -285.4459, -343.3014,
        -230.1218, -302.9594, -305.4886, -304.5517, -329.5318, -360.2775,
        -356.4118, -388.3376], device='cuda:0', grad_fn=<ViewBackward0>)
value loss is 8856.048828125, policy loss is 0.034762874245643616, reward loss is 558.2032470703125
reward tensor([-12.,  -5., -70., -43., -62., -22., -20., -44., -64., -40., -88., -72.,
        -43., -93., -23., -56., -55., -50., -88., -62.], device='cuda:0'), pred reward tensor([-40.8075, -41.8411, -69.4347, -56.7599, -70.7906, -80.3318, -50.8286,
        -42.6415, -45.8822, -62.8202, -53.1383, -68.6246, -52.4248, -49.1110,
        -51.3032, -57.1973, -56.5596, -51.2675, -46.4994, -49.9879],
       device='cuda:0', grad_fn=<ViewBackward0>)
value is tensor([-252., -188., -304., -274., -330., -305., -190., -283., -352., -253.,
        -253., -346., -275., -282., -282., -238., -281., -240., -323., -332.],
       device='cuda:0'), pred value tensor([-280.4433, -371.7405, -472.8534, -322.1284, -404.9101, -488.0532,
        -402.2037, -354.7957, -457.6247, -393.7295, -421.9345, -596.1730,
        -463.0862, -412.8508, -453.2792, -429.0082, -417.8207, -423.1448,
        -474.3439, -441.8671], device='cuda:0', grad_fn=<ViewBackward0>)
value loss is 24117.294921875, policy loss is 0.04793190211057663, reward loss is 678.6436157226562
reward tensor([-12.,  -5., -70., -43., -62., -22., -20., -44., -64., -40., -88., -72.,
        -43., -93., -23., -56., -55., -50., -88., -62.], device='cuda:0'), pred reward tensor([-28.9801, -23.1217, -39.7112, -45.0408, -57.0852, -46.1493, -31.2579,
        -37.7875, -40.8327, -49.6483, -50.5849, -51.2484, -41.4281, -39.7441,
        -44.4665, -48.3341, -46.4276, -52.9595, -41.5036, -36.3807],
       device='cuda:0', grad_fn=<ViewBackward0>)
value is tensor([-252., -188., -304., -274., -330., -305., -190., -283., -352., -253.,
        -253., -346., -275., -282., -282., -238., -281., -240., -323., -332.],
       device='cuda:0'), pred value tensor([-277.1443, -350.9048, -328.8235, -299.9854, -302.4402, -311.1187,
        -276.6756, -192.7118, -379.8203, -227.1231, -298.2032, -287.8820,
        -316.5891, -299.6102, -230.6639, -330.2291, -321.9248, -275.9135,
        -291.4024, -335.5098], device='cuda:0', grad_fn=<ViewBackward0>)
value loss is 3447.228271484375, policy loss is 0.047144439071416855, reward loss is 551.50244140625
reward tensor([-12.,  -5., -70., -43., -62., -22., -20., -44., -64., -40., -88., -72.,
        -43., -93., -23., -56., -55., -50., -88., -62.], device='cuda:0'), pred reward tensor([-21.5073, -13.7291, -54.7564, -44.6325, -44.6884, -49.8081, -31.2639,
        -41.6218, -33.2614, -47.8190, -35.5131, -31.3908, -33.9264, -47.3720,
        -51.3928, -43.0249, -34.7305, -38.9818, -37.8269, -54.1352],
       device='cuda:0', grad_fn=<ViewBackward0>)
value is tensor([-252., -188., -304., -274., -330., -305., -190., -283., -352., -253.,
        -253., -346., -275., -282., -282., -238., -281., -240., -323., -332.],
       device='cuda:0'), pred value tensor([-269.9352, -172.0484, -191.3982, -214.6167, -259.1079, -234.3872,
        -207.5892, -195.2138, -214.4131, -406.1419, -249.8230, -332.7095,
        -221.2463, -192.3645, -310.0387, -204.1025, -148.9296, -157.6639,
        -186.8396, -215.5272], device='cuda:0', grad_fn=<ViewBackward0>)
value loss is 7328.26123046875, policy loss is 0.02775472216308117, reward loss is 663.3651733398438
reward tensor([-12.,  -5., -70., -43., -62., -22., -20., -44., -64., -40., -88., -72.,
        -43., -93., -23., -56., -55., -50., -88., -62.], device='cuda:0'), pred reward tensor([-32.4287, -26.1684, -38.2165, -43.9854, -37.2172, -46.2059, -24.5206,
        -32.0010, -34.0595, -36.3095, -39.7942, -32.7078, -37.2462, -39.9714,
        -37.3631, -31.8004, -28.7752, -35.1216, -40.2715, -45.4697],
       device='cuda:0', grad_fn=<ViewBackward0>)
value is tensor([-252., -188., -304., -274., -330., -305., -190., -283., -352., -253.,
        -253., -346., -275., -282., -282., -238., -281., -240., -323., -332.],
       device='cuda:0'), pred value tensor([-166.7600, -132.0067, -152.1209, -163.7934, -180.1418, -143.9327,
        -150.0841, -136.2190, -193.3001, -179.5582, -171.8363, -181.1303,
        -135.7556, -167.6124, -162.6522, -134.6487, -170.2894, -178.9055,
        -214.9973, -174.2759], device='cuda:0', grad_fn=<ViewBackward0>)
value loss is 14571.533203125, policy loss is 0.013885806314647198, reward loss is 755.8135986328125
reward tensor([-12.,  -5., -70., -43., -62., -22., -20., -44., -64., -40., -88., -72.,
        -43., -93., -23., -56., -55., -50., -88., -62.], device='cuda:0'), pred reward tensor([-26.6494, -24.9194, -37.4773, -30.3112, -39.2648, -46.3437, -22.5009,
        -31.8030, -48.5690, -51.1493, -41.8866, -47.5467, -42.8763, -47.9845,
        -41.6306, -49.4137, -45.5266, -63.5643, -41.9985, -39.5285],
       device='cuda:0', grad_fn=<ViewBackward0>)
value is tensor([-252., -188., -304., -274., -330., -305., -190., -283., -352., -253.,
        -253., -346., -275., -282., -282., -238., -281., -240., -323., -332.],
       device='cuda:0'), pred value tensor([-184.3891, -128.2186, -179.0944, -107.9651, -156.1735, -159.8493,
        -170.9334, -141.0081, -150.4547, -161.8771, -181.0093, -166.9681,
        -158.7801, -115.2102, -113.2985, -238.9415, -154.1635, -129.3816,
        -133.6143, -202.5088], device='cuda:0', grad_fn=<ViewBackward0>)
value loss is 18001.421875, policy loss is 0.01731015555560589, reward loss is 574.6605224609375
reward tensor([-12.,  -5., -70., -43., -62., -22., -20., -44., -64., -40., -88., -72.,
        -43., -93., -23., -56., -55., -50., -88., -62.], device='cuda:0'), pred reward tensor([-30.5730, -36.2496, -35.5448, -39.1562, -69.1171, -49.0693, -38.8785,
        -44.6917, -54.0026, -40.3071, -64.6086, -51.0772, -45.7662, -52.0221,
        -46.0001, -63.0544, -54.7087, -37.6640, -56.8111, -69.2765],
       device='cuda:0', grad_fn=<ViewBackward0>)
value is tensor([-252., -188., -304., -274., -330., -305., -190., -283., -352., -253.,
        -253., -346., -275., -282., -282., -238., -281., -240., -323., -332.],
       device='cuda:0'), pred value tensor([-218.8739, -117.9008, -137.6687, -127.0431, -133.3365, -157.7427,
        -161.9167, -191.1585, -223.2160, -217.1694, -199.5505, -199.2504,
        -211.5427, -174.0988, -150.4326, -161.0249, -123.9638, -147.9406,
        -147.8737, -206.9555], device='cuda:0', grad_fn=<ViewBackward0>)
value loss is 14273.259765625, policy loss is 0.052666716277599335, reward loss is 409.6119079589844
reward tensor([-12.,  -5., -70., -43., -62., -22., -20., -44., -64., -40., -88., -72.,
        -43., -93., -23., -56., -55., -50., -88., -62.], device='cuda:0'), pred reward tensor([ -74.2636,  -59.5485,  -62.3311,  -60.8746,  -76.7725,  -86.2227,
         -42.0787,  -44.6067,  -71.1038,  -63.4873,  -66.4103,  -65.7892,
         -57.0286,  -72.8630,  -59.5835,  -58.7078,  -62.1679,  -82.0375,
        -105.4505,  -65.1592], device='cuda:0', grad_fn=<ViewBackward0>)
value is tensor([-252., -188., -304., -274., -330., -305., -190., -283., -352., -253.,
        -253., -346., -275., -282., -282., -238., -281., -240., -323., -332.],
       device='cuda:0'), pred value tensor([-196.0522, -172.6219, -205.2850, -233.0821, -361.4364, -217.2384,
        -182.7376, -235.2774, -244.1783, -287.8867, -240.3039, -206.9652,
        -148.8715, -237.4665, -262.9093, -185.5002, -371.4565, -185.1670,
        -223.7308, -239.1501], device='cuda:0', grad_fn=<ViewBackward0>)
value loss is 5440.87060546875, policy loss is 0.04628973454236984, reward loss is 825.4142456054688
reward tensor([-12.,  -5., -70., -43., -62., -22., -20., -44., -64., -40., -88., -72.,
        -43., -93., -23., -56., -55., -50., -88., -62.], device='cuda:0'), pred reward tensor([ -67.6981,  -50.5685,  -84.6764,  -98.6221,  -76.3378,  -87.1727,
         -37.9546,  -63.5787,  -80.5739,  -80.6347,  -79.6554,  -82.2551,
         -81.2219,  -66.1811,  -65.4326, -114.1676,  -80.9491,  -72.6861,
         -82.8246,  -79.1553], device='cuda:0', grad_fn=<ViewBackward0>)
value is tensor([-252., -188., -304., -274., -330., -305., -190., -283., -352., -253.,
        -253., -346., -275., -282., -282., -238., -281., -240., -323., -332.],
       device='cuda:0'), pred value tensor([-270.5249, -256.7848, -273.7934, -358.7962, -498.1111, -268.6091,
        -392.7506, -370.5923, -359.2983, -274.9505, -264.5479, -283.5107,
        -370.1247, -243.3974, -395.7346, -312.1442, -271.2077, -287.6028,
        -309.3206, -312.4860], device='cuda:0', grad_fn=<ViewBackward0>)
value loss is 6400.9091796875, policy loss is 0.06513640284538269, reward loss is 1231.033447265625
reward tensor([-12.,  -5., -70., -43., -62., -22., -20., -44., -64., -40., -88., -72.,
        -43., -93., -23., -56., -55., -50., -88., -62.], device='cuda:0'), pred reward tensor([-58.1269, -47.1375, -62.1979, -69.0055, -60.9574, -67.3834, -52.7209,
        -80.5738, -68.9902, -70.0576, -70.9619, -68.7599, -74.9304, -73.3389,
        -89.5339, -58.9256, -62.8430, -70.6830, -74.2085, -59.3663],
       device='cuda:0', grad_fn=<ViewBackward0>)
value is tensor([-252., -188., -304., -274., -330., -305., -190., -283., -352., -253.,
        -253., -346., -275., -282., -282., -238., -281., -240., -323., -332.],
       device='cuda:0'), pred value tensor([-279.0637, -335.3921, -280.7702, -347.8639, -331.1022, -346.7730,
        -285.1072, -498.9243, -319.9748, -426.3939, -341.7119, -385.4719,
        -299.7403, -322.1829, -353.9214, -457.4006, -272.6142, -354.9272,
        -413.7969, -303.5658], device='cuda:0', grad_fn=<ViewBackward0>)
value loss is 10212.6689453125, policy loss is 0.06933995336294174, reward loss is 843.3234252929688
reward tensor([-12.,  -5., -70., -43., -62., -22., -20., -44., -64., -40., -88., -72.,
        -43., -93., -23., -56., -55., -50., -88., -62.], device='cuda:0'), pred reward tensor([-34.2065, -37.8879, -48.5442, -38.1702, -58.4383, -49.5508, -46.1667,
        -45.0668, -46.9442, -58.4921, -48.2118, -46.5947, -46.5175, -40.7893,
        -71.0470, -66.3228, -47.6019, -41.0482, -42.4350, -50.0548],
       device='cuda:0', grad_fn=<ViewBackward0>)
value is tensor([-252., -188., -304., -274., -330., -305., -190., -283., -352., -253.,
        -253., -346., -275., -282., -282., -238., -281., -240., -323., -332.],
       device='cuda:0'), pred value tensor([-325.6743, -333.7600, -439.3542, -241.7098, -308.5586, -360.2386,
        -261.2354, -264.9842, -295.0565, -369.5174, -313.5058, -335.8380,
        -216.7160, -355.0174, -298.5347, -390.8261, -239.8520, -368.9026,
        -327.5614, -299.5453], device='cuda:0', grad_fn=<ViewBackward0>)
value loss is 6363.56982421875, policy loss is 0.04347986727952957, reward loss is 694.2249145507812
reward tensor([-12.,  -5., -70., -43., -62., -22., -20., -44., -64., -40., -88., -72.,
        -43., -93., -23., -56., -55., -50., -88., -62.], device='cuda:0'), pred reward tensor([-15.8448, -18.8348, -32.6523, -27.4981, -30.2732, -31.1043, -24.7395,
        -29.7629, -30.8913, -28.2520, -28.9459, -35.0026, -32.4825, -30.2164,
        -27.8997, -22.9761, -27.8843, -27.3239, -39.6404, -30.7268],
       device='cuda:0', grad_fn=<ViewBackward0>)
value is tensor([-252., -188., -304., -274., -330., -305., -190., -283., -352., -253.,
        -253., -346., -275., -282., -282., -238., -281., -240., -323., -332.],
       device='cuda:0'), pred value tensor([-308.0446, -259.6440, -315.4552, -259.6327, -271.1790, -341.1173,
        -231.8138, -169.6358, -293.6611, -267.2478, -302.1572, -290.1227,
        -230.1062, -290.8691, -412.8724, -236.1127, -260.3541, -272.9913,
        -397.2863, -194.2451], device='cuda:0', grad_fn=<ViewBackward0>)
value loss is 4117.78271484375, policy loss is 0.028014468029141426, reward loss is 948.9740600585938
reward tensor([-12.,  -5., -70., -43., -62., -22., -20., -44., -64., -40., -88., -72.,
        -43., -93., -23., -56., -55., -50., -88., -62.], device='cuda:0'), pred reward tensor([ -5.8820, -10.3208, -24.6908, -20.5245, -24.6684, -25.0667, -14.7298,
        -20.6626, -22.7886, -26.0165, -25.2363, -22.4399, -28.0740, -26.0554,
        -28.4416, -17.3593, -24.1561, -20.1639, -25.2165, -25.2508],
       device='cuda:0', grad_fn=<ViewBackward0>)
value is tensor([-252., -188., -304., -274., -330., -305., -190., -283., -352., -253.,
        -253., -346., -275., -282., -282., -238., -281., -240., -323., -332.],
       device='cuda:0'), pred value tensor([-322.6801, -167.1580, -212.3249, -256.2913, -215.9375, -193.7139,
        -218.1336, -265.9939, -241.1060, -238.2297, -215.4081, -248.0148,
        -227.3309, -296.5868, -240.7962, -287.2134, -210.9612, -294.7591,
        -225.6068, -373.3580], device='cuda:0', grad_fn=<ViewBackward0>)
value loss is 4492.90966796875, policy loss is 0.03063550963997841, reward loss is 1312.4793701171875
reward tensor([-12.,  -5., -70., -43., -62., -22., -20., -44., -64., -40., -88., -72.,
        -43., -93., -23., -56., -55., -50., -88., -62.], device='cuda:0'), pred reward tensor([-11.5155,  -9.8183, -27.1694, -25.0532, -23.8435, -23.7187, -21.1426,
        -20.8632, -18.9920, -28.0752, -24.9363, -24.0029, -19.1159, -24.5253,
        -24.2242, -21.7046, -24.2816, -21.8269, -24.8139, -23.5559],
       device='cuda:0', grad_fn=<ViewBackward0>)
value is tensor([-252., -188., -304., -274., -330., -305., -190., -283., -352., -253.,
        -253., -346., -275., -282., -282., -238., -281., -240., -323., -332.],
       device='cuda:0'), pred value tensor([-175.1900, -226.7409, -222.5959, -218.6419, -249.8933, -190.2441,
        -150.0046, -224.6495, -208.0167, -297.3248, -277.2390, -249.7150,
        -167.2015, -181.6777, -161.1309, -202.5411, -184.6357, -171.4495,
        -233.3870, -227.8052], device='cuda:0', grad_fn=<ViewBackward0>)
value loss is 7233.02197265625, policy loss is 0.07028817385435104, reward loss is 1313.4420166015625
reward tensor([-12.,  -5., -70., -43., -62., -22., -20., -44., -64., -40., -88., -72.,
        -43., -93., -23., -56., -55., -50., -88., -62.], device='cuda:0'), pred reward tensor([-15.8435,  -9.1210, -24.9932, -22.4032, -31.4912, -28.8847, -18.0600,
        -22.4148, -21.9178, -25.5433, -28.4029, -21.6996, -31.1410, -28.7345,
        -25.2647, -23.4825, -23.2961, -22.3127, -31.1074, -25.6812],
       device='cuda:0', grad_fn=<ViewBackward0>)
value is tensor([-252., -188., -304., -274., -330., -305., -190., -283., -352., -253.,
        -253., -346., -275., -282., -282., -238., -281., -240., -323., -332.],
       device='cuda:0'), pred value tensor([-173.8219, -192.8946, -192.7131, -191.5993, -218.1593, -191.8915,
        -182.7671, -177.2094, -203.0180, -211.1412, -229.9453, -255.5051,
        -227.5011, -156.5896, -174.2502, -287.6225, -294.3873, -189.6989,
        -267.7343, -220.9300], device='cuda:0', grad_fn=<ViewBackward0>)
value loss is 7234.07568359375, policy loss is 0.04021662846207619, reward loss is 1182.6038818359375
reward tensor([-12.,  -5., -70., -43., -62., -22., -20., -44., -64., -40., -88., -72.,
        -43., -93., -23., -56., -55., -50., -88., -62.], device='cuda:0'), pred reward tensor([-18.3994, -19.7246, -29.5588, -29.0169, -36.9319, -34.4870, -11.8171,
        -29.3302, -25.5609, -40.3492, -30.3075, -37.9497, -30.5429, -38.0177,
        -31.8013, -33.8288, -32.0958, -28.2227, -42.0220, -33.6696],
       device='cuda:0', grad_fn=<ViewBackward0>)
value is tensor([-252., -188., -304., -274., -330., -305., -190., -283., -352., -253.,
        -253., -346., -275., -282., -282., -238., -281., -240., -323., -332.],
       device='cuda:0'), pred value tensor([-293.2387, -226.2644, -299.6234, -231.8156, -173.7471, -243.8780,
        -159.3082, -225.2294, -289.3567, -262.1582, -178.0485, -271.5071,
        -148.4696, -208.6372, -225.8067, -238.2209, -195.3727, -291.2234,
        -225.0391, -210.9976], device='cuda:0', grad_fn=<ViewBackward0>)
value loss is 5565.61669921875, policy loss is 0.039470184594392776, reward loss is 839.1752319335938
reward tensor([-12.,  -5., -70., -43., -62., -22., -20., -44., -64., -40., -88., -72.,
        -43., -93., -23., -56., -55., -50., -88., -62.], device='cuda:0'), pred reward tensor([-29.9529, -30.4248, -55.3945, -52.1208, -47.4139, -59.0078, -32.3745,
        -52.3729, -45.1457, -49.1421, -46.8259, -50.3863, -43.7138, -53.7080,
        -40.6815, -59.1206, -47.1249, -42.9835, -50.8545, -45.4016],
       device='cuda:0', grad_fn=<ViewBackward0>)
value is tensor([-252., -188., -304., -274., -330., -305., -190., -283., -352., -253.,
        -253., -346., -275., -282., -282., -238., -281., -240., -323., -332.],
       device='cuda:0'), pred value tensor([-302.0562, -220.7738, -263.2057, -301.3512, -225.1927, -246.3919,
        -222.7742, -257.6049, -346.8228, -228.4312, -222.1089, -339.5773,
        -283.6570, -236.5122, -205.9321, -271.1315, -239.1760, -247.7023,
        -212.7620, -244.7823], device='cuda:0', grad_fn=<ViewBackward0>)
value loss is 2717.625, policy loss is 0.04273402318358421, reward loss is 465.28009033203125
kl:0.00000,lr_multiplier:11.391,loss:3182.94775390625,entropy:0.0008327729301527143,explained_var_old:0.124,explained_var_new:-0.462
state_batch: [<state.MappingState object at 0x7f94ace35d00>, <state.MappingState object at 0x7f94ac113640>, <state.MappingState object at 0x7f94e0a520d0>, <state.MappingState object at 0x7f94e01442b0>, <state.MappingState object at 0x7f949c797880>, <state.MappingState object at 0x7f94946fa700>, <state.MappingState object at 0x7f949c797880>, <state.MappingState object at 0x7f94ace35d00>, <state.MappingState object at 0x7f94e0d09c40>, <state.MappingState object at 0x7f949c797880>, <state.MappingState object at 0x7f94a4262c70>, <state.MappingState object at 0x7f949c703580>, <state.MappingState object at 0x7f94ac113640>, <state.MappingState object at 0x7f94ac0fd820>, <state.MappingState object at 0x7f94e0a520d0>, <state.MappingState object at 0x7f94ac0fd820>, <state.MappingState object at 0x7f94a4262c70>, <state.MappingState object at 0x7f94e01442b0>, <state.MappingState object at 0x7f949c797880>, <state.MappingState object at 0x7f94e0d09c40>]
value loss is 39325.0, policy loss is 10.211341857910156
value loss is 22675.515625, policy loss is 10.326360702514648
value loss is 6087.91943359375, policy loss is 10.03975772857666
value loss is 5532.1796875, policy loss is 10.104155540466309
value loss is 11652.796875, policy loss is 10.331016540527344
value loss is 15761.4755859375, policy loss is 10.266779899597168
value loss is 18215.349609375, policy loss is 10.133101463317871
value loss is 20597.224609375, policy loss is 10.012070655822754
value loss is 20180.115234375, policy loss is 9.202892303466797
value loss is 19583.220703125, policy loss is 8.46838665008545
value loss is 19397.599609375, policy loss is 8.558205604553223
value loss is 18692.458984375, policy loss is 8.593794822692871
value loss is 16705.068359375, policy loss is 9.121057510375977
value loss is 13899.7880859375, policy loss is 9.235663414001465
value loss is 11672.2626953125, policy loss is 9.200179100036621
value loss is 7510.5205078125, policy loss is 9.521591186523438
value loss is 4691.02490234375, policy loss is 8.952909469604492
value loss is 6842.67578125, policy loss is 8.234098434448242
value loss is 8296.6904296875, policy loss is 7.0484209060668945
value loss is 8683.515625, policy loss is 5.601758003234863
kl:0.00058,lr_multiplier:11.391,loss:8689.1171875,entropy:0.2002018243074417,explained_var_old:-0.425,explained_var_new:0.053
current batch: 19
313
Mask initialization completed successfully
action type is <class 'numpy.int64'>
pre_reward is 0
WARNING: the state has no route legal actions
action type is <class 'numpy.int64'>
pre_reward is -1
WARNING: the state has no route legal actions
action type is <class 'numpy.int64'>
pre_reward is -2
WARNING: the state has no route legal actions
action type is <class 'numpy.int64'>
pre_reward is -3
WARNING: the state has no route legal actions
action type is <class 'numpy.int64'>
pre_reward is -4
WARNING: the state has no route legal actions
pre_reward is -5
cur reward is 50
pre_reward is -55
cur reward is 42
pre_reward is -97
cur reward is 51
pre_reward is -148
WARNING: the state don't need to route actions
pre_reward is -189
cur reward is 5
WARNING: the state has no legal actions
cur move is -1
the mapping is success
current latency: 194.0
313
Mask initialization completed successfully
action type is <class 'numpy.int64'>
pre_reward is 0
WARNING: the state has no route legal actions
action type is <class 'numpy.int64'>
pre_reward is -1
WARNING: the state has no route legal actions
action type is <class 'numpy.int64'>
pre_reward is -2
WARNING: the state has no route legal actions
action type is <class 'numpy.int64'>
pre_reward is -3
WARNING: the state has no route legal actions
action type is <class 'numpy.int64'>
pre_reward is -4
WARNING: the state has no route legal actions
pre_reward is -5
WARNING: the state don't need to route actions
pre_reward is -62
cur reward is 94
pre_reward is -156
cur reward is 13
pre_reward is -169
WARNING: the state don't need to route actions
pre_reward is -208
cur reward is 7
WARNING: the state has no legal actions
cur move is -1
the mapping is success
collect data... | current latency: -215
reward tensor([ -22.,  -40.,  -14.,  -72.,  -11., -109.,  -27.,  -38.,  -83.,  -40.,
          -5.,  -70.,  -78.,   -5.,  -44.,  -72.,  -43.,  -51.,  -72.,  -68.],
       device='cuda:0'), pred reward tensor([-35.0881, -31.7269, -15.8224, -37.7273, -13.6852, -37.5280, -34.8133,
        -19.4274, -27.8258, -35.0728, -16.9287, -35.3050, -35.9657, -10.1966,
        -23.5797, -32.4408, -34.4221, -24.4220, -31.2235, -36.9037],
       device='cuda:0', grad_fn=<ViewBackward0>)
value is tensor([-305., -254., -281., -353., -366., -315., -324., -254., -283., -253.,
        -222., -304., -284., -188., -283., -330., -251., -256., -346., -314.],
       device='cuda:0'), pred value tensor([-213.9802, -169.2718, -209.7348, -170.8178, -201.6109, -250.6901,
        -235.2087, -179.1560, -176.2585, -156.8804, -142.9060, -186.2523,
        -254.5179, -195.0149, -187.9495, -200.2055, -212.1281, -209.7702,
        -182.6576, -181.3668], device='cuda:0', grad_fn=<ViewBackward0>)
value loss is 10692.5458984375, policy loss is 0.05261950567364693, reward loss is 926.9556884765625
reward tensor([ -22.,  -40.,  -14.,  -72.,  -11., -109.,  -27.,  -38.,  -83.,  -40.,
          -5.,  -70.,  -78.,   -5.,  -44.,  -72.,  -43.,  -51.,  -72.,  -68.],
       device='cuda:0'), pred reward tensor([-42.0958, -54.2198, -29.6489, -49.1457, -31.7952, -49.2601, -45.7035,
        -35.1394, -53.4558, -53.2173, -26.5635, -48.1252, -47.5005, -20.4752,
        -53.8371, -49.9094, -58.4043, -35.8574, -51.5981, -53.1447],
       device='cuda:0', grad_fn=<ViewBackward0>)
value is tensor([-305., -254., -281., -353., -366., -315., -324., -254., -283., -253.,
        -222., -304., -284., -188., -283., -330., -251., -256., -346., -314.],
       device='cuda:0'), pred value tensor([-209.3579, -182.3794, -176.5643, -269.3377, -232.9503, -290.8320,
        -294.5446, -214.5464, -238.4438, -173.7036, -189.3658, -272.5019,
        -196.0027, -164.1618, -255.0809, -290.7445, -232.8849, -184.9350,
        -251.0962, -230.4937], device='cuda:0', grad_fn=<ViewBackward0>)
value loss is 4760.73046875, policy loss is 0.05714612826704979, reward loss is 529.0787963867188
reward tensor([ -22.,  -40.,  -14.,  -72.,  -11., -109.,  -27.,  -38.,  -83.,  -40.,
          -5.,  -70.,  -78.,   -5.,  -44.,  -72.,  -43.,  -51.,  -72.,  -68.],
       device='cuda:0'), pred reward tensor([-66.6477, -87.5442, -46.6244, -78.5147, -51.4693, -87.6338, -65.2711,
        -50.9557, -62.7757, -55.0991, -51.8384, -62.8125, -74.4434, -57.7796,
        -65.7325, -87.3598, -55.5426, -64.4128, -71.9408, -77.8417],
       device='cuda:0', grad_fn=<ViewBackward0>)
value is tensor([-305., -254., -281., -353., -366., -315., -324., -254., -283., -253.,
        -222., -304., -284., -188., -283., -330., -251., -256., -346., -314.],
       device='cuda:0'), pred value tensor([-285.4777, -257.1830, -297.3974, -292.4414, -258.6900, -321.9555,
        -250.5779, -261.3676, -290.8694, -254.9272, -255.8952, -321.1678,
        -273.5142, -307.4933, -268.0200, -300.3442, -235.9874, -259.3829,
        -254.4851, -265.6852], device='cuda:0', grad_fn=<ViewBackward0>)
value loss is 2464.2119140625, policy loss is 0.046779245138168335, reward loss is 795.5309448242188
reward tensor([ -22.,  -40.,  -14.,  -72.,  -11., -109.,  -27.,  -38.,  -83.,  -40.,
          -5.,  -70.,  -78.,   -5.,  -44.,  -72.,  -43.,  -51.,  -72.,  -68.],
       device='cuda:0'), pred reward tensor([ -79.4658,  -88.3202,  -54.1330,  -94.2429,  -63.1291,  -87.7367,
         -79.5231,  -58.4059, -106.3804,  -74.8031,  -49.5976, -111.2117,
         -96.7600,  -43.4527,  -81.9898,  -85.5434,  -86.9178,  -65.0975,
         -96.3160,  -84.6997], device='cuda:0', grad_fn=<ViewBackward0>)
value is tensor([-305., -254., -281., -353., -366., -315., -324., -254., -283., -253.,
        -222., -304., -284., -188., -283., -330., -251., -256., -346., -314.],
       device='cuda:0'), pred value tensor([-291.5162, -413.6040, -321.9091, -336.9137, -312.2770, -378.8949,
        -374.4285, -335.1333, -382.0486, -259.8444, -221.4626, -325.0182,
        -275.3229, -266.2824, -250.7857, -287.5588, -279.7664, -294.0892,
        -309.8174, -347.4816], device='cuda:0', grad_fn=<ViewBackward0>)
value loss is 3386.619873046875, policy loss is 0.06927504390478134, reward loss is 1299.3656005859375
reward tensor([ -22.,  -40.,  -14.,  -72.,  -11., -109.,  -27.,  -38.,  -83.,  -40.,
          -5.,  -70.,  -78.,   -5.,  -44.,  -72.,  -43.,  -51.,  -72.,  -68.],
       device='cuda:0'), pred reward tensor([-58.7355, -89.3534, -49.1174, -74.4629, -40.9027, -67.3039, -78.1265,
        -39.5034, -85.4064, -76.1152, -47.3907, -62.2290, -69.1552, -38.1312,
        -67.5012, -61.4908, -77.7592, -56.7574, -64.1540, -70.9817],
       device='cuda:0', grad_fn=<ViewBackward0>)
value is tensor([-305., -254., -281., -353., -366., -315., -324., -254., -283., -253.,
        -222., -304., -284., -188., -283., -330., -251., -256., -346., -314.],
       device='cuda:0'), pred value tensor([-407.5322, -365.2601, -395.3127, -322.1684, -472.4574, -257.2907,
        -315.3863, -237.7033, -294.5778, -387.6371, -273.8982, -416.8992,
        -299.7166, -355.6214, -380.2454, -405.1420, -306.2195, -279.6580,
        -235.6466, -376.5240], device='cuda:0', grad_fn=<ViewBackward0>)
value loss is 7437.8369140625, policy loss is 0.08429442346096039, reward loss is 829.5687866210938
reward tensor([ -22.,  -40.,  -14.,  -72.,  -11., -109.,  -27.,  -38.,  -83.,  -40.,
          -5.,  -70.,  -78.,   -5.,  -44.,  -72.,  -43.,  -51.,  -72.,  -68.],
       device='cuda:0'), pred reward tensor([-52.3388, -45.5246, -24.8353, -46.4130, -27.5652, -55.0813, -46.6567,
        -28.5265, -38.9479, -40.0223, -28.1586, -48.7119, -40.7856, -22.0739,
        -47.3981, -52.3535, -50.2015, -48.1672, -38.9116, -50.4327],
       device='cuda:0', grad_fn=<ViewBackward0>)
value is tensor([-305., -254., -281., -353., -366., -315., -324., -254., -283., -253.,
        -222., -304., -284., -188., -283., -330., -251., -256., -346., -314.],
       device='cuda:0'), pred value tensor([-261.6810, -321.6783, -315.0220, -327.8428, -243.6118, -371.7504,
        -300.1786, -309.8074, -375.9692, -360.0852, -301.2879, -306.8987,
        -415.5266, -223.6200, -384.6725, -282.2775, -282.0679, -288.6557,
        -263.2282, -294.1002], device='cuda:0', grad_fn=<ViewBackward0>)
value loss is 4849.78515625, policy loss is 0.059932857751846313, reward loss is 592.4109497070312
reward tensor([ -22.,  -40.,  -14.,  -72.,  -11., -109.,  -27.,  -38.,  -83.,  -40.,
          -5.,  -70.,  -78.,   -5.,  -44.,  -72.,  -43.,  -51.,  -72.,  -68.],
       device='cuda:0'), pred reward tensor([-34.3715, -31.0822, -15.1762, -31.2706,  -6.8071, -35.0925, -31.6407,
        -15.8664, -27.7326, -30.2816, -11.4205, -27.4395, -35.4037,  -9.1613,
        -30.2475, -33.9888, -31.5786, -25.0858, -34.8938, -34.6979],
       device='cuda:0', grad_fn=<ViewBackward0>)
value is tensor([-305., -254., -281., -353., -366., -315., -324., -254., -283., -253.,
        -222., -304., -284., -188., -283., -330., -251., -256., -346., -314.],
       device='cuda:0'), pred value tensor([-217.6541, -276.8893, -322.0610, -265.5246, -271.3370, -279.4477,
        -235.2998, -306.0634, -230.4516, -278.5134, -257.1234, -241.5601,
        -277.3073, -322.3175, -233.6253, -266.0841, -353.5288, -285.9811,
        -320.8240, -261.9844], device='cuda:0', grad_fn=<ViewBackward0>)
value loss is 4309.93896484375, policy loss is 0.06945287436246872, reward loss is 981.9685668945312
reward tensor([ -22.,  -40.,  -14.,  -72.,  -11., -109.,  -27.,  -38.,  -83.,  -40.,
          -5.,  -70.,  -78.,   -5.,  -44.,  -72.,  -43.,  -51.,  -72.,  -68.],
       device='cuda:0'), pred reward tensor([-29.2342, -25.8324,  -9.7888, -27.8651,  -4.7890, -26.1749, -25.5454,
        -10.8248, -27.1705, -27.4491,  -7.7358, -30.3877, -24.3178,  -7.7624,
        -21.4008, -23.8883, -24.6675, -20.9919, -29.1423, -30.8973],
       device='cuda:0', grad_fn=<ViewBackward0>)
value is tensor([-305., -254., -281., -353., -366., -315., -324., -254., -283., -253.,
        -222., -304., -284., -188., -283., -330., -251., -256., -346., -314.],
       device='cuda:0'), pred value tensor([-229.6277, -280.0550, -261.5809, -299.6817, -326.4623, -334.9773,
        -307.8054, -300.6791, -236.9516, -229.6270, -203.8543, -289.8750,
        -216.3231, -256.2177, -227.0359, -319.9079, -276.5554, -243.4113,
        -253.9661, -329.9434], device='cuda:0', grad_fn=<ViewBackward0>)
value loss is 1959.1239013671875, policy loss is 0.03670531138777733, reward loss is 1243.6881103515625
reward tensor([ -22.,  -40.,  -14.,  -72.,  -11., -109.,  -27.,  -38.,  -83.,  -40.,
          -5.,  -70.,  -78.,   -5.,  -44.,  -72.,  -43.,  -51.,  -72.,  -68.],
       device='cuda:0'), pred reward tensor([-28.2388, -34.7522, -10.3598, -34.5770, -13.2380, -35.6030, -28.7735,
        -12.6517, -30.7007, -32.0072, -11.0839, -31.8672, -29.7983,  -5.9558,
        -25.8480, -32.6013, -32.4549, -33.7954, -32.4711, -33.6054],
       device='cuda:0', grad_fn=<ViewBackward0>)
value is tensor([-305., -254., -281., -353., -366., -315., -324., -254., -283., -253.,
        -222., -304., -284., -188., -283., -330., -251., -256., -346., -314.],
       device='cuda:0'), pred value tensor([-248.9392, -209.2905, -356.0716, -268.8731, -200.8335, -249.9599,
        -215.4350, -308.4525, -258.0965, -201.7596, -243.6752, -314.6592,
        -217.7542, -199.1061, -208.2975, -218.4380, -272.4152, -264.7939,
        -268.3270, -211.9514], device='cuda:0', grad_fn=<ViewBackward0>)
value loss is 5373.35009765625, policy loss is 0.02570851519703865, reward loss is 958.3511962890625
reward tensor([ -22.,  -40.,  -14.,  -72.,  -11., -109.,  -27.,  -38.,  -83.,  -40.,
          -5.,  -70.,  -78.,   -5.,  -44.,  -72.,  -43.,  -51.,  -72.,  -68.],
       device='cuda:0'), pred reward tensor([-40.0918, -30.2384, -19.7185, -55.1506, -27.8757, -41.6384, -36.5509,
        -29.2028, -35.1389, -38.1413, -23.9352, -54.2253, -35.9031, -14.3814,
        -34.5464, -42.1000, -37.2307, -37.3506, -40.1663, -42.8120],
       device='cuda:0', grad_fn=<ViewBackward0>)
value is tensor([-305., -254., -281., -353., -366., -315., -324., -254., -283., -253.,
        -222., -304., -284., -188., -283., -330., -251., -256., -346., -314.],
       device='cuda:0'), pred value tensor([-235.8443, -239.5186, -228.2873, -258.7964, -196.9009, -269.6208,
        -276.2231, -265.8322, -256.5184, -165.8674, -264.9930, -204.7942,
        -199.1574, -255.2335, -247.7870, -249.0794, -197.0490, -191.5953,
        -253.9538, -296.0610], device='cuda:0', grad_fn=<ViewBackward0>)
value loss is 5253.24169921875, policy loss is 0.01327159907668829, reward loss is 667.13330078125
reward tensor([ -22.,  -40.,  -14.,  -72.,  -11., -109.,  -27.,  -38.,  -83.,  -40.,
          -5.,  -70.,  -78.,   -5.,  -44.,  -72.,  -43.,  -51.,  -72.,  -68.],
       device='cuda:0'), pred reward tensor([-50.7120, -58.2237, -27.7338, -54.6407, -41.6383, -66.2867, -50.1419,
        -38.2260, -69.3903, -55.7117, -42.3465, -67.8648, -63.0849, -35.1726,
        -43.7536, -50.6542, -47.8968, -46.3599, -61.7699, -62.4196],
       device='cuda:0', grad_fn=<ViewBackward0>)
value is tensor([-305., -254., -281., -353., -366., -315., -324., -254., -283., -253.,
        -222., -304., -284., -188., -283., -330., -251., -256., -346., -314.],
       device='cuda:0'), pred value tensor([-266.4306, -248.7942, -269.6931, -282.8892, -354.7320, -254.7166,
        -236.5962, -490.7387, -275.2327, -253.0886, -246.9270, -292.8644,
        -237.9548, -243.8087, -277.1210, -229.8324, -256.2444, -246.4929,
        -262.1795, -263.7769], device='cuda:0', grad_fn=<ViewBackward0>)
value loss is 4988.92333984375, policy loss is 0.01193886250257492, reward loss is 427.3211975097656
reward tensor([ -22.,  -40.,  -14.,  -72.,  -11., -109.,  -27.,  -38.,  -83.,  -40.,
          -5.,  -70.,  -78.,   -5.,  -44.,  -72.,  -43.,  -51.,  -72.,  -68.],
       device='cuda:0'), pred reward tensor([-68.2299, -88.6194, -50.1578, -73.6806, -43.0329, -78.5031, -69.2018,
        -58.7426, -74.8242, -76.0432, -55.0000, -84.9443, -70.5500, -35.1117,
        -62.4659, -66.8219, -66.1574, -70.1106, -76.8933, -73.8073],
       device='cuda:0', grad_fn=<ViewBackward0>)
value is tensor([-305., -254., -281., -353., -366., -315., -324., -254., -283., -253.,
        -222., -304., -284., -188., -283., -330., -251., -256., -346., -314.],
       device='cuda:0'), pred value tensor([-236.2948, -323.1620, -243.8094, -268.8107, -430.6273, -253.7507,
        -272.5040, -242.4339, -264.5985, -321.8268, -221.2337, -254.4474,
        -208.0141, -237.6688, -277.8588, -275.2135, -297.2574, -255.1685,
        -302.7345, -260.9336], device='cuda:0', grad_fn=<ViewBackward0>)
value loss is 2715.878173828125, policy loss is 0.014661965891718864, reward loss is 817.8560791015625
reward tensor([ -22.,  -40.,  -14.,  -72.,  -11., -109.,  -27.,  -38.,  -83.,  -40.,
          -5.,  -70.,  -78.,   -5.,  -44.,  -72.,  -43.,  -51.,  -72.,  -68.],
       device='cuda:0'), pred reward tensor([-72.5127, -89.1566, -60.2785, -88.6576, -65.2376, -82.6799, -76.9932,
        -53.2118, -79.4757, -92.2025, -54.3909, -76.9382, -71.0997, -42.4109,
        -62.1797, -94.1279, -77.7410, -71.8603, -74.5673, -83.2794],
       device='cuda:0', grad_fn=<ViewBackward0>)
value is tensor([-305., -254., -281., -353., -366., -315., -324., -254., -283., -253.,
        -222., -304., -284., -188., -283., -330., -251., -256., -346., -314.],
       device='cuda:0'), pred value tensor([-349.2723, -287.1389, -297.0570, -341.5331, -341.7446, -295.3774,
        -324.0507, -362.1179, -327.2461, -315.8247, -371.9541, -297.2841,
        -252.9733, -280.6185, -329.0699, -334.2785, -323.4990, -240.4050,
        -336.8815, -440.2604], device='cuda:0', grad_fn=<ViewBackward0>)
value loss is 3887.607177734375, policy loss is 0.02007891796529293, reward loss is 1156.3431396484375
reward tensor([ -22.,  -40.,  -14.,  -72.,  -11., -109.,  -27.,  -38.,  -83.,  -40.,
          -5.,  -70.,  -78.,   -5.,  -44.,  -72.,  -43.,  -51.,  -72.,  -68.],
       device='cuda:0'), pred reward tensor([-79.9904, -73.9659, -50.2789, -84.9334, -57.5126, -66.7937, -63.1960,
        -54.2453, -72.6689, -61.3069, -27.6734, -66.8379, -68.0543, -48.1175,
        -68.4714, -69.1440, -66.2753, -50.5793, -74.6063, -78.2861],
       device='cuda:0', grad_fn=<ViewBackward0>)
value is tensor([-305., -254., -281., -353., -366., -315., -324., -254., -283., -253.,
        -222., -304., -284., -188., -283., -330., -251., -256., -346., -314.],
       device='cuda:0'), pred value tensor([-289.2889, -387.4750, -279.4340, -251.4846, -481.2939, -310.9191,
        -245.4190, -260.5223, -274.7664, -283.5918, -262.3728, -327.8340,
        -354.3612, -310.1874, -274.8507, -408.7279, -303.5024, -311.4583,
        -301.6979, -243.2697], device='cuda:0', grad_fn=<ViewBackward0>)
value loss is 4502.06494140625, policy loss is 0.03397004306316376, reward loss is 791.1603393554688
reward tensor([ -22.,  -40.,  -14.,  -72.,  -11., -109.,  -27.,  -38.,  -83.,  -40.,
          -5.,  -70.,  -78.,   -5.,  -44.,  -72.,  -43.,  -51.,  -72.,  -68.],
       device='cuda:0'), pred reward tensor([-61.2735, -66.0886, -40.8732, -60.8682, -35.0794, -69.8659, -53.3295,
        -34.5304, -55.2988, -47.6377, -23.8620, -44.5249, -43.5107, -18.0013,
        -48.6322, -58.1194, -44.0058, -45.6495, -41.8363, -61.0484],
       device='cuda:0', grad_fn=<ViewBackward0>)
value is tensor([-305., -254., -281., -353., -366., -315., -324., -254., -283., -253.,
        -222., -304., -284., -188., -283., -330., -251., -256., -346., -314.],
       device='cuda:0'), pred value tensor([-325.1529, -281.4085, -317.9110, -234.0352, -281.6967, -315.9286,
        -323.5541, -346.0540, -234.2004, -426.2415, -266.8344, -306.6606,
        -238.0177, -253.3539, -270.3405, -382.8072, -318.1895, -275.1992,
        -236.4645, -312.3341], device='cuda:0', grad_fn=<ViewBackward0>)
value loss is 4644.19384765625, policy loss is 0.023907817900180817, reward loss is 513.8307495117188
reward tensor([ -22.,  -40.,  -14.,  -72.,  -11., -109.,  -27.,  -38.,  -83.,  -40.,
          -5.,  -70.,  -78.,   -5.,  -44.,  -72.,  -43.,  -51.,  -72.,  -68.],
       device='cuda:0'), pred reward tensor([-35.3529, -44.0585, -27.2915, -45.0371, -18.2825, -40.5609, -42.5283,
        -25.4887, -39.9128, -36.7191, -16.7630, -34.7807, -38.6397, -16.5472,
        -37.5705, -40.1414, -34.7704, -31.2886, -42.1588, -41.9687],
       device='cuda:0', grad_fn=<ViewBackward0>)
value is tensor([-305., -254., -281., -353., -366., -315., -324., -254., -283., -253.,
        -222., -304., -284., -188., -283., -330., -251., -256., -346., -314.],
       device='cuda:0'), pred value tensor([-282.0268, -300.7034, -213.8557, -352.0714, -289.9273, -328.4102,
        -249.0133, -304.6890, -216.6043, -342.4760, -206.0722, -267.7862,
        -264.8713, -208.8310, -240.1270, -298.0490, -262.2006, -298.2203,
        -279.4160, -307.8841], device='cuda:0', grad_fn=<ViewBackward0>)
value loss is 2269.729736328125, policy loss is 0.021001625806093216, reward loss is 712.1173095703125
reward tensor([ -22.,  -40.,  -14.,  -72.,  -11., -109.,  -27.,  -38.,  -83.,  -40.,
          -5.,  -70.,  -78.,   -5.,  -44.,  -72.,  -43.,  -51.,  -72.,  -68.],
       device='cuda:0'), pred reward tensor([-37.7022, -35.0163, -11.8295, -36.3824, -11.4861, -39.3771, -37.6864,
        -19.0441, -31.3302, -34.9511, -17.5656, -32.5827, -32.7827,  -4.2276,
        -28.1301, -39.4754, -32.0959, -29.3566, -38.4690, -32.2352],
       device='cuda:0', grad_fn=<ViewBackward0>)
value is tensor([-305., -254., -281., -353., -366., -315., -324., -254., -283., -253.,
        -222., -304., -284., -188., -283., -330., -251., -256., -346., -314.],
       device='cuda:0'), pred value tensor([-303.2581, -226.8654, -320.8994, -261.3781, -277.9431, -178.7732,
        -207.3614, -359.3299, -289.4684, -240.9870, -210.0370, -299.4640,
        -262.1638, -226.9177, -214.6066, -229.1722, -221.2927, -267.1550,
        -242.6212, -196.6551], device='cuda:0', grad_fn=<ViewBackward0>)
value loss is 5219.28271484375, policy loss is 0.02858016826212406, reward loss is 873.2369384765625
reward tensor([ -22.,  -40.,  -14.,  -72.,  -11., -109.,  -27.,  -38.,  -83.,  -40.,
          -5.,  -70.,  -78.,   -5.,  -44.,  -72.,  -43.,  -51.,  -72.,  -68.],
       device='cuda:0'), pred reward tensor([-35.1464, -31.8485,  -9.6776, -36.7519, -17.6032, -37.5488, -30.4886,
        -14.0895, -30.5790, -32.7236, -12.0812, -35.7023, -33.7991, -10.4455,
        -26.5860, -40.5813, -36.9664, -30.1157, -34.2693, -33.1814],
       device='cuda:0', grad_fn=<ViewBackward0>)
value is tensor([-305., -254., -281., -353., -366., -315., -324., -254., -283., -253.,
        -222., -304., -284., -188., -283., -330., -251., -256., -346., -314.],
       device='cuda:0'), pred value tensor([-267.6722, -296.2800, -243.4459, -228.6482, -250.2504, -261.0688,
        -200.9213, -186.8742, -291.4014, -292.7533, -230.2388, -256.8124,
        -203.1688, -198.9155, -271.8640, -287.9869, -273.1649, -249.7780,
        -249.7775, -316.1599], device='cuda:0', grad_fn=<ViewBackward0>)
value loss is 3914.81494140625, policy loss is 0.023907378315925598, reward loss is 882.138671875
reward tensor([ -22.,  -40.,  -14.,  -72.,  -11., -109.,  -27.,  -38.,  -83.,  -40.,
          -5.,  -70.,  -78.,   -5.,  -44.,  -72.,  -43.,  -51.,  -72.,  -68.],
       device='cuda:0'), pred reward tensor([-41.7691, -37.2048, -17.3789, -34.1271, -14.7462, -41.1243, -36.9084,
        -30.2775, -33.2305, -31.9874, -14.0571, -36.6377, -34.9498, -11.6482,
        -33.8708, -36.0518, -38.4564, -31.5798, -40.0785, -32.2138],
       device='cuda:0', grad_fn=<ViewBackward0>)
value is tensor([-305., -254., -281., -353., -366., -315., -324., -254., -283., -253.,
        -222., -304., -284., -188., -283., -330., -251., -256., -346., -314.],
       device='cuda:0'), pred value tensor([-315.5931, -228.6255, -258.7647, -255.0620, -235.8302, -282.2396,
        -292.3908, -299.5870, -240.0159, -264.5767, -212.3291, -235.9671,
        -287.3857, -231.2883, -262.3364, -262.5932, -281.7245, -298.0004,
        -281.9125, -315.9297], device='cuda:0', grad_fn=<ViewBackward0>)
value loss is 2615.7841796875, policy loss is 0.02293235808610916, reward loss is 817.4730834960938
reward tensor([ -22.,  -40.,  -14.,  -72.,  -11., -109.,  -27.,  -38.,  -83.,  -40.,
          -5.,  -70.,  -78.,   -5.,  -44.,  -72.,  -43.,  -51.,  -72.,  -68.],
       device='cuda:0'), pred reward tensor([-47.1856, -43.1405, -20.5699, -47.2900, -21.4111, -42.3815, -40.4999,
        -25.1774, -38.5363, -51.7581, -26.3610, -56.0012, -50.5533, -17.0237,
        -39.0935, -44.6233, -50.1509, -44.8996, -47.8449, -47.4316],
       device='cuda:0', grad_fn=<ViewBackward0>)
value is tensor([-305., -254., -281., -353., -366., -315., -324., -254., -283., -253.,
        -222., -304., -284., -188., -283., -330., -251., -256., -346., -314.],
       device='cuda:0'), pred value tensor([-302.2066, -289.2225, -276.5876, -254.8954, -287.3678, -349.0742,
        -234.0751, -269.5868, -286.9017, -220.6142, -214.7853, -268.1001,
        -183.2771, -252.4969, -260.3596, -346.8388, -332.0988, -275.6203,
        -334.1926, -258.1368], device='cuda:0', grad_fn=<ViewBackward0>)
value loss is 2714.699951171875, policy loss is 0.023644709959626198, reward loss is 586.2439575195312
kl:0.00003,lr_multiplier:11.391,loss:3300.967529296875,entropy:2.237373155367095e-05,explained_var_old:-0.708,explained_var_new:-1.098
state_batch: [<state.MappingState object at 0x7f949c0d5760>, <state.MappingState object at 0x7f94ac0fc3a0>, <state.MappingState object at 0x7f94ac4515e0>, <state.MappingState object at 0x7f94ac523940>, <state.MappingState object at 0x7f94a4518880>, <state.MappingState object at 0x7f949c1ea250>, <state.MappingState object at 0x7f94a4262c70>, <state.MappingState object at 0x7f949c703580>, <state.MappingState object at 0x7f94ac0fc3a0>, <state.MappingState object at 0x7f949c797880>, <state.MappingState object at 0x7f94e0bed9d0>, <state.MappingState object at 0x7f94ac4515e0>, <state.MappingState object at 0x7f949c703580>, <state.MappingState object at 0x7f94ace35d00>, <state.MappingState object at 0x7f94ace35d00>, <state.MappingState object at 0x7f949c1ea250>, <state.MappingState object at 0x7f94e01442b0>, <state.MappingState object at 0x7f949c0d5760>, <state.MappingState object at 0x7f949c703580>, <state.MappingState object at 0x7f949c797880>]
value loss is 38703.69921875, policy loss is 13.667237281799316
value loss is 17992.888671875, policy loss is 10.726150512695312
value loss is 7702.7158203125, policy loss is 11.000322341918945
value loss is 8658.3173828125, policy loss is 11.427244186401367
value loss is 11158.3310546875, policy loss is 11.634729385375977
value loss is 14046.0302734375, policy loss is 11.771708488464355
value loss is 16280.056640625, policy loss is 11.849410057067871
value loss is 17150.6796875, policy loss is 11.871703147888184
value loss is 17841.64453125, policy loss is 11.863402366638184
value loss is 18793.765625, policy loss is 11.8551664352417
value loss is 18447.912109375, policy loss is 11.845763206481934
value loss is 18334.89453125, policy loss is 11.835402488708496
value loss is 17362.361328125, policy loss is 11.823851585388184
value loss is 16186.9189453125, policy loss is 11.811251640319824
value loss is 16288.3984375, policy loss is 11.79769515991211
value loss is 14350.8232421875, policy loss is 11.78313159942627
value loss is 12702.369140625, policy loss is 11.767497062683105
value loss is 9927.353515625, policy loss is 11.750731468200684
value loss is 7429.93701171875, policy loss is 11.73277759552002
value loss is 7235.58154296875, policy loss is 11.713579177856445
kl:0.00061,lr_multiplier:11.391,loss:7247.294921875,entropy:2.1256015300750732,explained_var_old:-0.673,explained_var_new:0.014
current batch: 20
313
Mask initialization completed successfully
action type is <class 'numpy.int64'>
pre_reward is 0
WARNING: the state has no route legal actions
action type is <class 'numpy.int64'>
pre_reward is -1
WARNING: the state has no route legal actions
action type is <class 'numpy.int64'>
pre_reward is -2
WARNING: the state has no route legal actions
action type is <class 'numpy.int64'>
pre_reward is -3
WARNING: the state has no route legal actions
action type is <class 'numpy.int64'>
pre_reward is -4
WARNING: the state has no route legal actions
pre_reward is -5
cur reward is 201
pre_reward is -206
WARNING: the state don't need to route actions
pre_reward is -285
WARNING: the state don't need to route actions
pre_reward is -309
WARNING: the state don't need to route actions
pre_reward is -369
WARNING: the state don't need to route actions
WARNING: the state has no legal actions
cur move is -1
the mapping is success
current latency: 386.0
training...        ━━━━━━━━━━━━━━━━━━━━━━━━━━━━━━━━━━━━━━━━ 100% 0:00:00
collecting data... ━━━━━━━━━━━━━━━━━━━━━━━━━━━━━━━━━━━━━━━━ 100% 0:00:00
/root/wafer-compiler/mapper/net.py:333: UserWarning: Creating a tensor from a list of numpy.ndarrays is extremely slow. Please consider converting the list to a single numpy.ndarray with numpy.array() before converting to a tensor. (Triggered internally at /opt/conda/conda-bld/pytorch_1724789259345/work/torch/csrc/utils/tensor_new.cpp:278.)
  batch_state, torch.FloatTensor(batch_mask).unsqueeze(1).to(self.device)
